Department Family,Entity,Date,Expense Type,Expense Area,Supplier,Transaction Number,AP Amount,Description,Purchase Invoice Number
Department of Health,NHS East & North Hertfordshire CCG,10/31/2020,C&M-APMS Contract Value,PRC DELEGATED CO-COMMISSIONING,12 POINT CARE LTD,34165801,"46,430.06",C&M-APMS Contract Value,HT000050555
Department of Health,NHS East & North Hertfordshire CCG,10/31/2020,C&M-APMS PCO Other,PRC DELEGATED CO-COMMISSIONING,12 POINT CARE LTD,34165801,"3,399.00",C&M-APMS PCO Other,HT000050555
Department of Health,NHS East & North Hertfordshire CCG,10/31/2020,C&M-APMS Prem Water Rates,PRC DELEGATED CO-COMMISSIONING,12 POINT CARE LTD,34165801,153.48,C&M-APMS Prem Water Rates,HT000050555
Department of Health,NHS East & North Hertfordshire CCG,10/31/2020,C&M-PMS QOF Aspiration,PRC DELEGATED CO-COMMISSIONING,12 POINT CARE LTD,34165801,"3,318.47",C&M-PMS QOF Aspiration,HT000050555
Department of Health,NHS East & North Hertfordshire CCG,10/31/2020,Clinical&Medical-Clinical Other,GP FORWARD VIEW,12 POINT CARE LTD,34243468,"35,477.06",Clinical&Medical-Clinical Other,FSEN1020033
Department of Health,NHS East & North Hertfordshire CCG,10/31/2020,C&M-GMS DES Minor Surgery,PRC DELEGATED CO-COMMISSIONING,AMWELL STREET SURGERY,34378977,846.67,C&M-GMS DES Minor Surgery,HT000050729
Department of Health,NHS East & North Hertfordshire CCG,10/31/2020,C&M-GMS Global Sum,PRC DELEGATED CO-COMMISSIONING,AMWELL STREET SURGERY,34378977,"91,106.67",C&M-GMS Global Sum,HT000050729
Department of Health,NHS East & North Hertfordshire CCG,10/31/2020,C&M-GMS Prem Water Rates,PRC DELEGATED CO-COMMISSIONING,AMWELL STREET SURGERY,34378977,"2,352.18",C&M-GMS Prem Water Rates,HT000050729
Department of Health,NHS East & North Hertfordshire CCG,10/31/2020,Computer Software/License,PRIMARY CARE IT,ARDENS HEALTH INFORMATICS LTD,34386279,"35,824.13",Computer Software/License,133
Department of Health,NHS East & North Hertfordshire CCG,10/31/2020,C&M-GMS DES Minor Surgery,PRC DELEGATED CO-COMMISSIONING,ASHWELL SURGERY,34378973,"1,926.94",C&M-GMS DES Minor Surgery,HT000050725
Department of Health,NHS East & North Hertfordshire CCG,10/31/2020,C&M-GMS Global Sum,PRC DELEGATED CO-COMMISSIONING,ASHWELL SURGERY,34378973,"61,755.20",C&M-GMS Global Sum,HT000050725
Department of Health,NHS East & North Hertfordshire CCG,10/31/2020,C&M-GMS Cost of Drugs -Dispensing,LOCAL ENHANCED SERVICES,ASHWELL SURGERY,34395309,"-24,838.17",C&M-GMS Cost of Drugs -Dispensing,HT000050930
Department of Health,NHS East & North Hertfordshire CCG,10/31/2020,C&M-GMS PrscChrgsCll&RmttdbyGPCntra,PRC DELEGATED CO-COMMISSIONING,ASHWELL SURGERY,34395309,"-1,692.75",C&M-GMS PrscChrgsCll&RmttdbyGPCntra,HT000050930
Department of Health,NHS East & North Hertfordshire CCG,10/31/2020,C&M-GMS Cost of Drugs -Dispensing,LOCAL ENHANCED SERVICES,ASHWELL SURGERY,34395310,"51,546.86",C&M-GMS Cost of Drugs -Dispensing,HT000050931
Department of Health,NHS East & North Hertfordshire CCG,10/31/2020,C&M-GMS Prof Fees Dispensing,PRC DELEGATED CO-COMMISSIONING,ASHWELL SURGERY,34395310,"9,275.04",C&M-GMS Prof Fees Dispensing,HT000050931
Department of Health,NHS East & North Hertfordshire CCG,10/31/2020,C&M-GMS PrscrptnChrgsColl&RmttdbyGP,LOCAL ENHANCED SERVICES,ASHWELL SURGERY,34395310,"1,692.75",C&M-GMS PrscrptnChrgsColl&RmttdbyGP,HT000050931
Department of Health,NHS East & North Hertfordshire CCG,10/31/2020,C&M-GMS DES Minor Surgery,PRC DELEGATED CO-COMMISSIONING,BANCROFT MEDICAL CENTRE,34379064,"8,131.48",C&M-GMS DES Minor Surgery,HT000050816
Department of Health,NHS East & North Hertfordshire CCG,10/31/2020,C&M-GMS Global Sum,PRC DELEGATED CO-COMMISSIONING,BANCROFT MEDICAL CENTRE,34379064,"126,875.38",C&M-GMS Global Sum,HT000050816
Department of Health,NHS East & North Hertfordshire CCG,10/31/2020,Hcare Srv Rec NHS Trust-Contract Baseline,ACUTE COMMISSIONING,BARKING HAVERING AND REDBRIDGE HOSPITALS NHS TRUST,34202178,"49,231.00",Hcare Srv Rec NHS Trust-Contract Baseline,06KBP112001
Department of Health,NHS East & North Hertfordshire CCG,10/31/2020,Hcare Srv Rec NHS Trust-Contract Baseline,ACUTE COMMISSIONING,BARTS HEALTH NHS TRUST,34202179,"136,842.00",Hcare Srv Rec NHS Trust-Contract Baseline,06KBP112002
Department of Health,NHS East & North Hertfordshire CCG,10/31/2020,C&M-GMS GP Statutory Levy,PRC DELEGATED CO-COMMISSIONING,BEDFORDSHIRE AND HERTFORDSHIRE LMC LTD (STAT LEVY),34224580,"64,610.04",C&M-GMS GP Statutory Levy,107137-29-SEP-2020
Department of Health,NHS East & North Hertfordshire CCG,10/31/2020,C&M-GMS Voluntary Levy,PRC DELEGATED CO-COMMISSIONING,BEDFORDSHIRE AND HERTFORDSHIRE LMC LTD (STAT LEVY),34224580,"4,405.29",C&M-GMS Voluntary Levy,107137-29-SEP-2020
Department of Health,NHS East & North Hertfordshire CCG,10/31/2020,C&M-PMS GP Statutory Levy,PRC DELEGATED CO-COMMISSIONING,BEDFORDSHIRE AND HERTFORDSHIRE LMC LTD (STAT LEVY),34224580,"2,525.27",C&M-PMS GP Statutory Levy,107137-29-SEP-2020
Department of Health,NHS East & North Hertfordshire CCG,10/31/2020,C&M-PMS Voluntary Levy,PRC DELEGATED CO-COMMISSIONING,BEDFORDSHIRE AND HERTFORDSHIRE LMC LTD (STAT LEVY),34224580,172.19,C&M-PMS Voluntary Levy,107137-29-SEP-2020
Department of Health,NHS East & North Hertfordshire CCG,10/31/2020,Hcare Srv Rec Fdtn Trust-Contract Baseline,ACUTE COMMISSIONING,BEDFORDSHIRE HOSPITAL FOUNDATION TRUST,34202181,"33,582.00",Hcare Srv Rec Fdtn Trust-Contract Baseline,06KBP112004
Department of Health,NHS East & North Hertfordshire CCG,10/31/2020,Hcare Srv Rec Fdtn Trust-Contract Baseline,ACUTE COMMISSIONING,BEDFORDSHIRE HOSPITAL FOUNDATION TRUST,34202194,"215,530.00",Hcare Srv Rec Fdtn Trust-Contract Baseline,06KBP112015
Department of Health,NHS East & North Hertfordshire CCG,10/31/2020,C&M-GMS DES Minor Surgery,PRC DELEGATED CO-COMMISSIONING,BEDWELL MEDICAL CENTRE,34378975,700.64,C&M-GMS DES Minor Surgery,HT000050727
Department of Health,NHS East & North Hertfordshire CCG,10/31/2020,C&M-GMS Global Sum,PRC DELEGATED CO-COMMISSIONING,BEDWELL MEDICAL CENTRE,34378975,"91,501.31",C&M-GMS Global Sum,HT000050727
Department of Health,NHS East & North Hertfordshire CCG,10/31/2020,C&M-GMS DES Minor Surgery,PRC DELEGATED CO-COMMISSIONING,BIRCHWOOD SURGERY,34378979,"1,707.86",C&M-GMS DES Minor Surgery,HT000050731
Department of Health,NHS East & North Hertfordshire CCG,10/31/2020,C&M-GMS Global Sum,PRC DELEGATED CO-COMMISSIONING,BIRCHWOOD SURGERY,34378979,"96,291.75",C&M-GMS Global Sum,HT000050731
Department of Health,NHS East & North Hertfordshire CCG,10/31/2020,C&M-GMS Prem Actual Rent,PRC DELEGATED CO-COMMISSIONING,BIRCHWOOD SURGERY,34378979,"8,113.42",C&M-GMS Prem Actual Rent,HT000050731
Department of Health,NHS East & North Hertfordshire CCG,10/31/2020,C&M-GMS Prem Healthcentre Rent,PRC DELEGATED CO-COMMISSIONING,BIRCHWOOD SURGERY,34378979,501.92,C&M-GMS Prem Healthcentre Rent,HT000050731
Department of Health,NHS East & North Hertfordshire CCG,10/31/2020,C&M-GMS QOF Aspiration,PRC DELEGATED CO-COMMISSIONING,BIRCHWOOD SURGERY,34378979,267.51,C&M-GMS QOF Aspiration,HT000050731
Department of Health,NHS East & North Hertfordshire CCG,10/31/2020,Clinical&Medical-Independent Sector - Prior Year,ACUTE COMMISSIONING,BMI HEALTHCARE LTD,34235095,"27,050.23",Clinical&Medical-Independent Sector - Prior Year,032CQUIN192006K
Department of Health,NHS East & North Hertfordshire CCG,10/31/2020,Clinical&Medical-Voluntary Sector,COMMUNITY SERVICES,BPAS,34221387,"29,751.19",Clinical&Medical-Voluntary Sector,45311
Department of Health,NHS East & North Hertfordshire CCG,10/31/2020,C&M-GMS PCO Doctors Ret Scheme,PRC DELEGATED CO-COMMISSIONING,BRIDGE COTTAGE SURGERY,34378984,"-11,307.24",C&M-GMS PCO Doctors Ret Scheme,HT000050736
Department of Health,NHS East & North Hertfordshire CCG,10/31/2020,C&M-GMS PCO Locum Adop/Pat/Mat,PRC DELEGATED CO-COMMISSIONING,BRIDGE COTTAGE SURGERY,34378984,"-36,261.12",C&M-GMS PCO Locum Adop/Pat/Mat,HT000050736
Department of Health,NHS East & North Hertfordshire CCG,10/31/2020,ME - GMS GP Prior Year ERs,PRC DELEGATED CO-COMMISSIONING,BRIDGE COTTAGE SURGERY,34378984,"-1,025.91",ME - GMS GP Prior Year ERs,HT000050736
Department of Health,NHS East & North Hertfordshire CCG,10/31/2020,ME-GMS GP Pension EEs,PRC DELEGATED CO-COMMISSIONING,BRIDGE COTTAGE SURGERY,34378984,"-18,716.76",ME-GMS GP Pension EEs,HT000050736
Department of Health,NHS East & North Hertfordshire CCG,10/31/2020,ME-GMS GP Pension ERs Adjustments,PRC DELEGATED CO-COMMISSIONING,BRIDGE COTTAGE SURGERY,34378984,"-18,416.99",ME-GMS GP Pension ERs Adjustments,HT000050736
Department of Health,NHS East & North Hertfordshire CCG,10/31/2020,ME-GMS GP Prior Year EEs,PRC DELEGATED CO-COMMISSIONING,BRIDGE COTTAGE SURGERY,34378984,-567.3,ME-GMS GP Prior Year EEs,HT000050736
Department of Health,NHS East & North Hertfordshire CCG,10/31/2020,C&M-GMS DES Minor Surgery,PRC DELEGATED CO-COMMISSIONING,BRIDGE COTTAGE SURGERY,34378985,"1,678.63",C&M-GMS DES Minor Surgery,HT000050737
Department of Health,NHS East & North Hertfordshire CCG,10/31/2020,C&M-GMS Global Sum,PRC DELEGATED CO-COMMISSIONING,BRIDGE COTTAGE SURGERY,34378985,"119,191.26",C&M-GMS Global Sum,HT000050737
Department of Health,NHS East & North Hertfordshire CCG,10/31/2020,C&M-GMS DES Minor Surgery,PRC DELEGATED CO-COMMISSIONING,BUNTINGFORD MEDICAL CENTRE,34378981,"1,284.64",C&M-GMS DES Minor Surgery,HT000050733
Department of Health,NHS East & North Hertfordshire CCG,10/31/2020,C&M-GMS Global Sum,PRC DELEGATED CO-COMMISSIONING,BUNTINGFORD MEDICAL CENTRE,34378981,"86,268.37",C&M-GMS Global Sum,HT000050733
Department of Health,NHS East & North Hertfordshire CCG,10/31/2020,C&M-GMS Prem Water Rates,PRC DELEGATED CO-COMMISSIONING,BUNTINGFORD MEDICAL CENTRE,34378981,278.45,C&M-GMS Prem Water Rates,HT000050733
Department of Health,NHS East & North Hertfordshire CCG,10/31/2020,Cont Care- Adult 100% Fully Funded,CHC ADULT FULLY FUNDED,BUPA CARE HOMES,34150098,"20,614.43",Cont Care- Adult 100% Fully Funded,TPC018971
Department of Health,NHS East & North Hertfordshire CCG,10/31/2020,Cont Care- Palliative Care,CHC ADULT FULLY FUNDED,BUPA CARE HOMES,34150098,"19,043.42",Cont Care- Palliative Care,TPC018971
Department of Health,NHS East & North Hertfordshire CCG,10/31/2020,Cont Care-Physical Disab (65+),CHC ADULT FULLY FUNDED,BUPA CARE HOMES,34150098,"4,406.46",Cont Care-Physical Disab (65+),TPC018971
Department of Health,NHS East & North Hertfordshire CCG,10/31/2020,C&M-GMS DES Minor Surgery,PRC DELEGATED CO-COMMISSIONING,BURVILL HOUSE SURGERY,34378983,934.24,C&M-GMS DES Minor Surgery,HT000050735
Department of Health,NHS East & North Hertfordshire CCG,10/31/2020,C&M-GMS Global Sum,PRC DELEGATED CO-COMMISSIONING,BURVILL HOUSE SURGERY,34378983,"77,817.94",C&M-GMS Global Sum,HT000050735
Department of Health,NHS East & North Hertfordshire CCG,10/31/2020,C&M-GMS Other FDR Payment,PRC DELEGATED CO-COMMISSIONING,BURVILL HOUSE SURGERY,34378983,996.47,C&M-GMS Other FDR Payment,HT000050735
Department of Health,NHS East & North Hertfordshire CCG,10/31/2020,C&M-GMS PCO Locum Adop/Pat/Mat,PRC DELEGATED CO-COMMISSIONING,BURVILL HOUSE SURGERY,34378983,"1,954.60",C&M-GMS PCO Locum Adop/Pat/Mat,HT000050735
Department of Health,NHS East & North Hertfordshire CCG,10/31/2020,C&M-GMS PCO Locum Sickness,PRC DELEGATED CO-COMMISSIONING,BURVILL HOUSE SURGERY,34378983,"3,503.04",C&M-GMS PCO Locum Sickness,HT000050735
Department of Health,NHS East & North Hertfordshire CCG,10/31/2020,Hcare Srv Rec Fdtn Trust-Contract Baseline,ACUTE COMMISSIONING,CAMBRIDGE UNIVERSITY HOSPITALS NHS FOUNDATION TRUST,34202182,"1,632,283.00",Hcare Srv Rec Fdtn Trust-Contract Baseline,06KBP112005
Department of Health,NHS East & North Hertfordshire CCG,10/31/2020,Clinical&Medical-Independent Sector - Prior Year,NCAS/OATS,CATARACT CENTRE,34294047,"61,761.00",Clinical&Medical-Independent Sector - Prior Year,06K1920
Department of Health,NHS East & North Hertfordshire CCG,10/31/2020,Clinical&Medical-Independent Sector - Prior Year,NCAS/OATS,CATARACT CENTRE,34331599,"32,774.00",Clinical&Medical-Independent Sector - Prior Year,518
Department of Health,NHS East & North Hertfordshire CCG,10/31/2020,Clinical&Medical-Independent Sector - Prior Year,NCAS/OATS,CATARACT CENTRE,34331601,"61,993.00",Clinical&Medical-Independent Sector - Prior Year,520
Department of Health,NHS East & North Hertfordshire CCG,10/31/2020,C&M-GMS DES Minor Surgery,PRC DELEGATED CO-COMMISSIONING,CHELLS WAY SURGERY,34378987,"1,824.58",C&M-GMS DES Minor Surgery,HT000050739
Department of Health,NHS East & North Hertfordshire CCG,10/31/2020,C&M-GMS Global Sum,PRC DELEGATED CO-COMMISSIONING,CHELLS WAY SURGERY,34378987,"102,282.46",C&M-GMS Global Sum,HT000050739
Department of Health,NHS East & North Hertfordshire CCG,10/31/2020,C&M-GMS DES Minor Surgery,PRC DELEGATED CO-COMMISSIONING,CHURCH STREET SURGERY BISHOPS STORT,34378989,"1,138.70",C&M-GMS DES Minor Surgery,HT000050741
Department of Health,NHS East & North Hertfordshire CCG,10/31/2020,C&M-GMS Global Sum,PRC DELEGATED CO-COMMISSIONING,CHURCH STREET SURGERY BISHOPS STORT,34378989,"101,685.60",C&M-GMS Global Sum,HT000050741
Department of Health,NHS East & North Hertfordshire CCG,10/31/2020,C&M-GMS DES Minor Surgery,PRC DELEGATED CO-COMMISSIONING,CROMWELL MEDICAL CENTRE,34378991,481.69,C&M-GMS DES Minor Surgery,HT000050743
Department of Health,NHS East & North Hertfordshire CCG,10/31/2020,C&M-GMS Global Sum,PRC DELEGATED CO-COMMISSIONING,CROMWELL MEDICAL CENTRE,34378991,"57,800.94",C&M-GMS Global Sum,HT000050743
Department of Health,NHS East & North Hertfordshire CCG,10/31/2020,C&M-GMS DES Minor Surgery,PRC DELEGATED CO-COMMISSIONING,CUFFLEY & GOFFS OAK MEDICAL PRACTICE,34378993,"2,233.48",C&M-GMS DES Minor Surgery,HT000050745
Department of Health,NHS East & North Hertfordshire CCG,10/31/2020,C&M-GMS Global Sum,PRC DELEGATED CO-COMMISSIONING,CUFFLEY & GOFFS OAK MEDICAL PRACTICE,34378993,"93,129.52",C&M-GMS Global Sum,HT000050745
Department of Health,NHS East & North Hertfordshire CCG,10/31/2020,C&M-GMS QOF Aspiration,PRC DELEGATED CO-COMMISSIONING,CUFFLEY & GOFFS OAK MEDICAL PRACTICE,34378993,16.56,C&M-GMS QOF Aspiration,HT000050745
Department of Health,NHS East & North Hertfordshire CCG,10/31/2020,C&M-GMS DES Minor Surgery,PRC DELEGATED CO-COMMISSIONING,DOLPHIN HOUSE SURGERY,34378995,"3,868.36",C&M-GMS DES Minor Surgery,HT000050747
Department of Health,NHS East & North Hertfordshire CCG,10/31/2020,C&M-GMS Global Sum,PRC DELEGATED CO-COMMISSIONING,DOLPHIN HOUSE SURGERY,34378995,"97,069.58",C&M-GMS Global Sum,HT000050747
Department of Health,NHS East & North Hertfordshire CCG,10/31/2020,C&M-GMS PCO Locum Adop/Pat/Mat,PRC DELEGATED CO-COMMISSIONING,DOLPHIN HOUSE SURGERY,34378995,"10,479.30",C&M-GMS PCO Locum Adop/Pat/Mat,HT000050747
Department of Health,NHS East & North Hertfordshire CCG,10/31/2020,Hcare Srv Rec NHS Trust-Contract Baseline,ACUTE COMMISSIONING,EAST AND NORTH HERTFORDSHIRE NHS TRUST,34202183,"21,757,227.00",Hcare Srv Rec NHS Trust-Contract Baseline,06KBP112006
Department of Health,NHS East & North Hertfordshire CCG,10/31/2020,Hcare Srv Rec NHS Trust-Contract Baseline,AMBULANCE SERVICES,EAST OF ENGLAND AMBULANCE SERVICE NHS TRUST,34202184,"2,195,350.00",Hcare Srv Rec NHS Trust-Contract Baseline,06KBP112007
Department of Health,NHS East & North Hertfordshire CCG,10/31/2020,Clinical&Medical-Clinical Other,GP FORWARD VIEW,EPHEDRA HEALTHCARE LTD,34243477,"40,690.83",Clinical&Medical-Clinical Other,FSEN1020037
Department of Health,NHS East & North Hertfordshire CCG,10/31/2020,Hcare Srv Rec Fdtn Trust-Contract Baseline,COMMUNITY SERVICES,ESSEX PARTNERSHIP UNIVERSITY NHS FT,34202185,"79,387.00",Hcare Srv Rec Fdtn Trust-Contract Baseline,06KBP112008
Department of Health,NHS East & North Hertfordshire CCG,10/31/2020,Cont Care- Adult 100% Fully Funded,CHC ADULT FULLY FUNDED,FINECARE HOMES (STEVENAGE),34331495,"63,771.43",Cont Care- Adult 100% Fully Funded,D2AOCT2020
Department of Health,NHS East & North Hertfordshire CCG,10/31/2020,C&M-GMS DES Minor Surgery,PRC DELEGATED CO-COMMISSIONING,GARDEN CITY PRACTICE,34378997,"2,496.30",C&M-GMS DES Minor Surgery,HT000050749
Department of Health,NHS East & North Hertfordshire CCG,10/31/2020,C&M-GMS Global Sum,PRC DELEGATED CO-COMMISSIONING,GARDEN CITY PRACTICE,34378997,"72,853.92",C&M-GMS Global Sum,HT000050749
Department of Health,NHS East & North Hertfordshire CCG,10/31/2020,C&M-GMS Other FDR Payment,PRC DELEGATED CO-COMMISSIONING,GARDEN CITY PRACTICE,34378997,"1,514.35",C&M-GMS Other FDR Payment,HT000050749
Department of Health,NHS East & North Hertfordshire CCG,10/31/2020,C&M-GMS DES Minor Surgery,PRC DELEGATED CO-COMMISSIONING,GARDEN CITY SURGERY,34378999,87.58,C&M-GMS DES Minor Surgery,HT000050751
Department of Health,NHS East & North Hertfordshire CCG,10/31/2020,C&M-GMS Global Sum,PRC DELEGATED CO-COMMISSIONING,GARDEN CITY SURGERY,34378999,"54,143.00",C&M-GMS Global Sum,HT000050751
Department of Health,NHS East & North Hertfordshire CCG,10/31/2020,C&M-GMS QOF Aspiration,PRC DELEGATED CO-COMMISSIONING,GARDEN CITY SURGERY,34378999,346.52,C&M-GMS QOF Aspiration,HT000050751
Department of Health,NHS East & North Hertfordshire CCG,10/31/2020,Clinical&Medical-Clinical Other,GP FORWARD VIEW,GENERATING HEALTHCARE LTD,34243478,"42,593.18",Clinical&Medical-Clinical Other,FSEN1020038
Department of Health,NHS East & North Hertfordshire CCG,10/31/2020,Hcare Srv Rec Fdtn Trust-Contract Baseline,ACUTE COMMISSIONING,GREAT ORMOND STREET HOSPITAL FOR CHILDREN NHS FOUNDATION TRUST,34202186,"68,193.00",Hcare Srv Rec Fdtn Trust-Contract Baseline,06KBP112009
Department of Health,NHS East & North Hertfordshire CCG,10/31/2020,Hcare Srv Rec Fdtn Trust-Contract Baseline,ACUTE COMMISSIONING,GUYS & ST THOMAS HOSPITAL NHS FOUNDATION TRUST,34202187,"178,420.00",Hcare Srv Rec Fdtn Trust-Contract Baseline,06KBP112010
Department of Health,NHS East & North Hertfordshire CCG,10/31/2020,C&M-GMS DES Minor Surgery,PRC DELEGATED CO-COMMISSIONING,HAILEY VIEW SURGERY,34379001,"3,868.56",C&M-GMS DES Minor Surgery,HT000050753
Department of Health,NHS East & North Hertfordshire CCG,10/31/2020,C&M-GMS Global Sum,PRC DELEGATED CO-COMMISSIONING,HAILEY VIEW SURGERY,34379001,"71,019.77",C&M-GMS Global Sum,HT000050753
Department of Health,NHS East & North Hertfordshire CCG,10/31/2020,C&M-GMS PCO Doctors Ret Scheme,PRC DELEGATED CO-COMMISSIONING,HAILEY VIEW SURGERY,34379001,"1,923.00",C&M-GMS PCO Doctors Ret Scheme,HT000050753
Department of Health,NHS East & North Hertfordshire CCG,10/31/2020,C&M-GMS Prem Water Rates,PRC DELEGATED CO-COMMISSIONING,HAILEY VIEW SURGERY,34379001,"1,211.14",C&M-GMS Prem Water Rates,HT000050753
Department of Health,NHS East & North Hertfordshire CCG,10/31/2020,ME - GMS TPS Added Years Adj EEs,PRC DELEGATED CO-COMMISSIONING,HALL GROVE SURGERY,34379003,"-1,075.84",ME - GMS TPS Added Years Adj EEs,HT000050755
Department of Health,NHS East & North Hertfordshire CCG,10/31/2020,ME-GMS GP Pension EEs,PRC DELEGATED CO-COMMISSIONING,HALL GROVE SURGERY,34379003,"-12,085.42",ME-GMS GP Pension EEs,HT000050755
Department of Health,NHS East & North Hertfordshire CCG,10/31/2020,ME-GMS GP Pension ERs Adjustments,PRC DELEGATED CO-COMMISSIONING,HALL GROVE SURGERY,34379003,"-12,153.02",ME-GMS GP Pension ERs Adjustments,HT000050755
Department of Health,NHS East & North Hertfordshire CCG,10/31/2020,C&M-GMS DES Minor Surgery,PRC DELEGATED CO-COMMISSIONING,HALL GROVE SURGERY,34379004,"3,474.52",C&M-GMS DES Minor Surgery,HT000050756
Department of Health,NHS East & North Hertfordshire CCG,10/31/2020,C&M-GMS Global Sum,PRC DELEGATED CO-COMMISSIONING,HALL GROVE SURGERY,34379004,"118,003.03",C&M-GMS Global Sum,HT000050756
Department of Health,NHS East & North Hertfordshire CCG,10/31/2020,C&M-GMS QOF Aspiration,PRC DELEGATED CO-COMMISSIONING,HALL GROVE SURGERY,34379004,71.04,C&M-GMS QOF Aspiration,HT000050756
Department of Health,NHS East & North Hertfordshire CCG,10/31/2020,C&M-GMS DES Minor Surgery,PRC DELEGATED CO-COMMISSIONING,HANSCOMBE HOUSE SURGERY,34379006,"5,094.54",C&M-GMS DES Minor Surgery,HT000050758
Department of Health,NHS East & North Hertfordshire CCG,10/31/2020,C&M-GMS Global Sum,PRC DELEGATED CO-COMMISSIONING,HANSCOMBE HOUSE SURGERY,34379006,"83,666.61",C&M-GMS Global Sum,HT000050758
Department of Health,NHS East & North Hertfordshire CCG,10/31/2020,ME-GMS GP Pension EEs Adjustments,PRC DELEGATED CO-COMMISSIONING,HANSCOMBE HOUSE SURGERY,34379006,"1,181.25",ME-GMS GP Pension EEs Adjustments,HT000050758
Department of Health,NHS East & North Hertfordshire CCG,10/31/2020,ME-GMS GP Pension ERs Adjustments,PRC DELEGATED CO-COMMISSIONING,HANSCOMBE HOUSE SURGERY,34379006,"1,258.25",ME-GMS GP Pension ERs Adjustments,HT000050758
Department of Health,NHS East & North Hertfordshire CCG,10/31/2020,Cont Care- Prior Year Payments,FUNDED NURSING CARE,HC ONE OVAL LTD,34096557,"33,158.00",Cont Care- Prior Year Payments,FNC201920A
Department of Health,NHS East & North Hertfordshire CCG,10/31/2020,Clinical&Medical-Independent Sector,CONTINUING HEALTHCARE ASSESSMENT & SUPPORT,HCPA LTD,34197942,"45,019.00",Clinical&Medical-Independent Sector,7514
Department of Health,NHS East & North Hertfordshire CCG,10/31/2020,Hcare Srv Rec NHS Trust-Prior Year,REABLEMENT,HERTFORDSHIRE COMMUNITY NHS TRUST,34096500,"243,862.00",Hcare Srv Rec NHS Trust-Prior Year,H0006267
Department of Health,NHS East & North Hertfordshire CCG,10/31/2020,Hcare Srv Rec NHS Trust-Contract Baseline,COMMUNITY SERVICES,HERTFORDSHIRE COMMUNITY NHS TRUST,34202188,"3,659,107.00",Hcare Srv Rec NHS Trust-Contract Baseline,06KBP112011
Department of Health,NHS East & North Hertfordshire CCG,10/31/2020,Clinical&Medical-Othe Public Sector,CARERS,HERTFORDSHIRE COUNTY COUNCIL,34150123,"26,922.00",Clinical&Medical-Othe Public Sector,1803121126
Department of Health,NHS East & North Hertfordshire CCG,10/31/2020,Clinical&Medical-Othe Public Sector,INTERMEDIATE CARE,HERTFORDSHIRE COUNTY COUNCIL,34150123,"81,384.00",Clinical&Medical-Othe Public Sector,1803121126
Department of Health,NHS East & North Hertfordshire CCG,10/31/2020,Cont Care- Adult 100% Fully Funded,CHC ADULT FULLY FUNDED,HERTFORDSHIRE COUNTY COUNCIL,34150123,"81,937.00",Cont Care- Adult 100% Fully Funded,1803121126
Department of Health,NHS East & North Hertfordshire CCG,10/31/2020,Seconded-Basic Sal-Staff fm oth org,OPERATIONS MANAGEMENT,HERTFORDSHIRE COUNTY COUNCIL,34150123,"4,598.00",Seconded-Basic Sal-Staff fm oth org,1803121126
Department of Health,NHS East & North Hertfordshire CCG,10/31/2020,Soc Care-Other Soc Care,LONG TERM CONDITIONS,HERTFORDSHIRE COUNTY COUNCIL,34150123,"1,199,429.00",Soc Care-Other Soc Care,1803121126
Department of Health,NHS East & North Hertfordshire CCG,10/31/2020,Cont Care- Prior Year Payments,CHC ADULT FULLY FUNDED,HERTFORDSHIRE COUNTY COUNCIL,34221320,"71,803.18",Cont Care- Prior Year Payments,1803032296
Department of Health,NHS East & North Hertfordshire CCG,10/31/2020,Clinical&Medical-Othe Public Sector,MENTAL HEALTH CONTRACTS,HERTFORDSHIRE COUNTY COUNCIL,34294149,"196,813.00",Clinical&Medical-Othe Public Sector,1803156317
Department of Health,NHS East & North Hertfordshire CCG,10/31/2020,Hcare Srv Rec Fdtn Trust-Contract Baseline,MENTAL HEALTH CONTRACTS,HERTFORDSHIRE PARTNERSHIP NHS FOUNDATION TRUST,34202189,"6,624,854.00",Hcare Srv Rec Fdtn Trust-Contract Baseline,06KBP112012
Department of Health,NHS East & North Hertfordshire CCG,10/31/2020,Clinical&Medical-Independent Sector,COMMISSIONING SCHEMES,HERTS URGENT CARE,34178002,"139,669.34",Clinical&Medical-Independent Sector,6044
Department of Health,NHS East & North Hertfordshire CCG,10/31/2020,Clinical&Medical-Independent Sector,NHS 111,HERTS URGENT CARE,34178002,"25,305.60",Clinical&Medical-Independent Sector,6044
Department of Health,NHS East & North Hertfordshire CCG,10/31/2020,Clinical&Medical-Independent Sector,OUT OF HOURS,HERTS URGENT CARE,34178002,"460,603.89",Clinical&Medical-Independent Sector,6044
Department of Health,NHS East & North Hertfordshire CCG,10/31/2020,Clinical&Medical-Independent Sector,NHS 111,HERTS URGENT CARE,34178016,"142,002.56",Clinical&Medical-Independent Sector,6043
Department of Health,NHS East & North Hertfordshire CCG,10/31/2020,Clinical&Medical-Independent Sector,URGENT CARE,HERTS URGENT CARE,34197830,"70,547.35",Clinical&Medical-Independent Sector,6040
Department of Health,NHS East & North Hertfordshire CCG,10/31/2020,Clinical&Medical-Clinical Other,NHS 111,HERTS URGENT CARE,34197901,"231,578.99",Clinical&Medical-Clinical Other,6052
Department of Health,NHS East & North Hertfordshire CCG,10/31/2020,Clinical&Medical-Clinical Other,NHS 111,HERTS URGENT CARE,34197902,"52,567.01",Clinical&Medical-Clinical Other,6053
Department of Health,NHS East & North Hertfordshire CCG,10/31/2020,C&M-GMS Global Sum,PRC DELEGATED CO-COMMISSIONING,HIGH ST SURGERY,34379008,"38,581.93",C&M-GMS Global Sum,HT000050760
Department of Health,NHS East & North Hertfordshire CCG,10/31/2020,Hcare Srv Rec NHS Trust-Contract Baseline,ACUTE COMMISSIONING,IMPERIAL COLLEGE HEALTHCARE NHS TRUST,34202191,"123,364.00",Hcare Srv Rec NHS Trust-Contract Baseline,06KBP112013
Department of Health,NHS East & North Hertfordshire CCG,10/31/2020,External Consultancy Fees,ADHOC BUSINESS,INSIGHT DIRECT (UK) LTD,34106487,"21,324.00",External Consultancy Fees,5001743
Department of Health,NHS East & North Hertfordshire CCG,10/31/2020,Computer Maintenance,PRIMARY CARE IT,ITS DIGITAL,34220006,"38,158.03",Computer Maintenance,15696
Department of Health,NHS East & North Hertfordshire CCG,10/31/2020,C&M-GMS DES Minor Surgery,PRC DELEGATED CO-COMMISSIONING,KELLER P & PARTNERS,34379010,"3,284.51",C&M-GMS DES Minor Surgery,HT000050762
Department of Health,NHS East & North Hertfordshire CCG,10/31/2020,C&M-GMS Global Sum,PRC DELEGATED CO-COMMISSIONING,KELLER P & PARTNERS,34379010,"93,510.28",C&M-GMS Global Sum,HT000050762
Department of Health,NHS East & North Hertfordshire CCG,10/31/2020,C&M-GMS PCO Doctors Ret Scheme,PRC DELEGATED CO-COMMISSIONING,KELLER P & PARTNERS,34379010,"2,076.84",C&M-GMS PCO Doctors Ret Scheme,HT000050762
Department of Health,NHS East & North Hertfordshire CCG,10/31/2020,C&M-GMS DES Minor Surgery,PRC DELEGATED CO-COMMISSIONING,KING GEORGE SURGERY,34379012,"2,145.72",C&M-GMS DES Minor Surgery,HT000050764
Department of Health,NHS East & North Hertfordshire CCG,10/31/2020,C&M-GMS Global Sum,PRC DELEGATED CO-COMMISSIONING,KING GEORGE SURGERY,34379012,"109,848.29",C&M-GMS Global Sum,HT000050764
Department of Health,NHS East & North Hertfordshire CCG,10/31/2020,C&M-GMS Cost of Drugs -Dispensing,LOCAL ENHANCED SERVICES,KING GEORGE SURGERY,34395328,"30,774.94",C&M-GMS Cost of Drugs -Dispensing,HT000050949
Department of Health,NHS East & North Hertfordshire CCG,10/31/2020,C&M-GMS Prof Fees Dispensing,PRC DELEGATED CO-COMMISSIONING,KING GEORGE SURGERY,34395328,"4,019.99",C&M-GMS Prof Fees Dispensing,HT000050949
Department of Health,NHS East & North Hertfordshire CCG,10/31/2020,C&M-GMS PrscrptnChrgsColl&RmttdbyGP,LOCAL ENHANCED SERVICES,KING GEORGE SURGERY,34395328,219.6,C&M-GMS PrscrptnChrgsColl&RmttdbyGP,HT000050949
Department of Health,NHS East & North Hertfordshire CCG,10/31/2020,C&M-GMS DES Minor Surgery,PRC DELEGATED CO-COMMISSIONING,KNEBWORTH AND MARYMEAD PRACTICE,34379014,"1,576.52",C&M-GMS DES Minor Surgery,HT000050766
Department of Health,NHS East & North Hertfordshire CCG,10/31/2020,C&M-GMS Global Sum,PRC DELEGATED CO-COMMISSIONING,KNEBWORTH AND MARYMEAD PRACTICE,34379014,"94,192.60",C&M-GMS Global Sum,HT000050766
Department of Health,NHS East & North Hertfordshire CCG,10/31/2020,C&M-GMS Prem Rates,PRC DELEGATED CO-COMMISSIONING,KNEBWORTH AND MARYMEAD PRACTICE,34379014,"14,764.93",C&M-GMS Prem Rates,HT000050766
Department of Health,NHS East & North Hertfordshire CCG,10/31/2020,ME - GMS GP Prior Year ERs,PRC DELEGATED CO-COMMISSIONING,KNEBWORTH AND MARYMEAD PRACTICE,34379014,"3,019.80",ME - GMS GP Prior Year ERs,HT000050766
Department of Health,NHS East & North Hertfordshire CCG,10/31/2020,ME-GMS GP Pension AVCs,PRC DELEGATED CO-COMMISSIONING,KNEBWORTH AND MARYMEAD PRACTICE,34379014,690,ME-GMS GP Pension AVCs,HT000050766
Department of Health,NHS East & North Hertfordshire CCG,10/31/2020,ME-GMS GP Pension EEs Adjustments,PRC DELEGATED CO-COMMISSIONING,KNEBWORTH AND MARYMEAD PRACTICE,34379014,"2,610.00",ME-GMS GP Pension EEs Adjustments,HT000050766
Department of Health,NHS East & North Hertfordshire CCG,10/31/2020,ME-GMS GP Pension ERs Adjustments,PRC DELEGATED CO-COMMISSIONING,KNEBWORTH AND MARYMEAD PRACTICE,34379014,"2,588.40",ME-GMS GP Pension ERs Adjustments,HT000050766
Department of Health,NHS East & North Hertfordshire CCG,10/31/2020,ME-GMS GP Prior Year EEs,PRC DELEGATED CO-COMMISSIONING,KNEBWORTH AND MARYMEAD PRACTICE,34379014,"3,045.00",ME-GMS GP Prior Year EEs,HT000050766
Department of Health,NHS East & North Hertfordshire CCG,10/31/2020,C&M-APMS Contract Value,PRC DELEGATED CO-COMMISSIONING,LEA VALLEY HEALTH LTD,34165798,"74,473.41",C&M-APMS Contract Value,HT000050552
Department of Health,NHS East & North Hertfordshire CCG,10/31/2020,C&M-PMS QOF Aspiration,PRC DELEGATED CO-COMMISSIONING,LEA VALLEY HEALTH LTD,34165798,"6,233.40",C&M-PMS QOF Aspiration,HT000050552
Department of Health,NHS East & North Hertfordshire CCG,10/31/2020,Clinical&Medical-Clinical Other,GP FORWARD VIEW,LEA VALLEY HEALTH LTD,34243470,"25,652.98",Clinical&Medical-Clinical Other,FSEN1020034
Department of Health,NHS East & North Hertfordshire CCG,10/31/2020,C&M-GMS DES Minor Surgery,PRC DELEGATED CO-COMMISSIONING,LISTER HOUSE SURGERY HATFIELD,34379016,890.4,C&M-GMS DES Minor Surgery,HT000050768
Department of Health,NHS East & North Hertfordshire CCG,10/31/2020,C&M-GMS Global Sum,PRC DELEGATED CO-COMMISSIONING,LISTER HOUSE SURGERY HATFIELD,34379016,"96,413.34",C&M-GMS Global Sum,HT000050768
Department of Health,NHS East & North Hertfordshire CCG,10/31/2020,C&M-GMS QOF Aspiration,PRC DELEGATED CO-COMMISSIONING,LISTER HOUSE SURGERY HATFIELD,34379016,27.05,C&M-GMS QOF Aspiration,HT000050768
Department of Health,NHS East & North Hertfordshire CCG,10/31/2020,Hcare Srv Rec NHS Trust-Contract Baseline,ACUTE COMMISSIONING,LONDON NORTH WEST HEALTHCARE NHS TRUST,34202192,"70,591.00",Hcare Srv Rec NHS Trust-Contract Baseline,06KBP112014
Department of Health,NHS East & North Hertfordshire CCG,10/31/2020,C&M-GMS DES Minor Surgery,PRC DELEGATED CO-COMMISSIONING,MANOR HOUSE SURGERY STEVENAGE,34379017,"4,291.87",C&M-GMS DES Minor Surgery,HT000050769
Department of Health,NHS East & North Hertfordshire CCG,10/31/2020,C&M-GMS Global Sum,PRC DELEGATED CO-COMMISSIONING,MANOR HOUSE SURGERY STEVENAGE,34379017,"38,454.55",C&M-GMS Global Sum,HT000050769
Department of Health,NHS East & North Hertfordshire CCG,10/31/2020,C&M-GMS DES Minor Surgery,PRC DELEGATED CO-COMMISSIONING,MAPLES HEALTH CENTRE,34379019,"5,255.28",C&M-GMS DES Minor Surgery,HT000050771
Department of Health,NHS East & North Hertfordshire CCG,10/31/2020,C&M-GMS Global Sum,PRC DELEGATED CO-COMMISSIONING,MAPLES HEALTH CENTRE,34379019,"81,417.16",C&M-GMS Global Sum,HT000050771
Department of Health,NHS East & North Hertfordshire CCG,10/31/2020,Clinical&Medical-Voluntary Sector,PALLIATIVE CARE,MARIE CURIE,34424119,"41,250.00",Clinical&Medical-Voluntary Sector,8013
Department of Health,NHS East & North Hertfordshire CCG,10/31/2020,Clinical&Medical-Voluntary Sector,COMMUNITY SERVICES,MARIE STOPES INTERNATIONAL,34250675,"33,798.26",Clinical&Medical-Voluntary Sector,MS201817
Department of Health,NHS East & North Hertfordshire CCG,10/31/2020,Hcare Srv Rec Fdtn Trust-Contract Baseline,ACUTE COMMISSIONING,MID AND SOUTH ESSEX FOUNDATION TRUST,34202180,"189,471.00",Hcare Srv Rec Fdtn Trust-Contract Baseline,06KBP112003
Department of Health,NHS East & North Hertfordshire CCG,10/31/2020,Hcare Srv Rec Fdtn Trust-Contract Baseline,ACUTE COMMISSIONING,MOORFIELDS EYE HOSPITAL NHS FOUNDATION TRUST,34202196,"419,779.00",Hcare Srv Rec Fdtn Trust-Contract Baseline,06KBP112016
Department of Health,NHS East & North Hertfordshire CCG,10/31/2020,C&M-GMS DES Minor Surgery,PRC DELEGATED CO-COMMISSIONING,MUCH HADHAM HLTH CNTRE,34379023,"2,277.38",C&M-GMS DES Minor Surgery,HT000050775
Department of Health,NHS East & North Hertfordshire CCG,10/31/2020,C&M-GMS Global Sum,PRC DELEGATED CO-COMMISSIONING,MUCH HADHAM HLTH CNTRE,34379023,"53,369.04",C&M-GMS Global Sum,HT000050775
Department of Health,NHS East & North Hertfordshire CCG,10/31/2020,C&M-GMS Cost of Drugs -Dispensing,LOCAL ENHANCED SERVICES,MUCH HADHAM HLTH CNTRE,34395334,"-49,443.25",C&M-GMS Cost of Drugs -Dispensing,HT000050955
Department of Health,NHS East & North Hertfordshire CCG,10/31/2020,C&M-GMS PrscChrgsCll&RmttdbyGPCntra,PRC DELEGATED CO-COMMISSIONING,MUCH HADHAM HLTH CNTRE,34395334,"-3,824.70",C&M-GMS PrscChrgsCll&RmttdbyGPCntra,HT000050955
Department of Health,NHS East & North Hertfordshire CCG,10/31/2020,C&M-GMS Cost of Drugs -Dispensing,LOCAL ENHANCED SERVICES,MUCH HADHAM HLTH CNTRE,34395335,"106,142.31",C&M-GMS Cost of Drugs -Dispensing,HT000050956
Department of Health,NHS East & North Hertfordshire CCG,10/31/2020,C&M-GMS Prof Fees Dispensing,PRC DELEGATED CO-COMMISSIONING,MUCH HADHAM HLTH CNTRE,34395335,"16,604.37",C&M-GMS Prof Fees Dispensing,HT000050956
Department of Health,NHS East & North Hertfordshire CCG,10/31/2020,C&M-GMS PrscrptnChrgsColl&RmttdbyGP,LOCAL ENHANCED SERVICES,MUCH HADHAM HLTH CNTRE,34395335,"3,824.70",C&M-GMS PrscrptnChrgsColl&RmttdbyGP,HT000050956
Department of Health,NHS East & North Hertfordshire CCG,10/31/2020,C&M-GMS DES Minor Surgery,PRC DELEGATED CO-COMMISSIONING,NEVELLS ROAD SURGERY,34379021,"4,116.38",C&M-GMS DES Minor Surgery,HT000050773
Department of Health,NHS East & North Hertfordshire CCG,10/31/2020,C&M-GMS Global Sum,PRC DELEGATED CO-COMMISSIONING,NEVELLS ROAD SURGERY,34379021,"74,963.49",C&M-GMS Global Sum,HT000050773
Department of Health,NHS East & North Hertfordshire CCG,10/31/2020,C&M-GMS QOF Aspiration,PRC DELEGATED CO-COMMISSIONING,NEVELLS ROAD SURGERY,34379021,365.65,C&M-GMS QOF Aspiration,HT000050773
Department of Health,NHS East & North Hertfordshire CCG,10/31/2020,C&M-GMS DES Minor Surgery,PRC DELEGATED CO-COMMISSIONING,NEW RIVER HEALTH,34379066,"4,029.16",C&M-GMS DES Minor Surgery,HT000050818
Department of Health,NHS East & North Hertfordshire CCG,10/31/2020,C&M-GMS Global Sum,PRC DELEGATED CO-COMMISSIONING,NEW RIVER HEALTH,34379066,"141,128.93",C&M-GMS Global Sum,HT000050818
Department of Health,NHS East & North Hertfordshire CCG,10/31/2020,Chrgs from SLA,HUMAN RESOURCES,NHS HERTS VALLEYS CCG,34353717,"108,618.00",Chrgs from SLA,7021201563
Department of Health,NHS East & North Hertfordshire CCG,10/31/2020,Voids and Subsidies,PRC DELEGATED CO-COMMISSIONING,NHS PROPERTY SERVICES LTD,34250801,"72,913.34",Voids and Subsidies,H352320
Department of Health,NHS East & North Hertfordshire CCG,10/31/2020,Meeting expense/Room Hire,PRC DELEGATED CO-COMMISSIONING,NHS PROPERTY SERVICES LTD,34250810,"27,375.00",Meeting expense/Room Hire,H352328
Department of Health,NHS East & North Hertfordshire CCG,10/31/2020,Charges from CCG,PROGRAMME PROJECTS,NHS WEST ESSEX CCG,34430765,"29,362.00",Charges from CCG,7022001656
Department of Health,NHS East & North Hertfordshire CCG,10/31/2020,Hcare Srv Rec NHS Trust-Contract Baseline,ACUTE COMMISSIONING,NORTH MIDDLESEX UNIVERSITY HOSPITAL NHS TRUST,34202198,"811,458.00",Hcare Srv Rec NHS Trust-Contract Baseline,06KBP112017
Department of Health,NHS East & North Hertfordshire CCG,10/31/2020,Clinical&Medical-Clinical Other,MEDICINES MANAGEMENT - CLINICAL,OPTUM HEALTH SOLUTIONS (UK) LTD,34346118,"30,242.66",Clinical&Medical-Clinical Other,1162779
Department of Health,NHS East & North Hertfordshire CCG,10/31/2020,Clinical&Medical-Clinical Other,MEDICINES MANAGEMENT - CLINICAL,OPTUM HEALTH SOLUTIONS (UK) LTD,34346118,"151,213.29",Clinical&Medical-Clinical Other,1162779
Department of Health,NHS East & North Hertfordshire CCG,10/31/2020,C&M-GMS DES Minor Surgery,PRC DELEGATED CO-COMMISSIONING,PARK GREEN SURGERY BROXBOURNE,34379025,"1,985.15",C&M-GMS DES Minor Surgery,HT000050777
Department of Health,NHS East & North Hertfordshire CCG,10/31/2020,C&M-GMS Global Sum,PRC DELEGATED CO-COMMISSIONING,PARK GREEN SURGERY BROXBOURNE,34379025,"73,313.38",C&M-GMS Global Sum,HT000050777
Department of Health,NHS East & North Hertfordshire CCG,10/31/2020,C&M-GMS DES Minor Surgery,PRC DELEGATED CO-COMMISSIONING,PARSONAGE SURGERY,34379027,773.74,C&M-GMS DES Minor Surgery,HT000050779
Department of Health,NHS East & North Hertfordshire CCG,10/31/2020,C&M-GMS Global Sum,PRC DELEGATED CO-COMMISSIONING,PARSONAGE SURGERY,34379027,"41,928.11",C&M-GMS Global Sum,HT000050779
Department of Health,NHS East & North Hertfordshire CCG,10/31/2020,C&M-GMS DES Minor Surgery,PRC DELEGATED CO-COMMISSIONING,PEARTREE GROUP PRACTICE,34379062,"4,744.26",C&M-GMS DES Minor Surgery,HT000050814
Department of Health,NHS East & North Hertfordshire CCG,10/31/2020,C&M-GMS Global Sum,PRC DELEGATED CO-COMMISSIONING,PEARTREE GROUP PRACTICE,34379062,"148,617.24",C&M-GMS Global Sum,HT000050814
Department of Health,NHS East & North Hertfordshire CCG,10/31/2020,C&M-GMS PCO Doctors Ret Scheme,PRC DELEGATED CO-COMMISSIONING,PEARTREE GROUP PRACTICE,34379062,"3,076.80",C&M-GMS PCO Doctors Ret Scheme,HT000050814
Department of Health,NHS East & North Hertfordshire CCG,10/31/2020,C&M-GMS PCO Other,PRC DELEGATED CO-COMMISSIONING,PEARTREE GROUP PRACTICE,34379062,"12,365.00",C&M-GMS PCO Other,HT000050814
Department of Health,NHS East & North Hertfordshire CCG,10/31/2020,C&M-GMS DES Minor Surgery,PRC DELEGATED CO-COMMISSIONING,PORTMILL SURGERY,34379029,"4,919.83",C&M-GMS DES Minor Surgery,HT000050781
Department of Health,NHS East & North Hertfordshire CCG,10/31/2020,C&M-GMS Global Sum,PRC DELEGATED CO-COMMISSIONING,PORTMILL SURGERY,34379029,"101,070.43",C&M-GMS Global Sum,HT000050781
Department of Health,NHS East & North Hertfordshire CCG,10/31/2020,C&M-GMS QOF Aspiration,PRC DELEGATED CO-COMMISSIONING,PORTMILL SURGERY,34379029,436.48,C&M-GMS QOF Aspiration,HT000050781
Department of Health,NHS East & North Hertfordshire CCG,10/31/2020,C&M-GMS DES Minor Surgery,PRC DELEGATED CO-COMMISSIONING,POTTERELLS MEDICAL CENTRE,34379031,"1,897.73",C&M-GMS DES Minor Surgery,HT000050783
Department of Health,NHS East & North Hertfordshire CCG,10/31/2020,C&M-GMS Global Sum,PRC DELEGATED CO-COMMISSIONING,POTTERELLS MEDICAL CENTRE,34379031,"108,561.99",C&M-GMS Global Sum,HT000050783
Department of Health,NHS East & North Hertfordshire CCG,10/31/2020,Hcare Srv Rec NHS Trust-Contract Baseline,ACUTE COMMISSIONING,PRINCESS ALEXANDRA HOSPITAL NHS TRUST (THE),34202220,"5,709,907.00",Hcare Srv Rec NHS Trust-Contract Baseline,06KBP112022
Department of Health,NHS East & North Hertfordshire CCG,10/31/2020,C&M-GMS DES Minor Surgery,PRC DELEGATED CO-COMMISSIONING,PUCKERIDGE & STANDON SURGERY,34379035,"3,503.47",C&M-GMS DES Minor Surgery,HT000050787
Department of Health,NHS East & North Hertfordshire CCG,10/31/2020,C&M-GMS Global Sum,PRC DELEGATED CO-COMMISSIONING,PUCKERIDGE & STANDON SURGERY,34379035,"69,158.69",C&M-GMS Global Sum,HT000050787
Department of Health,NHS East & North Hertfordshire CCG,10/31/2020,ME - GMS GP Prior Year ERs,PRC DELEGATED CO-COMMISSIONING,PUCKERIDGE & STANDON SURGERY,34379035,545.48,ME - GMS GP Prior Year ERs,HT000050787
Department of Health,NHS East & North Hertfordshire CCG,10/31/2020,ME-GMS GP Pension EEs Adjustments,PRC DELEGATED CO-COMMISSIONING,PUCKERIDGE & STANDON SURGERY,34379035,"1,691.67",ME-GMS GP Pension EEs Adjustments,HT000050787
Department of Health,NHS East & North Hertfordshire CCG,10/31/2020,ME-GMS GP Pension ERs Adjustments,PRC DELEGATED CO-COMMISSIONING,PUCKERIDGE & STANDON SURGERY,34379035,"1,677.67",ME-GMS GP Pension ERs Adjustments,HT000050787
Department of Health,NHS East & North Hertfordshire CCG,10/31/2020,ME-GMS GP Prior Year AVCs,PRC DELEGATED CO-COMMISSIONING,PUCKERIDGE & STANDON SURGERY,34379035,72.09,ME-GMS GP Prior Year AVCs,HT000050787
Department of Health,NHS East & North Hertfordshire CCG,10/31/2020,ME-GMS GP Prior Year EEs,PRC DELEGATED CO-COMMISSIONING,PUCKERIDGE & STANDON SURGERY,34379035,"1,220.79",ME-GMS GP Prior Year EEs,HT000050787
Department of Health,NHS East & North Hertfordshire CCG,10/31/2020,Cont Care- Adult 100% Fully Funded,CHC ADULT FULLY FUNDED,RAMSAY NEUROLOGICAL SERVICES,34221398,"-161,982.13",Cont Care- Adult 100% Fully Funded,CRENHERTS07200920
Department of Health,NHS East & North Hertfordshire CCG,10/31/2020,C&M-GMS DES Minor Surgery,PRC DELEGATED CO-COMMISSIONING,REGAL CHAMBERS SURGERY,34379033,"2,248.07",C&M-GMS DES Minor Surgery,HT000050785
Department of Health,NHS East & North Hertfordshire CCG,10/31/2020,C&M-GMS Global Sum,PRC DELEGATED CO-COMMISSIONING,REGAL CHAMBERS SURGERY,34379033,"91,974.70",C&M-GMS Global Sum,HT000050785
Department of Health,NHS East & North Hertfordshire CCG,10/31/2020,C&M-GMS PCO Locum Sickness,PRC DELEGATED CO-COMMISSIONING,REGAL CHAMBERS SURGERY,34379033,"4,071.80",C&M-GMS PCO Locum Sickness,HT000050785
Department of Health,NHS East & North Hertfordshire CCG,10/31/2020,C&M-GMS Prem Actual Rent,PRC DELEGATED CO-COMMISSIONING,REGAL CHAMBERS SURGERY,34379033,"45,750.00",C&M-GMS Prem Actual Rent,HT000050785
Department of Health,NHS East & North Hertfordshire CCG,10/31/2020,C&M-GMS QOF Aspiration,PRC DELEGATED CO-COMMISSIONING,REGAL CHAMBERS SURGERY,34379033,543.47,C&M-GMS QOF Aspiration,HT000050785
Department of Health,NHS East & North Hertfordshire CCG,10/31/2020,Hcare Srv Rec Fdtn Trust-Contract Baseline,ACUTE COMMISSIONING,ROYAL BROMPTON & HAREFIELD NHS FOUNDATION TRUST,34202209,"87,497.00",Hcare Srv Rec Fdtn Trust-Contract Baseline,06KBP112018
Department of Health,NHS East & North Hertfordshire CCG,10/31/2020,Hcare Srv Rec Fdtn Trust-Prior Year,ACUTE COMMISSIONING,ROYAL BROMPTON & HAREFIELD NHS FOUNDATION TRUST,34353715,"46,427.03",Hcare Srv Rec Fdtn Trust-Prior Year,S005869
Department of Health,NHS East & North Hertfordshire CCG,10/31/2020,Hcare Srv Rec Fdtn Trust-Contract Baseline,ACUTE COMMISSIONING,ROYAL FREE LONDON NHS FOUNDATION TRUST,34202211,"2,351,447.00",Hcare Srv Rec Fdtn Trust-Contract Baseline,06KBP112019
Department of Health,NHS East & North Hertfordshire CCG,10/31/2020,Hcare Srv Rec NHS Trust-Contract Baseline,ACUTE COMMISSIONING,ROYAL NATIONAL ORTHOPAEDIC HOSPITAL NHS TRUST,34202215,"210,518.00",Hcare Srv Rec NHS Trust-Contract Baseline,06KBP112020
Department of Health,NHS East & North Hertfordshire CCG,10/31/2020,Hcare Srv Rec Fdtn Trust-Contract Baseline,ACUTE COMMISSIONING,ROYAL PAPWORTH HOSPITAL NHS FOUNDATION TRUST,34202217,"109,428.00",Hcare Srv Rec Fdtn Trust-Contract Baseline,06KBP112021
Department of Health,NHS East & North Hertfordshire CCG,10/31/2020,C&M-GMS DES Minor Surgery,PRC DELEGATED CO-COMMISSIONING,SHEPHALL SURGERY,34379037,"1,255.48",C&M-GMS DES Minor Surgery,HT000050789
Department of Health,NHS East & North Hertfordshire CCG,10/31/2020,C&M-GMS Global Sum,PRC DELEGATED CO-COMMISSIONING,SHEPHALL SURGERY,34379037,"58,504.92",C&M-GMS Global Sum,HT000050789
Department of Health,NHS East & North Hertfordshire CCG,10/31/2020,C&M-GMS DES Minor Surgery,PRC DELEGATED CO-COMMISSIONING,SHIPHAY MANOR & ABBEY ROAD SURGERY,34379039,"3,707.77",C&M-GMS DES Minor Surgery,HT000050791
Department of Health,NHS East & North Hertfordshire CCG,10/31/2020,C&M-GMS Global Sum,PRC DELEGATED CO-COMMISSIONING,SHIPHAY MANOR & ABBEY ROAD SURGERY,34379039,"67,267.93",C&M-GMS Global Sum,HT000050791
Department of Health,NHS East & North Hertfordshire CCG,10/31/2020,C&M-GMS Other FDR Payment,PRC DELEGATED CO-COMMISSIONING,SHIPHAY MANOR & ABBEY ROAD SURGERY,34379039,514.81,C&M-GMS Other FDR Payment,HT000050791
Department of Health,NHS East & North Hertfordshire CCG,10/31/2020,C&M-GMS DES Minor Surgery,PRC DELEGATED CO-COMMISSIONING,SOUTH STREET SURGERY,34379060,"9,678.62",C&M-GMS DES Minor Surgery,HT000050812
Department of Health,NHS East & North Hertfordshire CCG,10/31/2020,C&M-GMS Global Sum,PRC DELEGATED CO-COMMISSIONING,SOUTH STREET SURGERY,34379060,"135,551.73",C&M-GMS Global Sum,HT000050812
Department of Health,NHS East & North Hertfordshire CCG,10/31/2020,C&M-GMS Prem Other,PRC DELEGATED CO-COMMISSIONING,SOUTH STREET SURGERY,34379060,657.9,C&M-GMS Prem Other,HT000050812
Department of Health,NHS East & North Hertfordshire CCG,10/31/2020,C&M-GMS QOF Aspiration,PRC DELEGATED CO-COMMISSIONING,SOUTH STREET SURGERY,34379060,213.41,C&M-GMS QOF Aspiration,HT000050812
Department of Health,NHS East & North Hertfordshire CCG,10/31/2020,C&M-APMS Contract Value,PRC DELEGATED CO-COMMISSIONING,SPRING HOUSE MEDICAL CENTRE,34165785,"84,009.91",C&M-APMS Contract Value,HT000050539
Department of Health,NHS East & North Hertfordshire CCG,10/31/2020,C&M-PMS QOF Aspiration,PRC DELEGATED CO-COMMISSIONING,SPRING HOUSE MEDICAL CENTRE,34165785,"4,131.59",C&M-PMS QOF Aspiration,HT000050539
Department of Health,NHS East & North Hertfordshire CCG,10/31/2020,C&M-GMS DES Minor Surgery,PRC DELEGATED CO-COMMISSIONING,STANHOPE SURGERY,34379045,700.64,C&M-GMS DES Minor Surgery,HT000050797
Department of Health,NHS East & North Hertfordshire CCG,10/31/2020,C&M-GMS Global Sum,PRC DELEGATED CO-COMMISSIONING,STANHOPE SURGERY,34379045,"43,191.38",C&M-GMS Global Sum,HT000050797
Department of Health,NHS East & North Hertfordshire CCG,10/31/2020,C&M-GMS Prem Actual Rent,PRC DELEGATED CO-COMMISSIONING,STANHOPE SURGERY,34379045,"4,241.46",C&M-GMS Prem Actual Rent,HT000050797
Department of Health,NHS East & North Hertfordshire CCG,10/31/2020,C&M-GMS Prem Healthcentre Rent,PRC DELEGATED CO-COMMISSIONING,STANHOPE SURGERY,34379045,588,C&M-GMS Prem Healthcentre Rent,HT000050797
Department of Health,NHS East & North Hertfordshire CCG,10/31/2020,ME - GMS GP Prior Year ERs,PRC DELEGATED CO-COMMISSIONING,STANMORE MEDICAL GROUP,34379046,"-13,515.88",ME - GMS GP Prior Year ERs,HT000050798
Department of Health,NHS East & North Hertfordshire CCG,10/31/2020,ME - GMS TPS Added Years Adj EEs,PRC DELEGATED CO-COMMISSIONING,STANMORE MEDICAL GROUP,34379046,-359.47,ME - GMS TPS Added Years Adj EEs,HT000050798
Department of Health,NHS East & North Hertfordshire CCG,10/31/2020,ME-GMS GP Pension EEs,PRC DELEGATED CO-COMMISSIONING,STANMORE MEDICAL GROUP,34379046,"-12,020.00",ME-GMS GP Pension EEs,HT000050798
Department of Health,NHS East & North Hertfordshire CCG,10/31/2020,ME-GMS GP Pension ERs Adjustments,PRC DELEGATED CO-COMMISSIONING,STANMORE MEDICAL GROUP,34379046,"-13,572.35",ME-GMS GP Pension ERs Adjustments,HT000050798
Department of Health,NHS East & North Hertfordshire CCG,10/31/2020,ME-GMS GP Prior Year EEs,PRC DELEGATED CO-COMMISSIONING,STANMORE MEDICAL GROUP,34379046,"-12,688.76",ME-GMS GP Prior Year EEs,HT000050798
Department of Health,NHS East & North Hertfordshire CCG,10/31/2020,C&M-GMS DES Minor Surgery,PRC DELEGATED CO-COMMISSIONING,STANMORE MEDICAL GROUP,34379047,"11,591.15",C&M-GMS DES Minor Surgery,HT000050799
Department of Health,NHS East & North Hertfordshire CCG,10/31/2020,C&M-GMS Global Sum,PRC DELEGATED CO-COMMISSIONING,STANMORE MEDICAL GROUP,34379047,"241,665.19",C&M-GMS Global Sum,HT000050799
Department of Health,NHS East & North Hertfordshire CCG,10/31/2020,C&M-GMS DES Minor Surgery,PRC DELEGATED CO-COMMISSIONING,STOCKWELL LODGE MEDICAL CENTRE,34379043,"4,598.50",C&M-GMS DES Minor Surgery,HT000050795
Department of Health,NHS East & North Hertfordshire CCG,10/31/2020,C&M-GMS Global Sum,PRC DELEGATED CO-COMMISSIONING,STOCKWELL LODGE MEDICAL CENTRE,34379043,"73,505.97",C&M-GMS Global Sum,HT000050795
Department of Health,NHS East & North Hertfordshire CCG,10/31/2020,C&M-GMS Prem Rates,PRC DELEGATED CO-COMMISSIONING,SURGERY ASTONIA HOUSE,34379040,"-15,353.66",C&M-GMS Prem Rates,HT000050792
Department of Health,NHS East & North Hertfordshire CCG,10/31/2020,ME - GMS TPS Added Years Adj EEs,PRC DELEGATED CO-COMMISSIONING,SURGERY ASTONIA HOUSE,34379040,"-1,020.16",ME - GMS TPS Added Years Adj EEs,HT000050792
Department of Health,NHS East & North Hertfordshire CCG,10/31/2020,ME-GMS GP Pension EEs,PRC DELEGATED CO-COMMISSIONING,SURGERY ASTONIA HOUSE,34379040,"-6,675.00",ME-GMS GP Pension EEs,HT000050792
Department of Health,NHS East & North Hertfordshire CCG,10/31/2020,ME-GMS GP Pension ERs Adjustments,PRC DELEGATED CO-COMMISSIONING,SURGERY ASTONIA HOUSE,34379040,"-6,950.34",ME-GMS GP Pension ERs Adjustments,HT000050792
Department of Health,NHS East & North Hertfordshire CCG,10/31/2020,C&M-GMS DES Minor Surgery,PRC DELEGATED CO-COMMISSIONING,SURGERY ASTONIA HOUSE,34379041,"3,211.85",C&M-GMS DES Minor Surgery,HT000050793
Department of Health,NHS East & North Hertfordshire CCG,10/31/2020,C&M-GMS Global Sum,PRC DELEGATED CO-COMMISSIONING,SURGERY ASTONIA HOUSE,34379041,"90,964.89",C&M-GMS Global Sum,HT000050793
Department of Health,NHS East & North Hertfordshire CCG,10/31/2020,C&M-GMS Prem Actual Rent,PRC DELEGATED CO-COMMISSIONING,SURGERY ASTONIA HOUSE,34379041,"10,595.80",C&M-GMS Prem Actual Rent,HT000050793
Department of Health,NHS East & North Hertfordshire CCG,10/31/2020,C&M-GMS Prem Healthcentre Rent,PRC DELEGATED CO-COMMISSIONING,SURGERY ASTONIA HOUSE,34379041,"2,291.79",C&M-GMS Prem Healthcentre Rent,HT000050793
Department of Health,NHS East & North Hertfordshire CCG,10/31/2020,C&M-GMS Prem Water Rates,PRC DELEGATED CO-COMMISSIONING,SURGERY ASTONIA HOUSE,34379041,344.57,C&M-GMS Prem Water Rates,HT000050793
Department of Health,NHS East & North Hertfordshire CCG,10/31/2020,C&M-GMS DES Minor Surgery,PRC DELEGATED CO-COMMISSIONING,SYMONDS GREEN HEALTH CENTRE,34379049,321.14,C&M-GMS DES Minor Surgery,HT000050801
Department of Health,NHS East & North Hertfordshire CCG,10/31/2020,C&M-GMS Global Sum,PRC DELEGATED CO-COMMISSIONING,SYMONDS GREEN HEALTH CENTRE,34379049,"32,279.27",C&M-GMS Global Sum,HT000050801
Department of Health,NHS East & North Hertfordshire CCG,10/31/2020,Computer Software/License,PROGRAMME PROJECTS,TRANSFORMING SYSTEMS LTD,34158471,"173,664.00",Computer Software/License,INV207
Department of Health,NHS East & North Hertfordshire CCG,10/31/2020,Hcare Srv Rec Fdtn Trust-Contract Baseline,ACUTE COMMISSIONING,UNIVERSITY COLLEGE LONDON HOSPITALS NHS FOUNDATION TRUST,34202223,"767,205.00",Hcare Srv Rec Fdtn Trust-Contract Baseline,06KBP112023
Department of Health,NHS East & North Hertfordshire CCG,10/31/2020,Telecoms-Data lines,ADHOC BUSINESS,VIRGIN MEDIA BUSINESS LTD,34200726,"231,603.30",Telecoms-Data lines,931559087
Department of Health,NHS East & North Hertfordshire CCG,10/31/2020,Telecoms-Data lines,ADHOC BUSINESS,VIRGIN MEDIA BUSINESS LTD,34267784,"34,417.74",Telecoms-Data lines,440390013
Department of Health,NHS East & North Hertfordshire CCG,10/31/2020,Clinical&Medical-Independent Sector,COMMUNITY SERVICES,VODAFONE CORPORATE LTD,34340966,"51,979.20",Clinical&Medical-Independent Sector,OL82015
Department of Health,NHS East & North Hertfordshire CCG,10/31/2020,C&M-GMS DES Minor Surgery,PRC DELEGATED CO-COMMISSIONING,WALLACE HOUSE SURGERY,34379053,"2,262.63",C&M-GMS DES Minor Surgery,HT000050805
Department of Health,NHS East & North Hertfordshire CCG,10/31/2020,C&M-GMS Global Sum,PRC DELEGATED CO-COMMISSIONING,WALLACE HOUSE SURGERY,34379053,"109,338.55",C&M-GMS Global Sum,HT000050805
Department of Health,NHS East & North Hertfordshire CCG,10/31/2020,C&M-GMS PCO Doctors Ret Scheme,PRC DELEGATED CO-COMMISSIONING,WALLACE HOUSE SURGERY,34379053,"1,230.72",C&M-GMS PCO Doctors Ret Scheme,HT000050805
Department of Health,NHS East & North Hertfordshire CCG,10/31/2020,C&M-GMS DES Minor Surgery,PRC DELEGATED CO-COMMISSIONING,WARDEN LODGE MEDICAL PRACTICE,34379055,"2,101.92",C&M-GMS DES Minor Surgery,HT000050807
Department of Health,NHS East & North Hertfordshire CCG,10/31/2020,C&M-GMS Global Sum,PRC DELEGATED CO-COMMISSIONING,WARDEN LODGE MEDICAL PRACTICE,34379055,"71,853.09",C&M-GMS Global Sum,HT000050807
Department of Health,NHS East & North Hertfordshire CCG,10/31/2020,C&M-GMS Other FDR Payment,PRC DELEGATED CO-COMMISSIONING,WARDEN LODGE MEDICAL PRACTICE,34379055,"1,028.80",C&M-GMS Other FDR Payment,HT000050807
Department of Health,NHS East & North Hertfordshire CCG,10/31/2020,C&M-GMS Prem Water Rates,PRC DELEGATED CO-COMMISSIONING,WARDEN LODGE MEDICAL PRACTICE,34379055,520.84,C&M-GMS Prem Water Rates,HT000050807
Department of Health,NHS East & North Hertfordshire CCG,10/31/2020,C&M-GMS QOF Aspiration,PRC DELEGATED CO-COMMISSIONING,WARDEN LODGE MEDICAL PRACTICE,34379055,788.08,C&M-GMS QOF Aspiration,HT000050807
Department of Health,NHS East & North Hertfordshire CCG,10/31/2020,C&M-GMS Global Sum,PRC DELEGATED CO-COMMISSIONING,WATTON PLACE CLINIC,34379056,"37,850.46",C&M-GMS Global Sum,HT000050808
Department of Health,NHS East & North Hertfordshire CCG,10/31/2020,C&M-GMS Cost of Drugs -Dispensing,LOCAL ENHANCED SERVICES,WATTON PLACE CLINIC,34395351,"-55,901.29",C&M-GMS Cost of Drugs -Dispensing,HT000050972
Department of Health,NHS East & North Hertfordshire CCG,10/31/2020,C&M-GMS PrscChrgsCll&RmttdbyGPCntra,PRC DELEGATED CO-COMMISSIONING,WATTON PLACE CLINIC,34395351,"-3,559.35",C&M-GMS PrscChrgsCll&RmttdbyGPCntra,HT000050972
Department of Health,NHS East & North Hertfordshire CCG,10/31/2020,C&M-GMS Cost of Drugs -Dispensing,LOCAL ENHANCED SERVICES,WATTON PLACE CLINIC,34395352,"111,936.81",C&M-GMS Cost of Drugs -Dispensing,HT000050973
Department of Health,NHS East & North Hertfordshire CCG,10/31/2020,C&M-GMS Prof Fees Dispensing,PRC DELEGATED CO-COMMISSIONING,WATTON PLACE CLINIC,34395352,"16,896.74",C&M-GMS Prof Fees Dispensing,HT000050973
Department of Health,NHS East & North Hertfordshire CCG,10/31/2020,C&M-GMS PrscrptnChrgsColl&RmttdbyGP,LOCAL ENHANCED SERVICES,WATTON PLACE CLINIC,34395352,"3,559.35",C&M-GMS PrscrptnChrgsColl&RmttdbyGP,HT000050973
Department of Health,NHS East & North Hertfordshire CCG,10/31/2020,Hcare Srv Rec NHS Trust-Contract Baseline,ACUTE COMMISSIONING,WEST HERTFORDSHIRE HOSPITALS NHS TRUST,34202226,"275,169.00",Hcare Srv Rec NHS Trust-Contract Baseline,06KBP112024
Department of Health,NHS East & North Hertfordshire CCG,10/31/2020,C&M-GMS Cost of Drugs -Dispensing,LOCAL ENHANCED SERVICES,WHITWELL SURGERY,34395349,"35,669.79",C&M-GMS Cost of Drugs -Dispensing,HT000050970
Department of Health,NHS East & North Hertfordshire CCG,10/31/2020,C&M-GMS Prof Fees Dispensing,PRC DELEGATED CO-COMMISSIONING,WHITWELL SURGERY,34395349,"6,402.11",C&M-GMS Prof Fees Dispensing,HT000050970
Department of Health,NHS East & North Hertfordshire CCG,10/31/2020,C&M-GMS PrscrptnChrgsColl&RmttdbyGP,LOCAL ENHANCED SERVICES,WHITWELL SURGERY,34395349,"1,683.60",C&M-GMS PrscrptnChrgsColl&RmttdbyGP,HT000050970
Department of Health,NHS East & North Hertfordshire CCG,10/31/2020,C&M-GMS DES Minor Surgery,PRC DELEGATED CO-COMMISSIONING,WRAFTON HOUSE,34379058,861.22,C&M-GMS DES Minor Surgery,HT000050810
Department of Health,NHS East & North Hertfordshire CCG,10/31/2020,C&M-GMS Global Sum,PRC DELEGATED CO-COMMISSIONING,WRAFTON HOUSE,34379058,"69,127.06",C&M-GMS Global Sum,HT000050810
Department of Health,NHS East & North Hertfordshire CCG,10/31/2020,C&M-GMS QOF Aspiration,PRC DELEGATED CO-COMMISSIONING,WRAFTON HOUSE,34379058,187.15,C&M-GMS QOF Aspiration,HT000050810
,,,,,,,,,
,,,,,,,"57,035,781.27",,
