Department family,Entity,Date,Expense Type,Expense area,Supplier,Transaction number,AP Amount (£),VAT registration number,Purchase invoice number,,,,,,
Department of Health,NHS East & North Hertfordshire CCG,29/02/2020,C&M-APMS Contract Value,PRC DELEGATED CO-COMMISSIONING,12 POINT CARE LTD,30998991,"42,968.38",,HT000046311,,,,,,
Department of Health,NHS East & North Hertfordshire CCG,29/02/2020,C&M-APMS DES Extended Hours Access,PRC DELEGATED CO-COMMISSIONING,12 POINT CARE LTD,30998991,"12,730.08",,HT000046311,,,,,,
Department of Health,NHS East & North Hertfordshire CCG,29/02/2020,C&M-APMS Other Addtl Staff Paymts,PRC DELEGATED CO-COMMISSIONING,12 POINT CARE LTD,30998991,"1,024.25",,HT000046311,,,,,,
Department of Health,NHS East & North Hertfordshire CCG,29/02/2020,C&M-APMS PCN DES Clinical Director,PRC DELEGATED CO-COMMISSIONING,12 POINT CARE LTD,30998991,"5,953.84",,HT000046311,,,,,,
Department of Health,NHS East & North Hertfordshire CCG,29/02/2020,C&M-APMS PCN DES PCN support,LOCAL ENHANCED SERVICES,12 POINT CARE LTD,30998991,"13,031.26",,HT000046311,,,,,,
Department of Health,NHS East & North Hertfordshire CCG,29/02/2020,C&M-APMS PCN DES Participation,PRC DELEGATED CO-COMMISSIONING,12 POINT CARE LTD,30998991,725.13,,HT000046311,,,,,,
Department of Health,NHS East & North Hertfordshire CCG,29/02/2020,C&M-PMS QOF Aspiration,PRC DELEGATED CO-COMMISSIONING,12 POINT CARE LTD,30998991,"3,205.01",,HT000046311,,,,,,
Department of Health,NHS East & North Hertfordshire CCG,29/02/2020,Clinical&Medical-Clinical Other,GP FORWARD VIEW,12 POINT CARE LTD,31211689,"32,522.34",,12PCEASAPM18,,,,,,
Department of Health,NHS East & North Hertfordshire CCG,29/02/2020,C&M-APMS PCN DES PCN support,LOCAL ENHANCED SERVICES,12 POINT CARE LTD,31228988,"25,096.60",,HT000046590,,,,,,
Department of Health,NHS East & North Hertfordshire CCG,29/02/2020,C&M-PMS Prem Water Rates,PRC DELEGATED CO-COMMISSIONING,12 POINT CARE LTD,31228988,102.03,,HT000046590,,,,,,
Department of Health,NHS East & North Hertfordshire CCG,29/02/2020,C&M-GMS Global Sum,PRC DELEGATED CO-COMMISSIONING,AMWELL STREET SURGERY,31202581,"86,355.77",,HT000046493,,,,,,
Department of Health,NHS East & North Hertfordshire CCG,29/02/2020,C&M-GMS MPIG Correction Factor,PRC DELEGATED CO-COMMISSIONING,AMWELL STREET SURGERY,31202581,"1,155.08",,HT000046493,,,,,,
Department of Health,NHS East & North Hertfordshire CCG,29/02/2020,C&M-GMS PCN DES Participation,PRC DELEGATED CO-COMMISSIONING,AMWELL STREET SURGERY,31202581,"2,338.43",,HT000046493,,,,,,
Department of Health,NHS East & North Hertfordshire CCG,29/02/2020,C&M-GMS PCO Locum Sickness,PRC DELEGATED CO-COMMISSIONING,AMWELL STREET SURGERY,31202581,"5,203.04",,HT000046493,,,,,,
Department of Health,NHS East & North Hertfordshire CCG,29/02/2020,C&M-GMS Prem Rates,PRC DELEGATED CO-COMMISSIONING,AMWELL STREET SURGERY,31202581,"6,426.00",,HT000046493,,,,,,
Department of Health,NHS East & North Hertfordshire CCG,29/02/2020,C&M-GMS Global Sum,PRC DELEGATED CO-COMMISSIONING,ASHWELL SURGERY,31202577,"58,386.96",879108291,HT000046489,,,,,,
Department of Health,NHS East & North Hertfordshire CCG,29/02/2020,C&M-GMS MPIG Correction Factor,PRC DELEGATED CO-COMMISSIONING,ASHWELL SURGERY,31202577,575.4,879108291,HT000046489,,,,,,
Department of Health,NHS East & North Hertfordshire CCG,29/02/2020,C&M-GMS PCN DES Participation,PRC DELEGATED CO-COMMISSIONING,ASHWELL SURGERY,31202577,"1,183.86",879108291,HT000046489,,,,,,
Department of Health,NHS East & North Hertfordshire CCG,29/02/2020,C&M-GMS PCO Locum Adop/Pat/Mat,PRC DELEGATED CO-COMMISSIONING,ASHWELL SURGERY,31202577,"3,869.07",879108291,HT000046489,,,,,,
Department of Health,NHS East & North Hertfordshire CCG,29/02/2020,C&M-GMS Prem Notional Rent,PRC DELEGATED CO-COMMISSIONING,ASHWELL SURGERY,31202577,"7,962.50",879108291,HT000046489,,,,,,
Department of Health,NHS East & North Hertfordshire CCG,29/02/2020,C&M-GMS Prem Rates,PRC DELEGATED CO-COMMISSIONING,ASHWELL SURGERY,31202577,"1,432.50",879108291,HT000046489,,,,,,
Department of Health,NHS East & North Hertfordshire CCG,29/02/2020,C&M-GMS Prem Water Rates,PRC DELEGATED CO-COMMISSIONING,ASHWELL SURGERY,31202577,256.18,879108291,HT000046489,,,,,,
Department of Health,NHS East & North Hertfordshire CCG,29/02/2020,C&M-GMS Cost of Drugs -Dispensing,LOCAL ENHANCED SERVICES,ASHWELL SURGERY,31229522,"-25,102.25",879108291,HT000046757,,,,,,
Department of Health,NHS East & North Hertfordshire CCG,29/02/2020,C&M-GMS PrscChrgsCll&RmttdbyGPCntra,PRC DELEGATED CO-COMMISSIONING,ASHWELL SURGERY,31229522,"-2,097.00",879108291,HT000046757,,,,,,
Department of Health,NHS East & North Hertfordshire CCG,29/02/2020,C&M-GMS Cost of Drugs -Dispensing,LOCAL ENHANCED SERVICES,ASHWELL SURGERY,31229523,"45,087.58",879108291,HT000046758,,,,,,
Department of Health,NHS East & North Hertfordshire CCG,29/02/2020,C&M-GMS Prof Fees Dispensing,PRC DELEGATED CO-COMMISSIONING,ASHWELL SURGERY,31229523,"8,284.40",879108291,HT000046758,,,,,,
Department of Health,NHS East & North Hertfordshire CCG,29/02/2020,C&M-GMS PrscrptnChrgsColl&RmttdbyGP,LOCAL ENHANCED SERVICES,ASHWELL SURGERY,31229523,"2,097.00",879108291,HT000046758,,,,,,
Department of Health,NHS East & North Hertfordshire CCG,29/02/2020,Computer Network Costs,IT NETWORK & TELECOMS,ASSURED DATA PROTECTION LTD,30970545,"120,000.00",,SI2577,,,,,,
Department of Health,NHS East & North Hertfordshire CCG,29/02/2020,C&M-GMS Global Sum,PRC DELEGATED CO-COMMISSIONING,BANCROFT MEDICAL CENTRE,31202672,"120,872.53",,HT000046592,,,,,,
Department of Health,NHS East & North Hertfordshire CCG,29/02/2020,C&M-GMS MPIG Correction Factor,PRC DELEGATED CO-COMMISSIONING,BANCROFT MEDICAL CENTRE,31202672,119.68,,HT000046592,,,,,,
Department of Health,NHS East & North Hertfordshire CCG,29/02/2020,C&M-GMS PCN DES Participation,PRC DELEGATED CO-COMMISSIONING,BANCROFT MEDICAL CENTRE,31202672,"2,453.14",,HT000046592,,,,,,
Department of Health,NHS East & North Hertfordshire CCG,29/02/2020,C&M-GMS PCO Locum Sickness,PRC DELEGATED CO-COMMISSIONING,BANCROFT MEDICAL CENTRE,31202672,"13,261.09",,HT000046592,,,,,,
Department of Health,NHS East & North Hertfordshire CCG,29/02/2020,C&M-GMS Prem Actual Rent,PRC DELEGATED CO-COMMISSIONING,BANCROFT MEDICAL CENTRE,31202672,"60,927.50",,HT000046592,,,,,,
Department of Health,NHS East & North Hertfordshire CCG,29/02/2020,Hcare Srv Rec NHS Trust-Prior Year,REABLEMENT,BARNET ENFIELD AND HARINGEY MENTAL HEALTH NHS TRUST,31272448,"35,579.21",GB 654408435,41427603,,,,,,
Department of Health,NHS East & North Hertfordshire CCG,29/02/2020,Hcare Srv Rec NHS Trust-Contract Baseline,ACUTE COMMISSIONING,BARTS HEALTH NHS TRUST,31039848,"235,736.12",654947005,396902,,,,,,
Department of Health,NHS East & North Hertfordshire CCG,29/02/2020,Hcare Srv Rec NHS Trust-Contract Baseline,ACUTE COMMISSIONING,BARTS HEALTH NHS TRUST,31272549,"199,617.27",654947005,399150,,,,,,
Department of Health,NHS East & North Hertfordshire CCG,29/02/2020,Hcare Srv Rec Fdtn Trust-Contract Baseline,ACUTE COMMISSIONING,BASILDON & THURROCK UNIVERSITY HOSPITALS NHS FOUNDATION TRUST,30902491,"56,567.00",GB 654911917,107401,,,,,,
Department of Health,NHS East & North Hertfordshire CCG,29/02/2020,Hcare Srv Rec NHS Trust-Contract Baseline,ACUTE COMMISSIONING,BEDFORD HOSPITAL NHS TRUST,30902501,"36,201.54",654912424,I0175879,,,,,,
Department of Health,NHS East & North Hertfordshire CCG,29/02/2020,C&M-GMS Global Sum,PRC DELEGATED CO-COMMISSIONING,BEDWELL MEDICAL CENTRE,31202579,"88,188.79",,HT000046491,,,,,,
Department of Health,NHS East & North Hertfordshire CCG,29/02/2020,C&M-GMS PCN DES Participation,PRC DELEGATED CO-COMMISSIONING,BEDWELL MEDICAL CENTRE,31202579,"1,819.72",,HT000046491,,,,,,
Department of Health,NHS East & North Hertfordshire CCG,29/02/2020,C&M-GMS Prem Notional Rent,PRC DELEGATED CO-COMMISSIONING,BEDWELL MEDICAL CENTRE,31202579,"3,229.17",,HT000046491,,,,,,
Department of Health,NHS East & North Hertfordshire CCG,29/02/2020,C&M-GMS Prem Rates,PRC DELEGATED CO-COMMISSIONING,BEDWELL MEDICAL CENTRE,31202579,"1,646.25",,HT000046491,,,,,,
Department of Health,NHS East & North Hertfordshire CCG,29/02/2020,C&M-GMS PCN DES Participation,PRC DELEGATED CO-COMMISSIONING,BIRCHWOOD SURGERY,31202582,-224.07,,HT000046494,,,,,,
Department of Health,NHS East & North Hertfordshire CCG,29/02/2020,C&M-GMS Prem Rates,PRC DELEGATED CO-COMMISSIONING,BIRCHWOOD SURGERY,31202582,"-1,086.00",,HT000046494,,,,,,
Department of Health,NHS East & North Hertfordshire CCG,29/02/2020,ME - GMS GP Prior Year ERs,PRC DELEGATED CO-COMMISSIONING,BIRCHWOOD SURGERY,31202582,"-8,872.36",,HT000046494,,,,,,
Department of Health,NHS East & North Hertfordshire CCG,29/02/2020,ME-GMS GP Pension EEs,PRC DELEGATED CO-COMMISSIONING,BIRCHWOOD SURGERY,31202582,"-6,927.78",,HT000046494,,,,,,
Department of Health,NHS East & North Hertfordshire CCG,29/02/2020,ME-GMS GP Pension EEs Adjustments,PRC DELEGATED CO-COMMISSIONING,BIRCHWOOD SURGERY,31202582,"-12,380.91",,HT000046494,,,,,,
Department of Health,NHS East & North Hertfordshire CCG,29/02/2020,ME-GMS GP Pension ERs Adjustments,PRC DELEGATED CO-COMMISSIONING,BIRCHWOOD SURGERY,31202582,"-22,069.16",,HT000046494,,,,,,
Department of Health,NHS East & North Hertfordshire CCG,29/02/2020,ME-GMS GP Prior Year AVCs,PRC DELEGATED CO-COMMISSIONING,BIRCHWOOD SURGERY,31202582,-469.46,,HT000046494,,,,,,
Department of Health,NHS East & North Hertfordshire CCG,29/02/2020,ME-GMS GP Prior Year EEs,PRC DELEGATED CO-COMMISSIONING,BIRCHWOOD SURGERY,31202582,"-8,962.32",,HT000046494,,,,,,
Department of Health,NHS East & North Hertfordshire CCG,29/02/2020,C&M-GMS Global Sum,PRC DELEGATED CO-COMMISSIONING,BIRCHWOOD SURGERY,31202583,"92,607.48",,HT000046495,,,,,,
Department of Health,NHS East & North Hertfordshire CCG,29/02/2020,C&M-GMS PCN DES Participation,PRC DELEGATED CO-COMMISSIONING,BIRCHWOOD SURGERY,31202583,"2,126.10",,HT000046495,,,,,,
Department of Health,NHS East & North Hertfordshire CCG,29/02/2020,C&M-GMS PCO Locum Adop/Pat/Mat,PRC DELEGATED CO-COMMISSIONING,BIRCHWOOD SURGERY,31202583,"6,551.52",,HT000046495,,,,,,
Department of Health,NHS East & North Hertfordshire CCG,29/02/2020,C&M-GMS Prem Actual Rent,PRC DELEGATED CO-COMMISSIONING,BIRCHWOOD SURGERY,31202583,"9,129.17",,HT000046495,,,,,,
Department of Health,NHS East & North Hertfordshire CCG,29/02/2020,C&M-GMS Prem Rates,PRC DELEGATED CO-COMMISSIONING,BIRCHWOOD SURGERY,31202583,"1,086.00",,HT000046495,,,,,,
Department of Health,NHS East & North Hertfordshire CCG,29/02/2020,ME-GMS GP Pension EEs Adjustments,PRC DELEGATED CO-COMMISSIONING,BIRCHWOOD SURGERY,31202583,"3,136.71",,HT000046495,,,,,,
Department of Health,NHS East & North Hertfordshire CCG,29/02/2020,ME-GMS GP Pension ERs Adjustments,PRC DELEGATED CO-COMMISSIONING,BIRCHWOOD SURGERY,31202583,"2,760.22",,HT000046495,,,,,,
Department of Health,NHS East & North Hertfordshire CCG,29/02/2020,Clinical&Medical-Independent Sector,ACUTE COMMISSIONING,BMI HEALTHCARE LTD,30924312,"34,987.30",GB235134980,121364,,,,,,
Department of Health,NHS East & North Hertfordshire CCG,29/02/2020,Clinical&Medical-Independent Sector,ACUTE COMMISSIONING,BMI HEALTHCARE LTD,31057572,"170,226.34",GB235134980,121609,,,,,,
Department of Health,NHS East & North Hertfordshire CCG,29/02/2020,Clinical&Medical-Independent Sector,ACUTE COMMISSIONING,BMI HEALTHCARE LTD,31057575,"174,304.62",GB235134980,121563,,,,,,
Department of Health,NHS East & North Hertfordshire CCG,29/02/2020,Clinical&Medical-Independent Sector,ACUTE COMMISSIONING,BMI HEALTHCARE LTD,31244241,"-59,161.61",GB235134980,122034,,,,,,
Department of Health,NHS East & North Hertfordshire CCG,29/02/2020,C&M-GMS DES Extended Hours Access,PRC DELEGATED CO-COMMISSIONING,BRIDGE COTTAGE SURGERY,31202589,"4,489.17",,HT000046501,,,,,,
Department of Health,NHS East & North Hertfordshire CCG,29/02/2020,C&M-GMS Global Sum,PRC DELEGATED CO-COMMISSIONING,BRIDGE COTTAGE SURGERY,31202589,"115,169.14",,HT000046501,,,,,,
Department of Health,NHS East & North Hertfordshire CCG,29/02/2020,C&M-GMS PCN DES Clin Pharmacist,PRC DELEGATED CO-COMMISSIONING,BRIDGE COTTAGE SURGERY,31202589,"3,150.83",,HT000046501,,,,,,
Department of Health,NHS East & North Hertfordshire CCG,29/02/2020,C&M-GMS PCN DES Clinical Director,PRC DELEGATED CO-COMMISSIONING,BRIDGE COTTAGE SURGERY,31202589,"2,099.58",,HT000046501,,,,,,
Department of Health,NHS East & North Hertfordshire CCG,29/02/2020,C&M-GMS PCN DES PCN support,LOCAL ENHANCED SERVICES,BRIDGE COTTAGE SURGERY,31202589,"4,595.38",,HT000046501,,,,,,
Department of Health,NHS East & North Hertfordshire CCG,29/02/2020,C&M-GMS PCN DES Participation,PRC DELEGATED CO-COMMISSIONING,BRIDGE COTTAGE SURGERY,31202589,"2,340.86",,HT000046501,,,,,,
Department of Health,NHS East & North Hertfordshire CCG,29/02/2020,C&M-GMS Prem Notional Rent,PRC DELEGATED CO-COMMISSIONING,BRIDGE COTTAGE SURGERY,31202589,"9,508.33",,HT000046501,,,,,,
Department of Health,NHS East & North Hertfordshire CCG,29/02/2020,C&M-GMS Prem Rates,PRC DELEGATED CO-COMMISSIONING,BRIDGE COTTAGE SURGERY,31202589,"2,011.50",,HT000046501,,,,,,
Department of Health,NHS East & North Hertfordshire CCG,29/02/2020,C&M-GMS Global Sum,PRC DELEGATED CO-COMMISSIONING,BUNTINGFORD MEDICAL CENTRE,31202585,"58,394.00",,HT000046497,,,,,,
Department of Health,NHS East & North Hertfordshire CCG,29/02/2020,C&M-GMS PCN DES Participation,PRC DELEGATED CO-COMMISSIONING,BUNTINGFORD MEDICAL CENTRE,31202585,"1,074.84",,HT000046497,,,,,,
Department of Health,NHS East & North Hertfordshire CCG,29/02/2020,C&M-GMS Prem Actual Rent,PRC DELEGATED CO-COMMISSIONING,BUNTINGFORD MEDICAL CENTRE,31202585,"4,700.00",,HT000046497,,,,,,
Department of Health,NHS East & North Hertfordshire CCG,29/02/2020,C&M-GMS Prem Rates,PRC DELEGATED CO-COMMISSIONING,BUNTINGFORD MEDICAL CENTRE,31202585,740.25,,HT000046497,,,,,,
Department of Health,NHS East & North Hertfordshire CCG,29/02/2020,C&M-GMS Global Sum,PRC DELEGATED CO-COMMISSIONING,BURVILL HOUSE SURGERY,31202587,"75,304.57",,HT000046499,,,,,,
Department of Health,NHS East & North Hertfordshire CCG,29/02/2020,C&M-GMS Other FDR Payment,PRC DELEGATED CO-COMMISSIONING,BURVILL HOUSE SURGERY,31202587,"1,992.95",,HT000046499,,,,,,
Department of Health,NHS East & North Hertfordshire CCG,29/02/2020,C&M-GMS PCN DES Participation,PRC DELEGATED CO-COMMISSIONING,BURVILL HOUSE SURGERY,31202587,"1,822.27",,HT000046499,,,,,,
Department of Health,NHS East & North Hertfordshire CCG,29/02/2020,C&M-GMS PCO Locum Sickness,PRC DELEGATED CO-COMMISSIONING,BURVILL HOUSE SURGERY,31202587,"9,445.62",,HT000046499,,,,,,
Department of Health,NHS East & North Hertfordshire CCG,29/02/2020,C&M-GMS Prem Notional Rent,PRC DELEGATED CO-COMMISSIONING,BURVILL HOUSE SURGERY,31202587,"4,808.33",,HT000046499,,,,,,
Department of Health,NHS East & North Hertfordshire CCG,29/02/2020,NHS Payables <1Yr-Non PO Accruals,BALANCE SHEET,CAMBRIDGE UNIVERSITY HOSPITALS NHS FOUNDATION TRUST,30884260,"1,556,215.67",654910528,70024967,,,,,,
Department of Health,NHS East & North Hertfordshire CCG,29/02/2020,Hcare Srv Rec Fdtn Trust-Over/ Under Performance,ACUTE COMMISSIONING,CAMBRIDGE UNIVERSITY HOSPITALS NHS FOUNDATION TRUST,31057591,"119,053.63",654910528,80226673,,,,,,
Department of Health,NHS East & North Hertfordshire CCG,29/02/2020,Hcare Srv Rec Fdtn Trust-Over/ Under Performance,ACUTE COMMISSIONING,CAMBRIDGE UNIVERSITY HOSPITALS NHS FOUNDATION TRUST,31272512,"133,036.01",654910528,80227437,,,,,,
Department of Health,NHS East & North Hertfordshire CCG,29/02/2020,Cont Care-Learning Disab(<65),CHC ADULT FULLY FUNDED,CANDOUR CARE SERVICES,31078587,"30,264.06",,533,,,,,,
Department of Health,NHS East & North Hertfordshire CCG,29/02/2020,C&M-GMS DES Extended Hours Access,PRC DELEGATED CO-COMMISSIONING,CASTLEGATE SURGERY HERTFORD,31202597,"6,321.69",,HT000046509,,,,,,
Department of Health,NHS East & North Hertfordshire CCG,29/02/2020,C&M-GMS Global Sum,PRC DELEGATED CO-COMMISSIONING,CASTLEGATE SURGERY HERTFORD,31202597,"58,676.56",,HT000046509,,,,,,
Department of Health,NHS East & North Hertfordshire CCG,29/02/2020,C&M-GMS MPIG Correction Factor,PRC DELEGATED CO-COMMISSIONING,CASTLEGATE SURGERY HERTFORD,31202597,53.88,,HT000046509,,,,,,
Department of Health,NHS East & North Hertfordshire CCG,29/02/2020,C&M-GMS PCN DES Clinical Director,PRC DELEGATED CO-COMMISSIONING,CASTLEGATE SURGERY HERTFORD,31202597,"2,956.64",,HT000046509,,,,,,
Department of Health,NHS East & North Hertfordshire CCG,29/02/2020,C&M-GMS PCN DES PCN support,LOCAL ENHANCED SERVICES,CASTLEGATE SURGERY HERTFORD,31202597,"6,471.25",,HT000046509,,,,,,
Department of Health,NHS East & North Hertfordshire CCG,29/02/2020,C&M-GMS PCN DES Participation,PRC DELEGATED CO-COMMISSIONING,CASTLEGATE SURGERY HERTFORD,31202597,"1,061.74",,HT000046509,,,,,,
Department of Health,NHS East & North Hertfordshire CCG,29/02/2020,C&M-GMS Prem Actual Rent,PRC DELEGATED CO-COMMISSIONING,CASTLEGATE SURGERY HERTFORD,31202597,"20,610.00",,HT000046509,,,,,,
Department of Health,NHS East & North Hertfordshire CCG,29/02/2020,C&M-GMS Prem Rates,PRC DELEGATED CO-COMMISSIONING,CASTLEGATE SURGERY HERTFORD,31202597,"1,059.75",,HT000046509,,,,,,
Department of Health,NHS East & North Hertfordshire CCG,29/02/2020,Computer Hardware Purch,ADHOC BUSINESS,CDW,31083755,"58,610.88",GB902194939,PSINV02682101,,,,,,
Department of Health,NHS East & North Hertfordshire CCG,29/02/2020,C&M-GMS Global Sum,PRC DELEGATED CO-COMMISSIONING,CHELLS WAY SURGERY,31202591,"98,365.53",,HT000046503,,,,,,
Department of Health,NHS East & North Hertfordshire CCG,29/02/2020,C&M-GMS MPIG Correction Factor,PRC DELEGATED CO-COMMISSIONING,CHELLS WAY SURGERY,31202591,151.94,,HT000046503,,,,,,
Department of Health,NHS East & North Hertfordshire CCG,29/02/2020,C&M-GMS PCN DES Participation,PRC DELEGATED CO-COMMISSIONING,CHELLS WAY SURGERY,31202591,"2,003.58",,HT000046503,,,,,,
Department of Health,NHS East & North Hertfordshire CCG,29/02/2020,C&M-GMS Prem Actual Rent,PRC DELEGATED CO-COMMISSIONING,CHELLS WAY SURGERY,31202591,"49,792.50",,HT000046503,,,,,,
Department of Health,NHS East & North Hertfordshire CCG,29/02/2020,C&M-GMS Prem Rates,PRC DELEGATED CO-COMMISSIONING,CHELLS WAY SURGERY,31202591,"1,005.75",,HT000046503,,,,,,
Department of Health,NHS East & North Hertfordshire CCG,29/02/2020,C&M-GMS Prem Water Rates,PRC DELEGATED CO-COMMISSIONING,CHELLS WAY SURGERY,31202591,424.2,,HT000046503,,,,,,
Department of Health,NHS East & North Hertfordshire CCG,29/02/2020,Hcare Srv Rec Fdtn Trust-Contract Baseline,ACUTE COMMISSIONING,CHELSEA AND WESTMINSTER HOSPITAL NHS FOUNDATION TRUST,31001286,"29,346.18",654915415,N0038489,,,,,,
Department of Health,NHS East & North Hertfordshire CCG,29/02/2020,C&M-GMS Global Sum,PRC DELEGATED CO-COMMISSIONING,CHURCH STREET SURGERY BISHOPS STORT,31202593,"98,378.80",,HT000046505,,,,,,
Department of Health,NHS East & North Hertfordshire CCG,29/02/2020,C&M-GMS MPIG Correction Factor,PRC DELEGATED CO-COMMISSIONING,CHURCH STREET SURGERY BISHOPS STORT,31202593,318.82,,HT000046505,,,,,,
Department of Health,NHS East & North Hertfordshire CCG,29/02/2020,C&M-GMS PCN DES Participation,PRC DELEGATED CO-COMMISSIONING,CHURCH STREET SURGERY BISHOPS STORT,31202593,"2,531.05",,HT000046505,,,,,,
Department of Health,NHS East & North Hertfordshire CCG,29/02/2020,C&M-GMS PCO Locum Adop/Pat/Mat,PRC DELEGATED CO-COMMISSIONING,CHURCH STREET SURGERY BISHOPS STORT,31202593,"6,791.43",,HT000046505,,,,,,
Department of Health,NHS East & North Hertfordshire CCG,29/02/2020,C&M-GMS Prem Actual Rent,PRC DELEGATED CO-COMMISSIONING,CHURCH STREET SURGERY BISHOPS STORT,31202593,"8,600.00",,HT000046505,,,,,,
Department of Health,NHS East & North Hertfordshire CCG,29/02/2020,C&M-GMS Prem Clinical Waste,PRC DELEGATED CO-COMMISSIONING,CHURCH STREET SURGERY BISHOPS STORT,31202593,431.06,,HT000046505,,,,,,
Department of Health,NHS East & North Hertfordshire CCG,29/02/2020,C&M-GMS Prem Cost Rent,PRC DELEGATED CO-COMMISSIONING,CHURCH STREET SURGERY BISHOPS STORT,31202593,"6,936.58",,HT000046505,,,,,,
Department of Health,NHS East & North Hertfordshire CCG,29/02/2020,C&M-GMS Prem Rates,PRC DELEGATED CO-COMMISSIONING,CHURCH STREET SURGERY BISHOPS STORT,31202593,"8,861.95",,HT000046505,,,,,,
Department of Health,NHS East & North Hertfordshire CCG,29/02/2020,C&M-GMS Prem Water Rates,PRC DELEGATED CO-COMMISSIONING,CHURCH STREET SURGERY BISHOPS STORT,31202593,"1,228.30",,HT000046505,,,,,,
Department of Health,NHS East & North Hertfordshire CCG,29/02/2020,C&M-GMS Global Sum,PRC DELEGATED CO-COMMISSIONING,CHURCH STREET SURGERY WARE,31202595,"59,516.08",,HT000046507,,,,,,
Department of Health,NHS East & North Hertfordshire CCG,29/02/2020,C&M-GMS MPIG Correction Factor,PRC DELEGATED CO-COMMISSIONING,CHURCH STREET SURGERY WARE,31202595,420.95,,HT000046507,,,,,,
Department of Health,NHS East & North Hertfordshire CCG,29/02/2020,C&M-GMS PCN DES Participation,PRC DELEGATED CO-COMMISSIONING,CHURCH STREET SURGERY WARE,31202595,"1,204.61",,HT000046507,,,,,,
Department of Health,NHS East & North Hertfordshire CCG,29/02/2020,C&M-GMS Prem Notional Rent,PRC DELEGATED CO-COMMISSIONING,CHURCH STREET SURGERY WARE,31202595,"6,129.17",,HT000046507,,,,,,
Department of Health,NHS East & North Hertfordshire CCG,29/02/2020,C&M-GMS Prem Rates,PRC DELEGATED CO-COMMISSIONING,CHURCH STREET SURGERY WARE,31202595,"1,694.25",,HT000046507,,,,,,
Department of Health,NHS East & North Hertfordshire CCG,29/02/2020,C&M-GMS Global Sum,PRC DELEGATED CO-COMMISSIONING,CROMWELL MEDICAL CENTRE,31224381,"55,273.94",,HT000046511,,,,,,
Department of Health,NHS East & North Hertfordshire CCG,29/02/2020,C&M-GMS PCN DES Participation,PRC DELEGATED CO-COMMISSIONING,CROMWELL MEDICAL CENTRE,31224381,"1,822.57",,HT000046511,,,,,,
Department of Health,NHS East & North Hertfordshire CCG,29/02/2020,C&M-GMS PCO Locum Adop/Pat/Mat,PRC DELEGATED CO-COMMISSIONING,CROMWELL MEDICAL CENTRE,31224381,"20,563.60",,HT000046511,,,,,,
Department of Health,NHS East & North Hertfordshire CCG,29/02/2020,C&M-GMS Prem Notional Rent,PRC DELEGATED CO-COMMISSIONING,CROMWELL MEDICAL CENTRE,31224381,"5,275.00",,HT000046511,,,,,,
Department of Health,NHS East & North Hertfordshire CCG,29/02/2020,C&M-GMS Prem Rates,PRC DELEGATED CO-COMMISSIONING,CROMWELL MEDICAL CENTRE,31224381,"1,785.00",,HT000046511,,,,,,
Department of Health,NHS East & North Hertfordshire CCG,29/02/2020,C&M-GMS Global Sum,PRC DELEGATED CO-COMMISSIONING,CUFFLEY & GOFFS OAK MEDICAL PRACTICE,31202600,"90,105.29",,HT000046513,,,,,,
Department of Health,NHS East & North Hertfordshire CCG,29/02/2020,C&M-GMS PCN DES Participation,PRC DELEGATED CO-COMMISSIONING,CUFFLEY & GOFFS OAK MEDICAL PRACTICE,31202600,"1,902.03",,HT000046513,,,,,,
Department of Health,NHS East & North Hertfordshire CCG,29/02/2020,C&M-GMS Prem Actual Rent,PRC DELEGATED CO-COMMISSIONING,CUFFLEY & GOFFS OAK MEDICAL PRACTICE,31202600,"2,078.01",,HT000046513,,,,,,
Department of Health,NHS East & North Hertfordshire CCG,29/02/2020,C&M-GMS Prem Rates,PRC DELEGATED CO-COMMISSIONING,CUFFLEY & GOFFS OAK MEDICAL PRACTICE,31202600,"1,830.00",,HT000046513,,,,,,
Department of Health,NHS East & North Hertfordshire CCG,29/02/2020,ME - GMS GP Prior Year ERs,PRC DELEGATED CO-COMMISSIONING,CUFFLEY & GOFFS OAK MEDICAL PRACTICE,31202600,"9,490.77",,HT000046513,,,,,,
Department of Health,NHS East & North Hertfordshire CCG,29/02/2020,Clinical&Medical-Independent Sector,INTERMEDIATE CARE,DOLPHIN HOUSE SURGERY,31022276,"26,668.50",,08-Feb-20,,,,,,
Department of Health,NHS East & North Hertfordshire CCG,29/02/2020,C&M-GMS Global Sum,PRC DELEGATED CO-COMMISSIONING,DOLPHIN HOUSE SURGERY,31202602,"94,043.61",,HT000046515,,,,,,
Department of Health,NHS East & North Hertfordshire CCG,29/02/2020,C&M-GMS MPIG Correction Factor,PRC DELEGATED CO-COMMISSIONING,DOLPHIN HOUSE SURGERY,31202602,"1,401.57",,HT000046515,,,,,,
Department of Health,NHS East & North Hertfordshire CCG,29/02/2020,C&M-GMS PCN DES Participation,PRC DELEGATED CO-COMMISSIONING,DOLPHIN HOUSE SURGERY,31202602,"1,906.01",,HT000046515,,,,,,
Department of Health,NHS East & North Hertfordshire CCG,29/02/2020,C&M-GMS Prem Actual Rent,PRC DELEGATED CO-COMMISSIONING,DOLPHIN HOUSE SURGERY,31202602,"21,485.41",,HT000046515,,,,,,
Department of Health,NHS East & North Hertfordshire CCG,29/02/2020,C&M-GMS Prem Notional Rent,PRC DELEGATED CO-COMMISSIONING,DOLPHIN HOUSE SURGERY,31202602,39.58,,HT000046515,,,,,,
Department of Health,NHS East & North Hertfordshire CCG,29/02/2020,ME - GMS GP Prior Year ERs,PRC DELEGATED CO-COMMISSIONING,DOLPHIN HOUSE SURGERY,31202602,"1,064.26",,HT000046515,,,,,,
Department of Health,NHS East & North Hertfordshire CCG,29/02/2020,ME-GMS GP Prior Year EEs,PRC DELEGATED CO-COMMISSIONING,DOLPHIN HOUSE SURGERY,31202602,"1,073.14",,HT000046515,,,,,,
Department of Health,NHS East & North Hertfordshire CCG,31/01/2020,Hcare Srv Rec NHS Trust-Contract Baseline,ACUTE COMMISSIONING,EAST AND NORTH HERTFORDSHIRE NHS TRUST,30735749,"19,803,002.00",654973984,4168093,,,,,,
Department of Health,NHS East & North Hertfordshire CCG,29/02/2020,Cont Care-NHS Trust,CHC CHILDREN,EAST AND NORTH HERTFORDSHIRE NHS TRUST,31039859,"61,528.85",654973984,4168536,,,,,,
Department of Health,NHS East & North Hertfordshire CCG,29/02/2020,Cont Care-NHS Trust,CHC CHILDREN,EAST AND NORTH HERTFORDSHIRE NHS TRUST,31168432,"68,161.72",654973984,4168893,,,,,,
Department of Health,NHS East & North Hertfordshire CCG,29/02/2020,Hcare Srv Rec NHS Trust-Non Contract,WINTER PRESSURES,EAST AND NORTH HERTFORDSHIRE NHS TRUST,31187193,"35,000.00",654973984,4168623,,,,,,
Department of Health,NHS East & North Hertfordshire CCG,29/02/2020,Hcare Srv Rec NHS Trust-Non Contract,WINTER PRESSURES,EAST AND NORTH HERTFORDSHIRE NHS TRUST,31187195,"35,000.00",654973984,4168624,,,,,,
Department of Health,NHS East & North Hertfordshire CCG,29/02/2020,Hcare Srv Rec NHS Trust-Non Contract,WINTER PRESSURES,EAST AND NORTH HERTFORDSHIRE NHS TRUST,31187348,"35,000.00",654973984,4168939,,,,,,
Department of Health,NHS East & North Hertfordshire CCG,29/02/2020,Hcare Srv Rec NHS Trust-Non Contract,ACUTE COMMISSIONING,EAST AND NORTH HERTFORDSHIRE NHS TRUST,31211661,"90,437.58",654973984,4159663,,,,,,
Department of Health,NHS East & North Hertfordshire CCG,29/02/2020,Hcare Srv Rec NHS Trust-Non Contract,ACUTE COMMISSIONING,EAST AND NORTH HERTFORDSHIRE NHS TRUST,31211665,"61,809.91",654973984,4159704,,,,,,
Department of Health,NHS East & North Hertfordshire CCG,29/02/2020,Hcare Srv Rec NHS Trust-Non Contract,ACUTE COMMISSIONING,EAST AND NORTH HERTFORDSHIRE NHS TRUST,31259986,"72,378.00",654973984,4168540,,,,,,
Department of Health,NHS East & North Hertfordshire CCG,29/02/2020,Hcare Srv Rec NHS Trust-Prior Year,ACUTE COMMISSIONING,EAST AND NORTH HERTFORDSHIRE NHS TRUST,31259986,"53,122.00",654973984,4168540,,,,,,
Department of Health,NHS East & North Hertfordshire CCG,29/02/2020,Hcare Srv Rec NHS Trust,PATIENT TRANSPORT,EAST OF ENGLAND AMBULANCE SERVICE NHS TRUST,30884364,"40,334.00",654919501,8117618,,,,,,
Department of Health,NHS East & North Hertfordshire CCG,29/02/2020,Hcare Srv Rec NHS Trust-Contract Baseline,AMBULANCE SERVICES,EAST OF ENGLAND AMBULANCE SERVICE NHS TRUST,31001508,"1,815,485.69",654919501,8117654,,,,,,
Department of Health,NHS East & North Hertfordshire CCG,29/02/2020,Travel Booking Services,PATIENT TRANSPORT,EAST OF ENGLAND AMBULANCE SERVICE NHS TRUST,31001514,"233,181.00",654919501,8117676,,,,,,
Department of Health,NHS East & North Hertfordshire CCG,29/02/2020,Hcare Srv Rec NHS Trust-Non Contract,AMBULANCE SERVICES,EAST OF ENGLAND AMBULANCE SERVICE NHS TRUST,31168319,"30,139.60",654919501,8117772,,,,,,
Department of Health,NHS East & North Hertfordshire CCG,29/02/2020,Clinical&Medical-Clinical Other,GP FORWARD VIEW,EPHEDRA HEALTHCARE LTD,31109136,"38,992.60",,EAFEB2020,,,,,,
Department of Health,NHS East & North Hertfordshire CCG,29/02/2020,Clinical&Medical-Clinical Other,PRC DELEGATED CO-COMMISSIONING,EPHEDRA HEALTHCARE LTD,31187223,"31,603.00",,WPJAN2020,,,,,,
Department of Health,NHS East & North Hertfordshire CCG,29/02/2020,Hcare Srv Rec Fdtn Trust-Contract Cost per Case,COMMUNITY SERVICES,ESSEX PARTNERSHIP UNIVERSITY NHS FT,31001758,"64,828.42",GB654974100,I0069389,,,,,,
Department of Health,NHS East & North Hertfordshire CCG,29/02/2020,C&M-GMS DES Extended Hours Access,PRC DELEGATED CO-COMMISSIONING,GARDEN CITY PRACTICE,31202604,"4,342.52",,HT000046517,,,,,,
Department of Health,NHS East & North Hertfordshire CCG,29/02/2020,C&M-GMS Global Sum,PRC DELEGATED CO-COMMISSIONING,GARDEN CITY PRACTICE,31202604,"69,064.59",,HT000046517,,,,,,
Department of Health,NHS East & North Hertfordshire CCG,29/02/2020,C&M-GMS Other FDR Payment,PRC DELEGATED CO-COMMISSIONING,GARDEN CITY PRACTICE,31202604,"3,028.70",,HT000046517,,,,,,
Department of Health,NHS East & North Hertfordshire CCG,29/02/2020,C&M-GMS PCN DES Clinical Director,PRC DELEGATED CO-COMMISSIONING,GARDEN CITY PRACTICE,31202604,"2,030.99",,HT000046517,,,,,,
Department of Health,NHS East & North Hertfordshire CCG,29/02/2020,C&M-GMS PCN DES PCN support,LOCAL ENHANCED SERVICES,GARDEN CITY PRACTICE,31202604,"4,445.25",,HT000046517,,,,,,
Department of Health,NHS East & North Hertfordshire CCG,29/02/2020,C&M-GMS PCN DES Participation,PRC DELEGATED CO-COMMISSIONING,GARDEN CITY PRACTICE,31202604,"1,356.45",,HT000046517,,,,,,
Department of Health,NHS East & North Hertfordshire CCG,29/02/2020,C&M-GMS PCN DES Soc Prescribing,PRC DELEGATED CO-COMMISSIONING,GARDEN CITY PRACTICE,31202604,"2,842.75",,HT000046517,,,,,,
Department of Health,NHS East & North Hertfordshire CCG,29/02/2020,C&M-GMS Prem Actual Rent,PRC DELEGATED CO-COMMISSIONING,GARDEN CITY PRACTICE,31202604,"1,030.00",,HT000046517,,,,,,
Department of Health,NHS East & North Hertfordshire CCG,29/02/2020,C&M-GMS Prem Notional Rent,PRC DELEGATED CO-COMMISSIONING,GARDEN CITY PRACTICE,31202604,"2,471.25",,HT000046517,,,,,,
Department of Health,NHS East & North Hertfordshire CCG,29/02/2020,C&M-GMS Global Sum,PRC DELEGATED CO-COMMISSIONING,GARDEN CITY SURGERY,31202606,"51,485.28",,HT000046519,,,,,,
Department of Health,NHS East & North Hertfordshire CCG,29/02/2020,C&M-GMS MPIG Correction Factor,PRC DELEGATED CO-COMMISSIONING,GARDEN CITY SURGERY,31202606,530.71,,HT000046519,,,,,,
Department of Health,NHS East & North Hertfordshire CCG,29/02/2020,C&M-GMS PCN DES Participation,PRC DELEGATED CO-COMMISSIONING,GARDEN CITY SURGERY,31202606,"4,653.70",,HT000046519,,,,,,
Department of Health,NHS East & North Hertfordshire CCG,29/02/2020,C&M-GMS Prem Notional Rent,PRC DELEGATED CO-COMMISSIONING,GARDEN CITY SURGERY,31202606,"2,495.83",,HT000046519,,,,,,
Department of Health,NHS East & North Hertfordshire CCG,29/02/2020,C&M-GMS Prem Rates,PRC DELEGATED CO-COMMISSIONING,GARDEN CITY SURGERY,31202606,"1,647.75",,HT000046519,,,,,,
Department of Health,NHS East & North Hertfordshire CCG,29/02/2020,C&M-APMS Contract Value,PRC DELEGATED CO-COMMISSIONING,GENERATING HEALTHCARE LTD,30986459,"42,109.72",,HT000046304,,,,,,
Department of Health,NHS East & North Hertfordshire CCG,29/02/2020,C&M-APMS DES Extended Hours Access,PRC DELEGATED CO-COMMISSIONING,GENERATING HEALTHCARE LTD,30986459,"10,340.49",,HT000046304,,,,,,
Department of Health,NHS East & North Hertfordshire CCG,29/02/2020,C&M-APMS PCN DES Clinical Director,PRC DELEGATED CO-COMMISSIONING,GENERATING HEALTHCARE LTD,30986459,"4,836.22",,HT000046304,,,,,,
Department of Health,NHS East & North Hertfordshire CCG,29/02/2020,C&M-APMS PCN DES PCN support,LOCAL ENHANCED SERVICES,GENERATING HEALTHCARE LTD,30986459,"10,585.13",,HT000046304,,,,,,
Department of Health,NHS East & North Hertfordshire CCG,29/02/2020,C&M-APMS PCN DES Participation,PRC DELEGATED CO-COMMISSIONING,GENERATING HEALTHCARE LTD,30986459,713.57,,HT000046304,,,,,,
Department of Health,NHS East & North Hertfordshire CCG,29/02/2020,C&M-PMS QOF Aspiration,PRC DELEGATED CO-COMMISSIONING,GENERATING HEALTHCARE LTD,30986459,"2,744.43",,HT000046304,,,,,,
Department of Health,NHS East & North Hertfordshire CCG,29/02/2020,C&M-APMS Contract Value,PRC DELEGATED CO-COMMISSIONING,GENERATING HEALTHCARE LTD,30986461,"23,406.60",,HT000046306,,,,,,
Department of Health,NHS East & North Hertfordshire CCG,29/02/2020,C&M-APMS PCN DES Participation,PRC DELEGATED CO-COMMISSIONING,GENERATING HEALTHCARE LTD,30986461,395.35,,HT000046306,,,,,,
Department of Health,NHS East & North Hertfordshire CCG,29/02/2020,C&M-APMS Prem Actual Rent,PRC DELEGATED CO-COMMISSIONING,GENERATING HEALTHCARE LTD,30986461,"2,232.08",,HT000046306,,,,,,
Department of Health,NHS East & North Hertfordshire CCG,29/02/2020,C&M-PMS DES Learn Dsblty Hlth Chk,PRC DELEGATED CO-COMMISSIONING,GENERATING HEALTHCARE LTD,30986461,700,,HT000046306,,,,,,
Department of Health,NHS East & North Hertfordshire CCG,29/02/2020,C&M-PMS QOF Aspiration,PRC DELEGATED CO-COMMISSIONING,GENERATING HEALTHCARE LTD,30986461,"1,859.74",,HT000046306,,,,,,
Department of Health,NHS East & North Hertfordshire CCG,29/02/2020,Clinical&Medical-Clinical Other,PRC DELEGATED CO-COMMISSIONING,GENERATING HEALTHCARE LTD,31187553,"29,783.00",,WINTERPRESUREWR192004,,,,,,
Department of Health,NHS East & North Hertfordshire CCG,29/02/2020,Clinical&Medical-Clinical Other,GP FORWARD VIEW,GENERATING HEALTHCARE LTD,31211703,"40,508.28",,646,,,,,,
Department of Health,NHS East & North Hertfordshire CCG,29/02/2020,Hcare Srv Rec Fdtn Trust-Contract Baseline,ACUTE COMMISSIONING,GREAT ORMOND STREET HOSPITAL FOR CHILDREN NHS FOUNDATION TRUST,31001368,"63,129.42",654922910,X0231463,,,,,,
Department of Health,NHS East & North Hertfordshire CCG,29/02/2020,Hcare Srv Rec Fdtn Trust-Contract Baseline,ACUTE COMMISSIONING,GUYS & ST THOMAS HOSPITAL NHS FOUNDATION TRUST,31001276,"158,325.00",654923417,3280042,,,,,,
Department of Health,NHS East & North Hertfordshire CCG,29/02/2020,C&M-GMS DES Extended Hours Access,PRC DELEGATED CO-COMMISSIONING,HAILEY VIEW SURGERY,31224382,"5,072.62",,HT000046521,,,,,,
Department of Health,NHS East & North Hertfordshire CCG,29/02/2020,C&M-GMS Global Sum,PRC DELEGATED CO-COMMISSIONING,HAILEY VIEW SURGERY,31224382,"57,008.44",,HT000046521,,,,,,
Department of Health,NHS East & North Hertfordshire CCG,29/02/2020,C&M-GMS MPIG Correction Factor,PRC DELEGATED CO-COMMISSIONING,HAILEY VIEW SURGERY,31224382,14.4,,HT000046521,,,,,,
Department of Health,NHS East & North Hertfordshire CCG,29/02/2020,C&M-GMS PCN DES Clinical Director,PRC DELEGATED CO-COMMISSIONING,HAILEY VIEW SURGERY,31224382,"2,372.45",,HT000046521,,,,,,
Department of Health,NHS East & North Hertfordshire CCG,29/02/2020,C&M-GMS PCN DES PCN support,LOCAL ENHANCED SERVICES,HAILEY VIEW SURGERY,31224382,"14,645.12",,HT000046521,,,,,,
Department of Health,NHS East & North Hertfordshire CCG,29/02/2020,C&M-GMS PCN DES Participation,PRC DELEGATED CO-COMMISSIONING,HAILEY VIEW SURGERY,31224382,"2,003.58",,HT000046521,,,,,,
Department of Health,NHS East & North Hertfordshire CCG,29/02/2020,C&M-GMS Prem Actual Rent,PRC DELEGATED CO-COMMISSIONING,HAILEY VIEW SURGERY,31224382,"46,545.00",,HT000046521,,,,,,
Department of Health,NHS East & North Hertfordshire CCG,29/02/2020,C&M-GMS Prem Rates,PRC DELEGATED CO-COMMISSIONING,HAILEY VIEW SURGERY,31224382,"1,860.00",,HT000046521,,,,,,
Department of Health,NHS East & North Hertfordshire CCG,29/02/2020,ME-GMS GP Pension AVCs,PRC DELEGATED CO-COMMISSIONING,HAILEY VIEW SURGERY,31224382,105,,HT000046521,,,,,,
Department of Health,NHS East & North Hertfordshire CCG,29/02/2020,ME-GMS GP Pension EEs Adjustments,PRC DELEGATED CO-COMMISSIONING,HAILEY VIEW SURGERY,31224382,227.3,,HT000046521,,,,,,
Department of Health,NHS East & North Hertfordshire CCG,29/02/2020,ME-GMS GP Pension ERs Adjustments,PRC DELEGATED CO-COMMISSIONING,HAILEY VIEW SURGERY,31224382,524.25,,HT000046521,,,,,,
Department of Health,NHS East & North Hertfordshire CCG,29/02/2020,C&M-GMS Global Sum,PRC DELEGATED CO-COMMISSIONING,HALL GROVE SURGERY,31202610,"114,239.59",,HT000046525,,,,,,
Department of Health,NHS East & North Hertfordshire CCG,29/02/2020,C&M-GMS PCN DES Participation,PRC DELEGATED CO-COMMISSIONING,HALL GROVE SURGERY,31202610,"2,338.43",,HT000046525,,,,,,
Department of Health,NHS East & North Hertfordshire CCG,29/02/2020,C&M-GMS Prem Notional Rent,PRC DELEGATED CO-COMMISSIONING,HALL GROVE SURGERY,31202610,"8,058.33",,HT000046525,,,,,,
Department of Health,NHS East & North Hertfordshire CCG,29/02/2020,C&M-GMS Prem Rates,PRC DELEGATED CO-COMMISSIONING,HALL GROVE SURGERY,31202610,"1,229.25",,HT000046525,,,,,,
Department of Health,NHS East & North Hertfordshire CCG,29/02/2020,C&M-GMS Prem Rates,PRC DELEGATED CO-COMMISSIONING,HALL GROVE SURGERY,31224383,"-1,229.25",,HT000046524,,,,,,
Department of Health,NHS East & North Hertfordshire CCG,29/02/2020,ME - GMS TPS Added Years Adj EEs,PRC DELEGATED CO-COMMISSIONING,HALL GROVE SURGERY,31224383,-956.6,,HT000046524,,,,,,
Department of Health,NHS East & North Hertfordshire CCG,29/02/2020,ME-GMS GP Pension AVCs,PRC DELEGATED CO-COMMISSIONING,HALL GROVE SURGERY,31224383,-361.72,,HT000046524,,,,,,
Department of Health,NHS East & North Hertfordshire CCG,29/02/2020,ME-GMS GP Pension EEs,PRC DELEGATED CO-COMMISSIONING,HALL GROVE SURGERY,31224383,"-11,047.62",,HT000046524,,,,,,
Department of Health,NHS East & North Hertfordshire CCG,29/02/2020,ME-GMS GP Pension EEs Adjustments,PRC DELEGATED CO-COMMISSIONING,HALL GROVE SURGERY,31224383,"-4,262.40",,HT000046524,,,,,,
Department of Health,NHS East & North Hertfordshire CCG,29/02/2020,ME-GMS GP Pension ERs Adjustments,PRC DELEGATED CO-COMMISSIONING,HALL GROVE SURGERY,31224383,"-14,781.09",,HT000046524,,,,,,
Department of Health,NHS East & North Hertfordshire CCG,29/02/2020,C&M-GMS Global Sum,PRC DELEGATED CO-COMMISSIONING,HANSCOMBE HOUSE SURGERY,31202612,"73,544.96",,HT000046527,,,,,,
Department of Health,NHS East & North Hertfordshire CCG,29/02/2020,C&M-GMS MPIG Correction Factor,PRC DELEGATED CO-COMMISSIONING,HANSCOMBE HOUSE SURGERY,31202612,136.98,,HT000046527,,,,,,
Department of Health,NHS East & North Hertfordshire CCG,29/02/2020,C&M-GMS PCN DES Participation,PRC DELEGATED CO-COMMISSIONING,HANSCOMBE HOUSE SURGERY,31202612,"1,512.39",,HT000046527,,,,,,
Department of Health,NHS East & North Hertfordshire CCG,29/02/2020,C&M-GMS Prem Actual Rent,PRC DELEGATED CO-COMMISSIONING,HANSCOMBE HOUSE SURGERY,31202612,"5,614.33",,HT000046527,,,,,,
Department of Health,NHS East & North Hertfordshire CCG,29/02/2020,C&M-GMS Prem Rates,PRC DELEGATED CO-COMMISSIONING,HANSCOMBE HOUSE SURGERY,31202612,"2,097.75",,HT000046527,,,,,,
Department of Health,NHS East & North Hertfordshire CCG,29/02/2020,Cont Care-FNC Client Continence Allow,FUNDED NURSING CARE,HC ONE OVAL LTD,31057929,882.88,218 770886,STC059750TOSTC059804,,,,,,
Department of Health,NHS East & North Hertfordshire CCG,29/02/2020,Cont Care-Funded Nursing Care Allow,FUNDED NURSING CARE,HC ONE OVAL LTD,31057929,"39,261.15",218 770886,STC059750TOSTC059804,,,,,,
Department of Health,NHS East & North Hertfordshire CCG,29/02/2020,Cont Care- Palliative Care,CHC ADULT FULLY FUNDED,HC ONE OVAL LTD,31078948,"15,137.12",218 770886,ISCHJAN20,,,,,,
Department of Health,NHS East & North Hertfordshire CCG,29/02/2020,Cont Care-Physical Disab (65+),CHC ADULT FULLY FUNDED,HC ONE OVAL LTD,31078948,"20,587.56",218 770886,ISCHJAN20,,,,,,
Department of Health,NHS East & North Hertfordshire CCG,29/02/2020,Hcare Srv Rec NHS Trust,INTERMEDIATE CARE,HERTFORDSHIRE COMMUNITY NHS TRUST,30884240,"30,199.30",654 4402 89,H0004317,,,,,,
Department of Health,NHS East & North Hertfordshire CCG,29/02/2020,Hcare Srv Rec NHS Trust-CQUIN,INTERMEDIATE CARE,HERTFORDSHIRE COMMUNITY NHS TRUST,30884240,377.49,654 4402 89,H0004317,,,,,,
Department of Health,NHS East & North Hertfordshire CCG,29/02/2020,Hcare Srv Rec NHS Trust,INTERMEDIATE CARE,HERTFORDSHIRE COMMUNITY NHS TRUST,30884254,"30,111.12",654 4402 89,H0004319,,,,,,
Department of Health,NHS East & North Hertfordshire CCG,29/02/2020,Hcare Srv Rec NHS Trust-CQUIN,INTERMEDIATE CARE,HERTFORDSHIRE COMMUNITY NHS TRUST,30884254,376.39,654 4402 89,H0004319,,,,,,
Department of Health,NHS East & North Hertfordshire CCG,29/02/2020,Hcare Srv Rec NHS Trust,INTERMEDIATE CARE,HERTFORDSHIRE COMMUNITY NHS TRUST,30884257,"29,742.06",654 4402 89,H0004518,,,,,,
Department of Health,NHS East & North Hertfordshire CCG,29/02/2020,Hcare Srv Rec NHS Trust-CQUIN,INTERMEDIATE CARE,HERTFORDSHIRE COMMUNITY NHS TRUST,30884257,371.78,654 4402 89,H0004518,,,,,,
Department of Health,NHS East & North Hertfordshire CCG,29/02/2020,Hcare Srv Rec NHS Trust,INTERMEDIATE CARE,HERTFORDSHIRE COMMUNITY NHS TRUST,30884323,"134,285.21",654 4402 89,H0005603,,,,,,
Department of Health,NHS East & North Hertfordshire CCG,29/02/2020,Hcare Srv Rec NHS Trust-CQUIN,INTERMEDIATE CARE,HERTFORDSHIRE COMMUNITY NHS TRUST,30884323,"1,678.56",654 4402 89,H0005603,,,,,,
Department of Health,NHS East & North Hertfordshire CCG,29/02/2020,Hcare Srv Rec NHS Trust,COMMUNITY SERVICES,HERTFORDSHIRE COMMUNITY NHS TRUST,31022108,"51,950.00",654 4402 89,H0005625,,,,,,
Department of Health,NHS East & North Hertfordshire CCG,29/02/2020,Hcare Srv Rec NHS Trust-CQUIN,COMMUNITY SERVICES,HERTFORDSHIRE COMMUNITY NHS TRUST,31022108,649.38,654 4402 89,H0005625,,,,,,
Department of Health,NHS East & North Hertfordshire CCG,29/02/2020,Hcare Srv Rec NHS Trust-Contract Baseline,COMMUNITY SERVICES,HERTFORDSHIRE COMMUNITY NHS TRUST,31078479,"3,652,517.00",654 4402 89,H0005444,,,,,,
Department of Health,NHS East & North Hertfordshire CCG,29/02/2020,Hcare Srv Rec NHS Trust,COMMUNITY SERVICES,HERTFORDSHIRE COMMUNITY NHS TRUST,31196994,"88,416.48",654 4402 89,H0004519,,,,,,
Department of Health,NHS East & North Hertfordshire CCG,29/02/2020,Hcare Srv Rec NHS Trust,COMMUNITY SERVICES,HERTFORDSHIRE COMMUNITY NHS TRUST,31196998,"-110,247.71",654 4402 89,Y0000541,,,,,,
Department of Health,NHS East & North Hertfordshire CCG,29/02/2020,Clinical&Medical-Othe Public Sector,CARERS,HERTFORDSHIRE COUNTY COUNCIL,31057590,"25,564.00",GB214527877,1802946834,,,,,,
Department of Health,NHS East & North Hertfordshire CCG,29/02/2020,Clinical&Medical-Othe Public Sector,INTERMEDIATE CARE,HERTFORDSHIRE COUNTY COUNCIL,31057590,"18,788.00",GB214527877,1802946834,,,,,,
Department of Health,NHS East & North Hertfordshire CCG,29/02/2020,Cont Care- Adult 100% Fully Funded,CHC ADULT FULLY FUNDED,HERTFORDSHIRE COUNTY COUNCIL,31057590,"144,533.00",GB214527877,1802946834,,,,,,
Department of Health,NHS East & North Hertfordshire CCG,29/02/2020,Seconded-Basic Sal-Staff fm oth org,OPERATIONS MANAGEMENT,HERTFORDSHIRE COUNTY COUNCIL,31057590,"4,826.00",GB214527877,1802946834,,,,,,
Department of Health,NHS East & North Hertfordshire CCG,29/02/2020,Soc Care-Other Soc Care,LONG TERM CONDITIONS,HERTFORDSHIRE COUNTY COUNCIL,31057590,"1,199,429.00",GB214527877,1802946834,,,,,,
Department of Health,NHS East & North Hertfordshire CCG,29/02/2020,Clinical&Medical-Othe Public Sector,MENTAL HEALTH CONTRACTS,HERTFORDSHIRE COUNTY COUNCIL,31060911,"196,813.00",GB214527877,1802946896,,,,,,
Department of Health,NHS East & North Hertfordshire CCG,29/02/2020,Clinical&Medical-Othe Public Sector,MENTAL HEALTH SERVICES - COLLABORATIVE COMMISSIONING,HERTFORDSHIRE COUNTY COUNCIL,31060911,"9,866,946.00",GB214527877,1802946896,,,,,,
Department of Health,NHS East & North Hertfordshire CCG,29/02/2020,Clinical&Medical-Othe Public Sector,AMBULANCE SERVICES,HERTFORDSHIRE COUNTY COUNCIL,31078351,"48,372.00",GB214527877,1802923037,,,,,,
Department of Health,NHS East & North Hertfordshire CCG,29/02/2020,Clinical&Medical-Othe Public Sector,AMBULANCE SERVICES,HERTFORDSHIRE COUNTY COUNCIL,31078570,"39,820.00",GB214527877,1802725989,,,,,,
Department of Health,NHS East & North Hertfordshire CCG,29/02/2020,Clinical&Medical-Othe Public Sector,COMMUNITY SERVICES,HERTFORDSHIRE COUNTY COUNCIL,31080080,"120,000.00",GB214527877,1802969613,,,,,,
Department of Health,NHS East & North Hertfordshire CCG,29/02/2020,Hlthcre-Foundation Trsts,MENTAL HEALTH SERVICES - WINTER RESILIENCE,HERTFORDSHIRE PARTNERSHIP NHS FOUNDATION TRUST,31187517,"129,000.00",654950120,P0003722,,,,,,
Department of Health,NHS East & North Hertfordshire CCG,29/02/2020,Clinical&Medical-Independent Sector,COMMISSIONING SCHEMES,HERTS URGENT CARE,31057887,"115,560.92",210815253,5369,,,,,,
Department of Health,NHS East & North Hertfordshire CCG,29/02/2020,Clinical&Medical-Independent Sector,NHS 111,HERTS URGENT CARE,31057887,"20,933.71",210815253,5369,,,,,,
Department of Health,NHS East & North Hertfordshire CCG,29/02/2020,Clinical&Medical-Independent Sector,OUT OF HOURS,HERTS URGENT CARE,31057887,"471,210.18",210815253,5369,,,,,,
Department of Health,NHS East & North Hertfordshire CCG,29/02/2020,Clinical&Medical-Independent Sector,NHS 111,HERTS URGENT CARE,31057905,"117,689.78",210815253,5364,,,,,,
Department of Health,NHS East & North Hertfordshire CCG,29/02/2020,Clinical&Medical-Independent Sector,COMMISSIONING SCHEMES,HERTS URGENT CARE,31057909,"115,560.92",210815253,5363,,,,,,
Department of Health,NHS East & North Hertfordshire CCG,29/02/2020,Clinical&Medical-Independent Sector,NHS 111,HERTS URGENT CARE,31057909,"20,933.71",210815253,5363,,,,,,
Department of Health,NHS East & North Hertfordshire CCG,29/02/2020,Clinical&Medical-Independent Sector,OUT OF HOURS,HERTS URGENT CARE,31057909,"381,976.57",210815253,5363,,,,,,
Department of Health,NHS East & North Hertfordshire CCG,29/02/2020,Clinical&Medical-Independent Sector,URGENT CARE,HERTS URGENT CARE,31168305,"69,780.79",210815253,5367,,,,,,
Department of Health,NHS East & North Hertfordshire CCG,29/02/2020,C&M-GMS Global Sum,PRC DELEGATED CO-COMMISSIONING,HIGH ST SURGERY,31202614,"36,827.32",,HT000046529,,,,,,
Department of Health,NHS East & North Hertfordshire CCG,29/02/2020,C&M-GMS PCN DES Participation,PRC DELEGATED CO-COMMISSIONING,HIGH ST SURGERY,31202614,746.91,,HT000046529,,,,,,
Department of Health,NHS East & North Hertfordshire CCG,29/02/2020,C&M-GMS Prem Rates,PRC DELEGATED CO-COMMISSIONING,HIGH ST SURGERY,31202614,911.25,,HT000046529,,,,,,
Department of Health,NHS East & North Hertfordshire CCG,29/02/2020,Hcare Srv Rec Fdtn Trust-Contract Baseline,ACUTE COMMISSIONING,HOMERTON UNIVERSITY HOSPITAL NHS FOUNDATION TRUST,31001511,"26,567.77",654965884,61300110,,,,,,
Department of Health,NHS East & North Hertfordshire CCG,29/02/2020,Hcare Srv Rec NHS Trust-Contract Baseline,ACUTE COMMISSIONING,IMPERIAL COLLEGE HEALTHCARE NHS TRUST,30902916,"116,293.24",654945990,H0181984,,,,,,
Department of Health,NHS East & North Hertfordshire CCG,29/02/2020,Clinical&Medical-Voluntary Sector,HOSPICES,ISABEL HOSPICE,31235158,"110,241.00",,189,,,,,,
Department of Health,NHS East & North Hertfordshire CCG,29/02/2020,Computer Network Costs,CCG-IT PROGRAMME,ITS DIGITAL,31187185,"48,000.00",GB801445955,15308,,,,,,
Department of Health,NHS East & North Hertfordshire CCG,29/02/2020,Clinical&Medical-Voluntary Sector,HOSPICES,KEECH HOSPICE CARE,31235146,"180,633.00",,SIN004492,,,,,,
Department of Health,NHS East & North Hertfordshire CCG,29/02/2020,C&M-GMS Global Sum,PRC DELEGATED CO-COMMISSIONING,KELLER P & PARTNERS,31202616,"88,526.32",,HT000046531,,,,,,
Department of Health,NHS East & North Hertfordshire CCG,29/02/2020,C&M-GMS PCN DES Participation,PRC DELEGATED CO-COMMISSIONING,KELLER P & PARTNERS,31202616,"1,817.25",,HT000046531,,,,,,
Department of Health,NHS East & North Hertfordshire CCG,29/02/2020,C&M-GMS Prem Notional Rent,PRC DELEGATED CO-COMMISSIONING,KELLER P & PARTNERS,31202616,"5,375.00",,HT000046531,,,,,,
Department of Health,NHS East & North Hertfordshire CCG,29/02/2020,C&M-GMS Prem Rates,PRC DELEGATED CO-COMMISSIONING,KELLER P & PARTNERS,31202616,"12,542.26",,HT000046531,,,,,,
Department of Health,NHS East & North Hertfordshire CCG,29/02/2020,C&M-GMS Global Sum,PRC DELEGATED CO-COMMISSIONING,KING GEORGE SURGERY,31202618,"104,904.78",,HT000046533,,,,,,
Department of Health,NHS East & North Hertfordshire CCG,29/02/2020,C&M-GMS PCN DES Participation,PRC DELEGATED CO-COMMISSIONING,KING GEORGE SURGERY,31202618,"2,126.10",,HT000046533,,,,,,
Department of Health,NHS East & North Hertfordshire CCG,29/02/2020,C&M-GMS Prem Actual Rent,PRC DELEGATED CO-COMMISSIONING,KING GEORGE SURGERY,31202618,"47,183.33",,HT000046533,,,,,,
Department of Health,NHS East & North Hertfordshire CCG,29/02/2020,C&M-GMS Prem Rates,PRC DELEGATED CO-COMMISSIONING,KING GEORGE SURGERY,31202618,"1,956.00",,HT000046533,,,,,,
Department of Health,NHS East & North Hertfordshire CCG,29/02/2020,C&M-GMS Cost of Drugs -Dispensing,LOCAL ENHANCED SERVICES,KING GEORGE SURGERY,31229548,"29,267.82",,HT000046783,,,,,,
Department of Health,NHS East & North Hertfordshire CCG,29/02/2020,C&M-GMS Prof Fees Dispensing,PRC DELEGATED CO-COMMISSIONING,KING GEORGE SURGERY,31229548,"3,710.00",,HT000046783,,,,,,
Department of Health,NHS East & North Hertfordshire CCG,29/02/2020,C&M-GMS PrscrptnChrgsColl&RmttdbyGP,LOCAL ENHANCED SERVICES,KING GEORGE SURGERY,31229548,198,,HT000046783,,,,,,
Department of Health,NHS East & North Hertfordshire CCG,29/02/2020,Hcare Srv Rec Fdtn Trust-Contract Baseline,ACUTE COMMISSIONING,KING`S COLLEGE HOSPITAL NHS FOUNDATION TRUST,31001272,"28,277.00",654926800,277980,,,,,,
Department of Health,NHS East & North Hertfordshire CCG,29/02/2020,C&M-GMS Global Sum,PRC DELEGATED CO-COMMISSIONING,KNEBWORTH AND MARYMEAD PRACTICE,31202620,"88,856.28",,HT000046535,,,,,,
Department of Health,NHS East & North Hertfordshire CCG,29/02/2020,C&M-GMS PCN DES Participation,PRC DELEGATED CO-COMMISSIONING,KNEBWORTH AND MARYMEAD PRACTICE,31202620,"1,801.17",,HT000046535,,,,,,
Department of Health,NHS East & North Hertfordshire CCG,29/02/2020,C&M-GMS PCO Seniority,PRC DELEGATED CO-COMMISSIONING,KNEBWORTH AND MARYMEAD PRACTICE,31202620,"12,747.49",,HT000046535,,,,,,
Department of Health,NHS East & North Hertfordshire CCG,29/02/2020,C&M-GMS Prem Notional Rent,PRC DELEGATED CO-COMMISSIONING,KNEBWORTH AND MARYMEAD PRACTICE,31202620,"2,770.83",,HT000046535,,,,,,
Department of Health,NHS East & North Hertfordshire CCG,29/02/2020,C&M-GMS Prem Rates,PRC DELEGATED CO-COMMISSIONING,KNEBWORTH AND MARYMEAD PRACTICE,31202620,"1,104.75",,HT000046535,,,,,,
Department of Health,NHS East & North Hertfordshire CCG,29/02/2020,C&M-APMS Contract Value,PRC DELEGATED CO-COMMISSIONING,LEA VALLEY HEALTH LTD,30986463,"71,146.19",,HT000046308,,,,,,
Department of Health,NHS East & North Hertfordshire CCG,29/02/2020,C&M-APMS DES Extended Hours Access,PRC DELEGATED CO-COMMISSIONING,LEA VALLEY HEALTH LTD,30986463,"9,311.09",,HT000046308,,,,,,
Department of Health,NHS East & North Hertfordshire CCG,29/02/2020,C&M-APMS DES Minor Surgery,PRC DELEGATED CO-COMMISSIONING,LEA VALLEY HEALTH LTD,30986463,"1,007.19",,HT000046308,,,,,,
Department of Health,NHS East & North Hertfordshire CCG,29/02/2020,C&M-APMS PCN DES Clinical Director,PRC DELEGATED CO-COMMISSIONING,LEA VALLEY HEALTH LTD,30986463,"4,354.78",,HT000046308,,,,,,
Department of Health,NHS East & North Hertfordshire CCG,29/02/2020,C&M-APMS PCN DES PCN support,LOCAL ENHANCED SERVICES,LEA VALLEY HEALTH LTD,30986463,"9,531.38",,HT000046308,,,,,,
Department of Health,NHS East & North Hertfordshire CCG,29/02/2020,C&M-APMS PCN DES Participation,PRC DELEGATED CO-COMMISSIONING,LEA VALLEY HEALTH LTD,30986463,"1,206.31",,HT000046308,,,,,,
Department of Health,NHS East & North Hertfordshire CCG,29/02/2020,C&M-APMS PCO Other,PRC DELEGATED CO-COMMISSIONING,LEA VALLEY HEALTH LTD,30986463,"5,660.00",,HT000046308,,,,,,
Department of Health,NHS East & North Hertfordshire CCG,29/02/2020,C&M-APMS Prem Actual Rent,PRC DELEGATED CO-COMMISSIONING,LEA VALLEY HEALTH LTD,30986463,"22,312.50",,HT000046308,,,,,,
Department of Health,NHS East & North Hertfordshire CCG,29/02/2020,C&M-PMS QOF Aspiration,PRC DELEGATED CO-COMMISSIONING,LEA VALLEY HEALTH LTD,30986463,"5,879.80",,HT000046308,,,,,,
Department of Health,NHS East & North Hertfordshire CCG,29/02/2020,ME - PMS GP Prior Year ERs,PRC DELEGATED CO-COMMISSIONING,LEA VALLEY HEALTH LTD,30986463,918.36,,HT000046308,,,,,,
Department of Health,NHS East & North Hertfordshire CCG,29/02/2020,ME-PMS GP Prior Year EEs,PRC DELEGATED CO-COMMISSIONING,LEA VALLEY HEALTH LTD,30986463,"2,036.04",,HT000046308,,,,,,
Department of Health,NHS East & North Hertfordshire CCG,29/02/2020,Clinical&Medical-Clinical Other,PRC DELEGATED CO-COMMISSIONING,LEA VALLEY HEALTH LTD,31187220,"29,456.00",,204,,,,,,
Department of Health,NHS East & North Hertfordshire CCG,29/02/2020,C&M-GMS Global Sum,PRC DELEGATED CO-COMMISSIONING,LISTER HOUSE SURGERY HATFIELD,31202622,"93,493.84",,HT000046537,,,,,,
Department of Health,NHS East & North Hertfordshire CCG,29/02/2020,C&M-GMS PCN DES Participation,PRC DELEGATED CO-COMMISSIONING,LISTER HOUSE SURGERY HATFIELD,31202622,"2,340.86",,HT000046537,,,,,,
Department of Health,NHS East & North Hertfordshire CCG,29/02/2020,C&M-GMS Prem Notional Rent,PRC DELEGATED CO-COMMISSIONING,LISTER HOUSE SURGERY HATFIELD,31202622,"10,333.33",,HT000046537,,,,,,
Department of Health,NHS East & North Hertfordshire CCG,29/02/2020,Hcare Srv Rec NHS Trust-Contract Baseline,ACUTE COMMISSIONING,LONDON NORTH WEST HEALTHCARE NHS TRUST,31001303,"68,572.00",654463720,A0060532,,,,,,
Department of Health,NHS East & North Hertfordshire CCG,29/02/2020,Hcare Srv Rec Fdtn Trust-Contract Baseline,ACUTE COMMISSIONING,LUTON & DUNSTABLE HOSPITAL NHS FOUNDATION TRUST,30902590,"209,407.33",654929007,53002909,,,,,,
Department of Health,NHS East & North Hertfordshire CCG,29/02/2020,C&M-GMS Global Sum,PRC DELEGATED CO-COMMISSIONING,MANOR HOUSE SURGERY STEVENAGE,31202624,"36,388.47",,HT000046539,,,,,,
Department of Health,NHS East & North Hertfordshire CCG,29/02/2020,C&M-GMS MPIG Correction Factor,PRC DELEGATED CO-COMMISSIONING,MANOR HOUSE SURGERY STEVENAGE,31202624,310.04,,HT000046539,,,,,,
Department of Health,NHS East & North Hertfordshire CCG,29/02/2020,C&M-GMS PCN DES Participation,PRC DELEGATED CO-COMMISSIONING,MANOR HOUSE SURGERY STEVENAGE,31202624,745.84,,HT000046539,,,,,,
Department of Health,NHS East & North Hertfordshire CCG,29/02/2020,C&M-GMS Prem Actual Rent,PRC DELEGATED CO-COMMISSIONING,MANOR HOUSE SURGERY STEVENAGE,31202624,"9,902.50",,HT000046539,,,,,,
Department of Health,NHS East & North Hertfordshire CCG,29/02/2020,C&M-GMS Global Sum,PRC DELEGATED CO-COMMISSIONING,MAPLES HEALTH CENTRE,31202626,"77,714.76",,HT000046541,,,,,,
Department of Health,NHS East & North Hertfordshire CCG,29/02/2020,C&M-GMS MPIG Correction Factor,PRC DELEGATED CO-COMMISSIONING,MAPLES HEALTH CENTRE,31202626,159.63,,HT000046541,,,,,,
Department of Health,NHS East & North Hertfordshire CCG,29/02/2020,C&M-GMS PCN DES Participation,PRC DELEGATED CO-COMMISSIONING,MAPLES HEALTH CENTRE,31202626,"2,020.05",,HT000046541,,,,,,
Department of Health,NHS East & North Hertfordshire CCG,29/02/2020,C&M-GMS Prem Actual Rent,PRC DELEGATED CO-COMMISSIONING,MAPLES HEALTH CENTRE,31202626,"49,697.50",,HT000046541,,,,,,
Department of Health,NHS East & North Hertfordshire CCG,29/02/2020,Clinical&Medical-Voluntary Sector,PALLIATIVE CARE,MARIE CURIE,31128609,"41,250.00",626722537,7506,,,,,,
Department of Health,NHS East & North Hertfordshire CCG,29/02/2020,Clinical&Medical-Voluntary Sector,COMMUNITY SERVICES,MARIE STOPES INTERNATIONAL,31235063,"43,837.54",882426016,MS200028,,,,,,
Department of Health,NHS East & North Hertfordshire CCG,29/02/2020,External Data Contracts,STRATEGY & DEVELOPMENT,MEDEANALYTICS,31057847,"36,178.00",,INV15789,,,,,,
Department of Health,NHS East & North Hertfordshire CCG,29/02/2020,Hcare Srv Rec NHS Trust-Contract Baseline,ACUTE COMMISSIONING,MID ESSEX HOSPITALS SERVICES NHS TRUST,30902496,"149,392.20",654930128,2000115892,,,,,,
Department of Health,NHS East & North Hertfordshire CCG,29/02/2020,Hcare Srv Rec Fdtn Trust-Contract Baseline,ACUTE COMMISSIONING,MOORFIELDS EYE HOSPITAL NHS FOUNDATION TRUST,31001268,"401,504.00",654930716,IC0039034,,,,,,
Department of Health,NHS East & North Hertfordshire CCG,29/02/2020,C&M-GMS Global Sum,PRC DELEGATED CO-COMMISSIONING,MUCH HADHAM HLTH CNTRE,31202630,"50,739.95",876631000,HT000046545,,,,,,
Department of Health,NHS East & North Hertfordshire CCG,29/02/2020,C&M-GMS PCN DES Participation,PRC DELEGATED CO-COMMISSIONING,MUCH HADHAM HLTH CNTRE,31202630,"1,509.05",876631000,HT000046545,,,,,,
Department of Health,NHS East & North Hertfordshire CCG,29/02/2020,C&M-GMS Prem Actual Rent,PRC DELEGATED CO-COMMISSIONING,MUCH HADHAM HLTH CNTRE,31202630,812.5,876631000,HT000046545,,,,,,
Department of Health,NHS East & North Hertfordshire CCG,29/02/2020,C&M-GMS Prem Notional Rent,PRC DELEGATED CO-COMMISSIONING,MUCH HADHAM HLTH CNTRE,31202630,670.83,876631000,HT000046545,,,,,,
Department of Health,NHS East & North Hertfordshire CCG,29/02/2020,C&M-GMS Prem Rates,PRC DELEGATED CO-COMMISSIONING,MUCH HADHAM HLTH CNTRE,31202630,570,876631000,HT000046545,,,,,,
Department of Health,NHS East & North Hertfordshire CCG,29/02/2020,C&M-GMS Cost of Drugs -Dispensing,LOCAL ENHANCED SERVICES,MUCH HADHAM HLTH CNTRE,31229555,"-52,780.65",876631000,HT000046790,,,,,,
Department of Health,NHS East & North Hertfordshire CCG,29/02/2020,C&M-GMS PrscChrgsCll&RmttdbyGPCntra,PRC DELEGATED CO-COMMISSIONING,MUCH HADHAM HLTH CNTRE,31229555,"-3,447.00",876631000,HT000046790,,,,,,
Department of Health,NHS East & North Hertfordshire CCG,29/02/2020,C&M-GMS Cost of Drugs -Dispensing,LOCAL ENHANCED SERVICES,MUCH HADHAM HLTH CNTRE,31229556,"99,205.52",876631000,HT000046791,,,,,,
Department of Health,NHS East & North Hertfordshire CCG,29/02/2020,C&M-GMS Prof Fees Dispensing,PRC DELEGATED CO-COMMISSIONING,MUCH HADHAM HLTH CNTRE,31229556,"15,754.47",876631000,HT000046791,,,,,,
Department of Health,NHS East & North Hertfordshire CCG,29/02/2020,C&M-GMS PrscrptnChrgsColl&RmttdbyGP,LOCAL ENHANCED SERVICES,MUCH HADHAM HLTH CNTRE,31229556,"3,447.00",876631000,HT000046791,,,,,,
Department of Health,NHS East & North Hertfordshire CCG,29/02/2020,C&M-GMS DES Extended Hours Access,PRC DELEGATED CO-COMMISSIONING,NEVELLS ROAD SURGERY,31202627,"-6,972.42",,HT000046542,,,,,,
Department of Health,NHS East & North Hertfordshire CCG,29/02/2020,C&M-GMS PCN DES Clinical Director,PRC DELEGATED CO-COMMISSIONING,NEVELLS ROAD SURGERY,31202627,"-3,260.99",,HT000046542,,,,,,
Department of Health,NHS East & North Hertfordshire CCG,29/02/2020,C&M-GMS PCN DES PCN support,LOCAL ENHANCED SERVICES,NEVELLS ROAD SURGERY,31202627,"-7,137.38",,HT000046542,,,,,,
Department of Health,NHS East & North Hertfordshire CCG,29/02/2020,C&M-GMS PCN DES Participation,PRC DELEGATED CO-COMMISSIONING,NEVELLS ROAD SURGERY,31202627,-358.01,,HT000046542,,,,,,
Department of Health,NHS East & North Hertfordshire CCG,29/02/2020,ME-GMS GP Pension EEs,PRC DELEGATED CO-COMMISSIONING,NEVELLS ROAD SURGERY,31202627,"-5,299.92",,HT000046542,,,,,,
Department of Health,NHS East & North Hertfordshire CCG,29/02/2020,ME-GMS GP Pension ERs Adjustments,PRC DELEGATED CO-COMMISSIONING,NEVELLS ROAD SURGERY,31202627,"-5,823.90",,HT000046542,,,,,,
Department of Health,NHS East & North Hertfordshire CCG,29/02/2020,C&M-GMS DES Extended Hours Access,PRC DELEGATED CO-COMMISSIONING,NEVELLS ROAD SURGERY,31202628,"6,972.42",,HT000046543,,,,,,
Department of Health,NHS East & North Hertfordshire CCG,29/02/2020,C&M-GMS Global Sum,PRC DELEGATED CO-COMMISSIONING,NEVELLS ROAD SURGERY,31202628,"74,288.08",,HT000046543,,,,,,
Department of Health,NHS East & North Hertfordshire CCG,29/02/2020,C&M-GMS PCN DES Clinical Director,PRC DELEGATED CO-COMMISSIONING,NEVELLS ROAD SURGERY,31202628,"3,260.99",,HT000046543,,,,,,
Department of Health,NHS East & North Hertfordshire CCG,29/02/2020,C&M-GMS PCN DES PCN support,LOCAL ENHANCED SERVICES,NEVELLS ROAD SURGERY,31202628,"7,137.38",,HT000046543,,,,,,
Department of Health,NHS East & North Hertfordshire CCG,29/02/2020,C&M-GMS PCN DES Participation,PRC DELEGATED CO-COMMISSIONING,NEVELLS ROAD SURGERY,31202628,"1,870.40",,HT000046543,,,,,,
Department of Health,NHS East & North Hertfordshire CCG,29/02/2020,C&M-GMS PCO Other,PRC DELEGATED CO-COMMISSIONING,NEVELLS ROAD SURGERY,31202628,"6,412.00",,HT000046543,,,,,,
Department of Health,NHS East & North Hertfordshire CCG,29/02/2020,C&M-GMS Prem Actual Rent,PRC DELEGATED CO-COMMISSIONING,NEVELLS ROAD SURGERY,31202628,"7,250.00",,HT000046543,,,,,,
Department of Health,NHS East & North Hertfordshire CCG,29/02/2020,C&M-GMS Prem Notional Rent,PRC DELEGATED CO-COMMISSIONING,NEVELLS ROAD SURGERY,31202628,"1,166.67",,HT000046543,,,,,,
Department of Health,NHS East & North Hertfordshire CCG,29/02/2020,C&M-GMS Prem Rates,PRC DELEGATED CO-COMMISSIONING,NEVELLS ROAD SURGERY,31202628,"5,883.08",,HT000046543,,,,,,
Department of Health,NHS East & North Hertfordshire CCG,29/02/2020,C&M-GMS Prem Water Rates,PRC DELEGATED CO-COMMISSIONING,NEVELLS ROAD SURGERY,31202628,690.58,,HT000046543,,,,,,
Department of Health,NHS East & North Hertfordshire CCG,29/02/2020,Non-PFI Oprtng Lease-Bldgs-Lease Rent,PRC DELEGATED CO-COMMISSIONING,NHS PROPERTY SERVICES LTD,31001217,"40,302.26",156725100,H283485,,,,,,
Department of Health,NHS East & North Hertfordshire CCG,29/02/2020,Rent,ESTATES AND FACILITIES,NHS PROPERTY SERVICES LTD,31151997,"67,854.07",156725100,H288727,,,,,,
Department of Health,NHS East & North Hertfordshire CCG,29/02/2020,Rent,ESTATES AND FACILITIES,NHS PROPERTY SERVICES LTD,31152000,"117,468.90",156725100,H288568,,,,,,
Department of Health,NHS East & North Hertfordshire CCG,29/02/2020,Non-PFI Oprtng Lease-Bldgs-Lease Rent,PRC DELEGATED CO-COMMISSIONING,NHS PROPERTY SERVICES LTD,31187419,"25,206.40",156725100,00000001H180074,,,,,,
Department of Health,NHS East & North Hertfordshire CCG,29/02/2020,Non-PFI Oprtng Lease-Bldgs-Lease Rent,PRC DELEGATED CO-COMMISSIONING,NHS PROPERTY SERVICES LTD,31187421,"31,700.36",156725100,00000001H179998,,,,,,
Department of Health,NHS East & North Hertfordshire CCG,29/02/2020,Non-PFI Oprtng Lease-Bldgs-Lease Rent,PRC DELEGATED CO-COMMISSIONING,NHS PROPERTY SERVICES LTD,31187423,"27,252.04",156725100,00000001H179997,,,,,,
Department of Health,NHS East & North Hertfordshire CCG,29/02/2020,Hcare Srv Rec NHS Trust-Contract Baseline,ACUTE COMMISSIONING,NORTH MIDDLESEX UNIVERSITY HOSPITAL NHS TRUST,31001230,"759,502.00",654946204,59894,,,,,,
Department of Health,NHS East & North Hertfordshire CCG,29/02/2020,Clinical&Medical-Independent Sector,ACUTE COMMISSIONING,ONE HATFIELD HEALTHCARE,31109121,"40,160.35",,3006,,,,,,
Department of Health,NHS East & North Hertfordshire CCG,29/02/2020,Clinical&Medical-Independent Sector,ACUTE COMMISSIONING,ONE HATFIELD HEALTHCARE,31152040,"63,235.58",,3005,,,,,,
Department of Health,NHS East & North Hertfordshire CCG,29/02/2020,C&M-GMS Global Sum,PRC DELEGATED CO-COMMISSIONING,PARK GREEN SURGERY BROXBOURNE,31202632,"70,197.50",,HT000046547,,,,,,
Department of Health,NHS East & North Hertfordshire CCG,29/02/2020,C&M-GMS MPIG Correction Factor,PRC DELEGATED CO-COMMISSIONING,PARK GREEN SURGERY BROXBOURNE,31202632,311.21,,HT000046547,,,,,,
Department of Health,NHS East & North Hertfordshire CCG,29/02/2020,C&M-GMS PCN DES Participation,PRC DELEGATED CO-COMMISSIONING,PARK GREEN SURGERY BROXBOURNE,31202632,"1,906.01",,HT000046547,,,,,,
Department of Health,NHS East & North Hertfordshire CCG,29/02/2020,C&M-GMS Prem Notional Rent,PRC DELEGATED CO-COMMISSIONING,PARK GREEN SURGERY BROXBOURNE,31202632,"7,445.83",,HT000046547,,,,,,
Department of Health,NHS East & North Hertfordshire CCG,29/02/2020,ME - GMS GP Prior Year ERs,PRC DELEGATED CO-COMMISSIONING,PARK GREEN SURGERY BROXBOURNE,31202632,"2,080.12",,HT000046547,,,,,,
Department of Health,NHS East & North Hertfordshire CCG,29/02/2020,ME-GMS GP Prior Year EEs,PRC DELEGATED CO-COMMISSIONING,PARK GREEN SURGERY BROXBOURNE,31202632,"1,950.50",,HT000046547,,,,,,
Department of Health,NHS East & North Hertfordshire CCG,29/02/2020,C&M-GMS Global Sum,PRC DELEGATED CO-COMMISSIONING,PARSONAGE SURGERY,31202634,"39,298.29",,HT000046549,,,,,,
Department of Health,NHS East & North Hertfordshire CCG,29/02/2020,C&M-GMS MPIG Correction Factor,PRC DELEGATED CO-COMMISSIONING,PARSONAGE SURGERY,31202634,381.11,,HT000046549,,,,,,
Department of Health,NHS East & North Hertfordshire CCG,29/02/2020,C&M-GMS PCN DES Participation,PRC DELEGATED CO-COMMISSIONING,PARSONAGE SURGERY,31202634,"1,011.67",,HT000046549,,,,,,
Department of Health,NHS East & North Hertfordshire CCG,29/02/2020,C&M-GMS PCO Other,PRC DELEGATED CO-COMMISSIONING,PARSONAGE SURGERY,31202634,"3,944.00",,HT000046549,,,,,,
Department of Health,NHS East & North Hertfordshire CCG,29/02/2020,C&M-GMS Prem Clinical Waste,PRC DELEGATED CO-COMMISSIONING,PARSONAGE SURGERY,31202634,101.32,,HT000046549,,,,,,
Department of Health,NHS East & North Hertfordshire CCG,29/02/2020,C&M-GMS Prem Rates,PRC DELEGATED CO-COMMISSIONING,PARSONAGE SURGERY,31202634,181.03,,HT000046549,,,,,,
Department of Health,NHS East & North Hertfordshire CCG,29/02/2020,C&M-GMS Prem Water Rates,PRC DELEGATED CO-COMMISSIONING,PARSONAGE SURGERY,31202634,56.7,,HT000046549,,,,,,
Department of Health,NHS East & North Hertfordshire CCG,29/02/2020,C&M-GMS DES Extended Hours Access,PRC DELEGATED CO-COMMISSIONING,PEARTREE GROUP PRACTICE,31202669,"-4,489.17",,HT000046588,,,,,,
Department of Health,NHS East & North Hertfordshire CCG,29/02/2020,C&M-GMS PCN DES Clin Pharmacist,PRC DELEGATED CO-COMMISSIONING,PEARTREE GROUP PRACTICE,31202669,"-3,150.83",,HT000046588,,,,,,
Department of Health,NHS East & North Hertfordshire CCG,29/02/2020,C&M-GMS PCN DES Clinical Director,PRC DELEGATED CO-COMMISSIONING,PEARTREE GROUP PRACTICE,31202669,"-2,099.58",,HT000046588,,,,,,
Department of Health,NHS East & North Hertfordshire CCG,29/02/2020,C&M-GMS PCN DES PCN support,LOCAL ENHANCED SERVICES,PEARTREE GROUP PRACTICE,31202669,"-4,595.38",,HT000046588,,,,,,
Department of Health,NHS East & North Hertfordshire CCG,29/02/2020,C&M-GMS Prem Rates,PRC DELEGATED CO-COMMISSIONING,PEARTREE GROUP PRACTICE,31202669,"-2,625.00",,HT000046588,,,,,,
Department of Health,NHS East & North Hertfordshire CCG,29/02/2020,ME-GMS GP Pension EEs,PRC DELEGATED CO-COMMISSIONING,PEARTREE GROUP PRACTICE,31202669,"-6,283.13",,HT000046588,,,,,,
Department of Health,NHS East & North Hertfordshire CCG,29/02/2020,ME-GMS GP Pension ERs Adjustments,PRC DELEGATED CO-COMMISSIONING,PEARTREE GROUP PRACTICE,31202669,"-7,315.82",,HT000046588,,,,,,
Department of Health,NHS East & North Hertfordshire CCG,29/02/2020,C&M-GMS DES Extended Hours Access,PRC DELEGATED CO-COMMISSIONING,PEARTREE GROUP PRACTICE,31202670,"4,489.17",,HT000046589,,,,,,
Department of Health,NHS East & North Hertfordshire CCG,29/02/2020,C&M-GMS Global Sum,PRC DELEGATED CO-COMMISSIONING,PEARTREE GROUP PRACTICE,31202670,"140,727.17",,HT000046589,,,,,,
Department of Health,NHS East & North Hertfordshire CCG,29/02/2020,C&M-GMS PCN DES Clin Pharmacist,PRC DELEGATED CO-COMMISSIONING,PEARTREE GROUP PRACTICE,31202670,"3,150.83",,HT000046589,,,,,,
Department of Health,NHS East & North Hertfordshire CCG,29/02/2020,C&M-GMS PCN DES Clinical Director,PRC DELEGATED CO-COMMISSIONING,PEARTREE GROUP PRACTICE,31202670,"2,099.58",,HT000046589,,,,,,
Department of Health,NHS East & North Hertfordshire CCG,29/02/2020,C&M-GMS PCN DES PCN support,LOCAL ENHANCED SERVICES,PEARTREE GROUP PRACTICE,31202670,"4,595.38",,HT000046589,,,,,,
Department of Health,NHS East & North Hertfordshire CCG,29/02/2020,C&M-GMS PCN DES Participation,PRC DELEGATED CO-COMMISSIONING,PEARTREE GROUP PRACTICE,31202670,"2,882.05",,HT000046589,,,,,,
Department of Health,NHS East & North Hertfordshire CCG,29/02/2020,C&M-GMS Prem Notional Rent,PRC DELEGATED CO-COMMISSIONING,PEARTREE GROUP PRACTICE,31202670,"13,973.33",,HT000046589,,,,,,
Department of Health,NHS East & North Hertfordshire CCG,29/02/2020,C&M-GMS Prem Rates,PRC DELEGATED CO-COMMISSIONING,PEARTREE GROUP PRACTICE,31202670,"2,625.00",,HT000046589,,,,,,
Department of Health,NHS East & North Hertfordshire CCG,29/02/2020,Clinical&Medical-Independent Sector,ACUTE COMMISSIONING,PINEHILL HOSPITAL,31039869,"650,818.00",GB426505170 1,ENHCCGPINFEB20,,,,,,
Department of Health,NHS East & North Hertfordshire CCG,29/02/2020,Clinical&Medical-Independent Sector,ACUTE COMMISSIONING,PINEHILL HOSPITAL,31109143,"83,562.56",GB426505170 1,ENHCCGPININVFINNOV19,,,,,,
Department of Health,NHS East & North Hertfordshire CCG,29/02/2020,C&M-GMS DES Violent Patients,PRC DELEGATED CO-COMMISSIONING,PORTMILL SURGERY,31202636,"5,458.33",,HT000046551,,,,,,
Department of Health,NHS East & North Hertfordshire CCG,29/02/2020,C&M-GMS Global Sum,PRC DELEGATED CO-COMMISSIONING,PORTMILL SURGERY,31202636,"97,322.40",,HT000046551,,,,,,
Department of Health,NHS East & North Hertfordshire CCG,29/02/2020,C&M-GMS PCN DES Participation,PRC DELEGATED CO-COMMISSIONING,PORTMILL SURGERY,31202636,"2,453.14",,HT000046551,,,,,,
Department of Health,NHS East & North Hertfordshire CCG,29/02/2020,C&M-GMS PCO Locum Adop/Pat/Mat,PRC DELEGATED CO-COMMISSIONING,PORTMILL SURGERY,31202636,"11,192.20",,HT000046551,,,,,,
Department of Health,NHS East & North Hertfordshire CCG,29/02/2020,C&M-GMS Prem Actual Rent,PRC DELEGATED CO-COMMISSIONING,PORTMILL SURGERY,31202636,"27,237.50",,HT000046551,,,,,,
Department of Health,NHS East & North Hertfordshire CCG,29/02/2020,C&M-GMS Prem Rates,PRC DELEGATED CO-COMMISSIONING,PORTMILL SURGERY,31202636,"4,881.00",,HT000046551,,,,,,
Department of Health,NHS East & North Hertfordshire CCG,29/02/2020,C&M-GMS DES Extended Hours Access,PRC DELEGATED CO-COMMISSIONING,POTTERELLS MEDICAL CENTRE,31202638,"6,195.31",,HT000046553,,,,,,
Department of Health,NHS East & North Hertfordshire CCG,29/02/2020,C&M-GMS Global Sum,PRC DELEGATED CO-COMMISSIONING,POTTERELLS MEDICAL CENTRE,31202638,"103,754.21",,HT000046553,,,,,,
Department of Health,NHS East & North Hertfordshire CCG,29/02/2020,C&M-GMS MPIG Correction Factor,PRC DELEGATED CO-COMMISSIONING,POTTERELLS MEDICAL CENTRE,31202638,742.16,,HT000046553,,,,,,
Department of Health,NHS East & North Hertfordshire CCG,29/02/2020,C&M-GMS PCN DES Clinical Director,PRC DELEGATED CO-COMMISSIONING,POTTERELLS MEDICAL CENTRE,31202638,"2,897.53",,HT000046553,,,,,,
Department of Health,NHS East & North Hertfordshire CCG,29/02/2020,C&M-GMS PCN DES PCN support,LOCAL ENHANCED SERVICES,POTTERELLS MEDICAL CENTRE,31202638,"6,341.88",,HT000046553,,,,,,
Department of Health,NHS East & North Hertfordshire CCG,29/02/2020,C&M-GMS PCN DES Participation,PRC DELEGATED CO-COMMISSIONING,POTTERELLS MEDICAL CENTRE,31202638,"2,118.64",,HT000046553,,,,,,
Department of Health,NHS East & North Hertfordshire CCG,29/02/2020,C&M-GMS PCN DES Soc Prescribing,PRC DELEGATED CO-COMMISSIONING,POTTERELLS MEDICAL CENTRE,31202638,"2,866.56",,HT000046553,,,,,,
Department of Health,NHS East & North Hertfordshire CCG,29/02/2020,C&M-GMS Prem Actual Rent,PRC DELEGATED CO-COMMISSIONING,POTTERELLS MEDICAL CENTRE,31202638,"6,453.00",,HT000046553,,,,,, 
Department of Health,NHS East & North Hertfordshire CCG,29/02/2020,C&M-GMS Prem Notional Rent,PRC DELEGATED CO-COMMISSIONING,POTTERELLS MEDICAL CENTRE,31202638,"5,583.33",,HT000046553,,,,,,
Department of Health,NHS East & North Hertfordshire CCG,29/02/2020,C&M-GMS Prem Water Rates,PRC DELEGATED CO-COMMISSIONING,POTTERELLS MEDICAL CENTRE,31202638,190.76,,HT000046553,,,,,,
Department of Health,NHS East & North Hertfordshire CCG,31/01/2020,Hcare Srv Rec NHS Trust-Contract Baseline,ACUTE COMMISSIONING,PRINCESS ALEXANDRA HOSPITAL NHS TRUST (THE),30783788,"5,552,426.43",,BL191102,,,,,,
Department of Health,NHS East & North Hertfordshire CCG,29/02/2020,C&M-GMS Global Sum,PRC DELEGATED CO-COMMISSIONING,PUCKERIDGE & STANDON SURGERY,31202642,"65,087.36",,HT000046557,,,,,,
Department of Health,NHS East & North Hertfordshire CCG,29/02/2020,C&M-GMS PCN DES Participation,PRC DELEGATED CO-COMMISSIONING,PUCKERIDGE & STANDON SURGERY,31202642,"4,134.92",,HT000046557,,,,,,
Department of Health,NHS East & North Hertfordshire CCG,29/02/2020,C&M-GMS PCO Locum Adop/Pat/Mat,PRC DELEGATED CO-COMMISSIONING,PUCKERIDGE & STANDON SURGERY,31202642,"28,870.74",,HT000046557,,,,,,
Department of Health,NHS East & North Hertfordshire CCG,29/02/2020,C&M-GMS Prem Actual Rent,PRC DELEGATED CO-COMMISSIONING,PUCKERIDGE & STANDON SURGERY,31202642,860.42,,HT000046557,,,,,,
Department of Health,NHS East & North Hertfordshire CCG,29/02/2020,C&M-GMS Prem Notional Rent,PRC DELEGATED CO-COMMISSIONING,PUCKERIDGE & STANDON SURGERY,31202642,"4,906.25",,HT000046557,,,,,,
Department of Health,NHS East & North Hertfordshire CCG,29/02/2020,Cont Care- Adult 100% Fully Funded,CHC ADULT FULLY FUNDED,RAMSAY NEUROLOGICAL SERVICES,31001335,"250,000.00",,ENHERTS0220PF,,,,,,
Department of Health,NHS East & North Hertfordshire CCG,29/02/2020,C&M-GMS Global Sum,PRC DELEGATED CO-COMMISSIONING,REGAL CHAMBERS SURGERY,31202640,"88,627.94",,HT000046555,,,,,,
Department of Health,NHS East & North Hertfordshire CCG,29/02/2020,C&M-GMS MPIG Correction Factor,PRC DELEGATED CO-COMMISSIONING,REGAL CHAMBERS SURGERY,31202640,21.29,,HT000046555,,,,,,
Department of Health,NHS East & North Hertfordshire CCG,29/02/2020,C&M-GMS PCN DES Participation,PRC DELEGATED CO-COMMISSIONING,REGAL CHAMBERS SURGERY,31202640,"1,820.78",,HT000046555,,,,,,
Department of Health,NHS East & North Hertfordshire CCG,29/02/2020,C&M-GMS Prem Actual Rent,PRC DELEGATED CO-COMMISSIONING,REGAL CHAMBERS SURGERY,31202640,"6,616.67",,HT000046555,,,,,,
Department of Health,NHS East & North Hertfordshire CCG,29/02/2020,C&M-GMS Prem Rates,PRC DELEGATED CO-COMMISSIONING,REGAL CHAMBERS SURGERY,31202640,"2,381.25",,HT000046555,,,,,,
Department of Health,NHS East & North Hertfordshire CCG,29/02/2020,C&M-GMS Prem Water Rates,PRC DELEGATED CO-COMMISSIONING,REGAL CHAMBERS SURGERY,31202640,217.06,,HT000046555,,,,,,
Department of Health,NHS East & North Hertfordshire CCG,29/02/2020,Clinical&Medical-Independent Sector,ACUTE COMMISSIONING,RIVERS HOSPITAL,31039852,"855,435.00",426505170,ENHCCGFEB2020RIVERS,,,,,,
Department of Health,NHS East & North Hertfordshire CCG,29/02/2020,Clinical&Medical-Independent Sector,ACUTE COMMISSIONING,RIVERS HOSPITAL,31187499,"138,133.64",426505170,ENHCCGRIVINVFINOCT19,,,,,,
Department of Health,NHS East & North Hertfordshire CCG,29/02/2020,Hcare Srv Rec Fdtn Trust-Contract Baseline,ACUTE COMMISSIONING,ROYAL BROMPTON & HAREFIELD NHS FOUNDATION TRUST,31001326,"91,539.79",654968091,S007272,,,,,,
Department of Health,NHS East & North Hertfordshire CCG,29/02/2020,Hcare Srv Rec Fdtn Trust-Over/ Under Performance,ACUTE COMMISSIONING,ROYAL BROMPTON & HAREFIELD NHS FOUNDATION TRUST,31001391,"-78,190.96",654968091,C0015844,,,,,,
Department of Health,NHS East & North Hertfordshire CCG,31/01/2020,Hcare Srv Rec Fdtn Trust-Contract Baseline,ACUTE COMMISSIONING,ROYAL FREE LONDON NHS FOUNDATION TRUST,30875399,"2,009,000.00",654946987,I0184723,,,,,,
Department of Health,NHS East & North Hertfordshire CCG,29/02/2020,Hcare Srv Rec NHS Trust-Contract Baseline,ACUTE COMMISSIONING,ROYAL NATIONAL ORTHOPAEDIC HOSPITAL NHS TRUST,31001504,"225,748.00",654947494,B0042015,,,,,,
Department of Health,NHS East & North Hertfordshire CCG,29/02/2020,Hcare Srv Rec Fdtn Trust-Contract Baseline,ACUTE COMMISSIONING,ROYAL PAPWORTH HOSPITAL NHS FOUNDATION TRUST,31057633,"102,743.00",GB654935994,57802219,,,,,,
Department of Health,NHS East & North Hertfordshire CCG,29/02/2020,C&M-GMS DES Extended Hours Access,PRC DELEGATED CO-COMMISSIONING,SHEPHALL SURGERY,31202644,"5,982.71",,HT000046559,,,,,,
Department of Health,NHS East & North Hertfordshire CCG,29/02/2020,C&M-GMS Global Sum,PRC DELEGATED CO-COMMISSIONING,SHEPHALL SURGERY,31202644,"55,537.63",,HT000046559,,,,,,
Department of Health,NHS East & North Hertfordshire CCG,29/02/2020,C&M-GMS PCN DES Clinical Director,PRC DELEGATED CO-COMMISSIONING,SHEPHALL SURGERY,31202644,"2,798.10",,HT000046559,,,,,,
Department of Health,NHS East & North Hertfordshire CCG,29/02/2020,C&M-GMS PCN DES PCN support,LOCAL ENHANCED SERVICES,SHEPHALL SURGERY,31202644,"12,425.91",,HT000046559,,,,,,
Department of Health,NHS East & North Hertfordshire CCG,29/02/2020,C&M-GMS PCN DES Participation,PRC DELEGATED CO-COMMISSIONING,SHEPHALL SURGERY,31202644,"2,118.64",,HT000046559,,,,,,
Department of Health,NHS East & North Hertfordshire CCG,29/02/2020,C&M-GMS Prem Actual Rent,PRC DELEGATED CO-COMMISSIONING,SHEPHALL SURGERY,31202644,"9,966.67",,HT000046559,,,,,,
Department of Health,NHS East & North Hertfordshire CCG,29/02/2020,C&M-GMS Prem Rates,PRC DELEGATED CO-COMMISSIONING,SHEPHALL SURGERY,31202644,"1,423.50",,HT000046559,,,,,,
Department of Health,NHS East & North Hertfordshire CCG,29/02/2020,ME - GMS GP Prior Year ERs,PRC DELEGATED CO-COMMISSIONING,SHEPHALL SURGERY,31202644,"3,585.35",,HT000046559,,,,,,
Department of Health,NHS East & North Hertfordshire CCG,29/02/2020,ME-GMS GP Prior Year EEs,PRC DELEGATED CO-COMMISSIONING,SHEPHALL SURGERY,31202644,"4,067.68",,HT000046559,,,,,,
Department of Health,NHS East & North Hertfordshire CCG,29/02/2020,C&M-GMS Global Sum,PRC DELEGATED CO-COMMISSIONING,SHIPHAY MANOR & ABBEY ROAD SURGERY,31202646,"65,733.77",,HT000046561,,,,,,
Department of Health,NHS East & North Hertfordshire CCG,29/02/2020,C&M-GMS Other FDR Payment,PRC DELEGATED CO-COMMISSIONING,SHIPHAY MANOR & ABBEY ROAD SURGERY,31202646,"1,029.63",,HT000046561,,,,,,
Department of Health,NHS East & North Hertfordshire CCG,29/02/2020,C&M-GMS PCN DES Participation,PRC DELEGATED CO-COMMISSIONING,SHIPHAY MANOR & ABBEY ROAD SURGERY,31202646,"1,986.44",,HT000046561,,,,,,
Department of Health,NHS East & North Hertfordshire CCG,29/02/2020,C&M-GMS Prem Actual Rent,PRC DELEGATED CO-COMMISSIONING,SHIPHAY MANOR & ABBEY ROAD SURGERY,31202646,"4,208.33",,HT000046561,,,,,,
Department of Health,NHS East & North Hertfordshire CCG,29/02/2020,C&M-GMS Prem Water Rates,PRC DELEGATED CO-COMMISSIONING,SHIPHAY MANOR & ABBEY ROAD SURGERY,31202646,801.35,,HT000046561,,,,,,
Department of Health,NHS East & North Hertfordshire CCG,29/02/2020,C&M-GMS Global Sum,PRC DELEGATED CO-COMMISSIONING,SOUTH STREET SURGERY,31202668,"125,720.05",,HT000046584,,,,,,
Department of Health,NHS East & North Hertfordshire CCG,29/02/2020,C&M-GMS MPIG Correction Factor,PRC DELEGATED CO-COMMISSIONING,SOUTH STREET SURGERY,31202668,"1,548.86",,HT000046584,,,,,,
Department of Health,NHS East & North Hertfordshire CCG,29/02/2020,C&M-GMS PCN DES Participation,PRC DELEGATED CO-COMMISSIONING,SOUTH STREET SURGERY,31202668,"2,531.05",,HT000046584,,,,,,
Department of Health,NHS East & North Hertfordshire CCG,29/02/2020,C&M-GMS PCO Other,PRC DELEGATED CO-COMMISSIONING,SOUTH STREET SURGERY,31202668,"12,210.00",,HT000046584,,,,,,
Department of Health,NHS East & North Hertfordshire CCG,29/02/2020,C&M-GMS Prem Actual Rent,PRC DELEGATED CO-COMMISSIONING,SOUTH STREET SURGERY,31202668,"19,887.50",,HT000046584,,,,,,
Department of Health,NHS East & North Hertfordshire CCG,29/02/2020,C&M-GMS Prem Rates,PRC DELEGATED CO-COMMISSIONING,SOUTH STREET SURGERY,31202668,"2,457.75",,HT000046584,,,,,,
Department of Health,NHS East & North Hertfordshire CCG,29/02/2020,C&M-GMS Prem Water Rates,PRC DELEGATED CO-COMMISSIONING,SOUTH STREET SURGERY,31202668,780.58,,HT000046584,,,,,,
Department of Health,NHS East & North Hertfordshire CCG,29/02/2020,Clinical&Medical-Independent Sector,ACUTE COMMISSIONING,SPIRE HEALTHCARE LTD,31057595,"144,009.00",915970991,06KHPNPF192011,,,,,,
Department of Health,NHS East & North Hertfordshire CCG,29/02/2020,Clinical&Medical-Independent Sector,ACUTE COMMISSIONING,SPIRE HEALTHCARE LTD,31244230,"-61,823.16",915970991,06KHPNREC192009,,,,,,
Department of Health,NHS East & North Hertfordshire CCG,29/02/2020,C&M-APMS Contract Value,PRC DELEGATED CO-COMMISSIONING,SPRING HOUSE MEDICAL CENTRE,30986447,"67,428.08",,HT000046292,,,,,,
Department of Health,NHS East & North Hertfordshire CCG,29/02/2020,C&M-APMS DES Extended Hours Access,PRC DELEGATED CO-COMMISSIONING,SPRING HOUSE MEDICAL CENTRE,30986447,"11,332.06",,HT000046292,,,,,,
Department of Health,NHS East & North Hertfordshire CCG,29/02/2020,C&M-APMS DES Minor Surgery,PRC DELEGATED CO-COMMISSIONING,SPRING HOUSE MEDICAL CENTRE,30986447,875.86,,HT000046292,,,,,,
Department of Health,NHS East & North Hertfordshire CCG,29/02/2020,C&M-APMS PCN DES Participation,PRC DELEGATED CO-COMMISSIONING,SPRING HOUSE MEDICAL CENTRE,30986447,"1,126.57",,HT000046292,,,,,,
Department of Health,NHS East & North Hertfordshire CCG,29/02/2020,C&M-PMS QOF Aspiration,PRC DELEGATED CO-COMMISSIONING,SPRING HOUSE MEDICAL CENTRE,30986447,"3,653.87",,HT000046292,,,,,,
Department of Health,NHS East & North Hertfordshire CCG,29/02/2020,C&M-GMS Global Sum,PRC DELEGATED CO-COMMISSIONING,STANHOPE SURGERY,31202652,"41,839.40",,HT000046568,,,,,,
Department of Health,NHS East & North Hertfordshire CCG,29/02/2020,C&M-GMS MPIG Correction Factor,PRC DELEGATED CO-COMMISSIONING,STANHOPE SURGERY,31202652,162.06,,HT000046568,,,,,,
Department of Health,NHS East & North Hertfordshire CCG,29/02/2020,C&M-GMS PCN DES Participation,PRC DELEGATED CO-COMMISSIONING,STANHOPE SURGERY,31202652,846.29,,HT000046568,,,,,,
Department of Health,NHS East & North Hertfordshire CCG,29/02/2020,C&M-GMS Prem Actual Rent,PRC DELEGATED CO-COMMISSIONING,STANHOPE SURGERY,31202652,"4,383.33",,HT000046568,,,,,,
Department of Health,NHS East & North Hertfordshire CCG,29/02/2020,C&M-GMS DES Learn Dsblty Hlth Chk,PRC DELEGATED CO-COMMISSIONING,STANMORE MEDICAL GROUP,30986451,"3,360.00",,HT000046296,,,,,,
Department of Health,NHS East & North Hertfordshire CCG,29/02/2020,C&M-GMS QOF Aspiration,PRC DELEGATED CO-COMMISSIONING,STANMORE MEDICAL GROUP,30986451,"23,376.71",,HT000046296,,,,,,
Department of Health,NHS East & North Hertfordshire CCG,29/02/2020,C&M-GMS Prem Rates,PRC DELEGATED CO-COMMISSIONING,STANMORE MEDICAL GROUP,31202653,"-2,453.25",,HT000046569,,,,,,
Department of Health,NHS East & North Hertfordshire CCG,29/02/2020,ME - GMS TPS Added Years Adj EEs,PRC DELEGATED CO-COMMISSIONING,STANMORE MEDICAL GROUP,31202653,-678.75,,HT000046569,,,,,,
Department of Health,NHS East & North Hertfordshire CCG,29/02/2020,ME-GMS GP Pension EEs,PRC DELEGATED CO-COMMISSIONING,STANMORE MEDICAL GROUP,31202653,"-18,639.30",,HT000046569,,,,,,
Department of Health,NHS East & North Hertfordshire CCG,29/02/2020,ME-GMS GP Pension EEs Adjustments,PRC DELEGATED CO-COMMISSIONING,STANMORE MEDICAL GROUP,31202653,"-1,620.00",,HT000046569,,,,,,
Department of Health,NHS East & North Hertfordshire CCG,29/02/2020,ME-GMS GP Pension ERs Adjustments,PRC DELEGATED CO-COMMISSIONING,STANMORE MEDICAL GROUP,31202653,"-21,693.67",,HT000046569,,,,,,
Department of Health,NHS East & North Hertfordshire CCG,29/02/2020,C&M-GMS DES Extended Hours Access,PRC DELEGATED CO-COMMISSIONING,STANMORE MEDICAL GROUP,31202654,"7,420.69",,HT000046570,,,,,,
Department of Health,NHS East & North Hertfordshire CCG,29/02/2020,C&M-GMS Global Sum,PRC DELEGATED CO-COMMISSIONING,STANMORE MEDICAL GROUP,31202654,"231,496.94",,HT000046570,,,,,,
Department of Health,NHS East & North Hertfordshire CCG,29/02/2020,C&M-GMS MPIG Correction Factor,PRC DELEGATED CO-COMMISSIONING,STANMORE MEDICAL GROUP,31202654,554.07,,HT000046570,,,,,,
Department of Health,NHS East & North Hertfordshire CCG,29/02/2020,C&M-GMS PCN DES Clinical Director,PRC DELEGATED CO-COMMISSIONING,STANMORE MEDICAL GROUP,31202654,"3,470.64",,HT000046570,,,,,,
Department of Health,NHS East & North Hertfordshire CCG,29/02/2020,C&M-GMS PCN DES PCN support,LOCAL ENHANCED SERVICES,STANMORE MEDICAL GROUP,31202654,"7,596.25",,HT000046570,,,,,,
Department of Health,NHS East & North Hertfordshire CCG,29/02/2020,C&M-GMS PCN DES Participation,PRC DELEGATED CO-COMMISSIONING,STANMORE MEDICAL GROUP,31202654,"4,725.12",,HT000046570,,,,,,
Department of Health,NHS East & North Hertfordshire CCG,29/02/2020,C&M-GMS PCO Locum Adop/Pat/Mat,PRC DELEGATED CO-COMMISSIONING,STANMORE MEDICAL GROUP,31202654,"1,751.52",,HT000046570,,,,,,
Department of Health,NHS East & North Hertfordshire CCG,29/02/2020,C&M-GMS Prem Actual Rent,PRC DELEGATED CO-COMMISSIONING,STANMORE MEDICAL GROUP,31202654,"8,075.00",,HT000046570,,,,,,
Department of Health,NHS East & North Hertfordshire CCG,29/02/2020,C&M-GMS Prem Notional Rent,PRC DELEGATED CO-COMMISSIONING,STANMORE MEDICAL GROUP,31202654,"2,441.67",,HT000046570,,,,,,
Department of Health,NHS East & North Hertfordshire CCG,29/02/2020,C&M-GMS Prem Rates,PRC DELEGATED CO-COMMISSIONING,STANMORE MEDICAL GROUP,31202654,"2,453.25",,HT000046570,,,,,,
Department of Health,NHS East & North Hertfordshire CCG,29/02/2020,Clinical&Medical-Clinical Other,GP FORWARD VIEW,STEVENAGE HEALTH LTD,31211759,"32,514.72",,SHLEASERVICEFEBRUARY2020,,,,,,
Department of Health,NHS East & North Hertfordshire CCG,29/02/2020,C&M-GMS Global Sum,PRC DELEGATED CO-COMMISSIONING,STOCKWELL LODGE MEDICAL CENTRE,31202650,"71,363.95",,HT000046566,,,,,,
Department of Health,NHS East & North Hertfordshire CCG,29/02/2020,C&M-GMS MPIG Correction Factor,PRC DELEGATED CO-COMMISSIONING,STOCKWELL LODGE MEDICAL CENTRE,31202650,323.36,,HT000046566,,,,,,
Department of Health,NHS East & North Hertfordshire CCG,29/02/2020,C&M-GMS PCN DES Participation,PRC DELEGATED CO-COMMISSIONING,STOCKWELL LODGE MEDICAL CENTRE,31202650,"1,462.57",,HT000046566,,,,,,
Department of Health,NHS East & North Hertfordshire CCG,29/02/2020,C&M-GMS Prem Notional Rent,PRC DELEGATED CO-COMMISSIONING,STOCKWELL LODGE MEDICAL CENTRE,31202650,"9,583.33",,HT000046566,,,,,,
Department of Health,NHS East & North Hertfordshire CCG,29/02/2020,C&M-GMS Global Sum,PRC DELEGATED CO-COMMISSIONING,SURGERY ASTONIA HOUSE,31202648,"87,502.68",,HT000046564,,,,,,
Department of Health,NHS East & North Hertfordshire CCG,29/02/2020,C&M-GMS MPIG Correction Factor,PRC DELEGATED CO-COMMISSIONING,SURGERY ASTONIA HOUSE,31202648,267.04,,HT000046564,,,,,,
Department of Health,NHS East & North Hertfordshire CCG,29/02/2020,C&M-GMS PCN DES Participation,PRC DELEGATED CO-COMMISSIONING,SURGERY ASTONIA HOUSE,31202648,"1,817.25",,HT000046564,,,,,,
Department of Health,NHS East & North Hertfordshire CCG,29/02/2020,C&M-GMS Prem Actual Rent,PRC DELEGATED CO-COMMISSIONING,SURGERY ASTONIA HOUSE,31202648,"40,625.00",,HT000046564,,,,,,
Department of Health,NHS East & North Hertfordshire CCG,29/02/2020,C&M-GMS Prem Rates,PRC DELEGATED CO-COMMISSIONING,SURGERY ASTONIA HOUSE,31202648,"1,362.75",,HT000046564,,,,,,
Department of Health,NHS East & North Hertfordshire CCG,29/02/2020,C&M-GMS Global Sum,PRC DELEGATED CO-COMMISSIONING,SYMONDS GREEN HEALTH CENTRE,31202656,"31,079.74",,HT000046572,,,,,,
Department of Health,NHS East & North Hertfordshire CCG,29/02/2020,C&M-GMS MPIG Correction Factor,PRC DELEGATED CO-COMMISSIONING,SYMONDS GREEN HEALTH CENTRE,31202656,68.78,,HT000046572,,,,,,
Department of Health,NHS East & North Hertfordshire CCG,29/02/2020,C&M-GMS PCN DES Participation,PRC DELEGATED CO-COMMISSIONING,SYMONDS GREEN HEALTH CENTRE,31202656,"1,462.57",,HT000046572,,,,,,
Department of Health,NHS East & North Hertfordshire CCG,29/02/2020,Hcare Srv Rec Fdtn Trust-Contract Baseline,ACUTE COMMISSIONING,UNIVERSITY COLLEGE LONDON HOSPITALS NHS FOUNDATION TRUST,30902512,"753,741.00",654948687,5010214378,,,,,,
Department of Health,NHS East & North Hertfordshire CCG,29/02/2020,Telecoms-Data lines,ADHOC BUSINESS,VIRGIN MEDIA BUSINESS LTD,30899979,"282,790.85",591819014,932023089,,,,,,
Department of Health,NHS East & North Hertfordshire CCG,29/02/2020,C&M-GMS Global Sum,PRC DELEGATED CO-COMMISSIONING,WALLACE HOUSE SURGERY,31202660,"92,075.27",,HT000046576,,,,,,
Department of Health,NHS East & North Hertfordshire CCG,29/02/2020,C&M-GMS MPIG Correction Factor,PRC DELEGATED CO-COMMISSIONING,WALLACE HOUSE SURGERY,31202660,161,,HT000046576,,,,,,
Department of Health,NHS East & North Hertfordshire CCG,29/02/2020,C&M-GMS PCN DES Participation,PRC DELEGATED CO-COMMISSIONING,WALLACE HOUSE SURGERY,31202660,"1,822.27",,HT000046576,,,,,,
Department of Health,NHS East & North Hertfordshire CCG,29/02/2020,ME-GMS GP Pension EEs Adjustments,PRC DELEGATED CO-COMMISSIONING,WALLACE HOUSE SURGERY,31202660,"1,927.92",,HT000046576,,,,,,
Department of Health,NHS East & North Hertfordshire CCG,29/02/2020,ME-GMS GP Pension ERs Adjustments,PRC DELEGATED CO-COMMISSIONING,WALLACE HOUSE SURGERY,31202660,"1,573.25",,HT000046576,,,,,,
Department of Health,NHS East & North Hertfordshire CCG,29/02/2020,C&M-GMS Global Sum,PRC DELEGATED CO-COMMISSIONING,WARDEN LODGE MEDICAL PRACTICE,31202662,"69,391.13",,HT000046578,,,,,,
Department of Health,NHS East & North Hertfordshire CCG,29/02/2020,C&M-GMS Other FDR Payment,PRC DELEGATED CO-COMMISSIONING,WARDEN LODGE MEDICAL PRACTICE,31202662,"2,057.59",,HT000046578,,,,,,
Department of Health,NHS East & North Hertfordshire CCG,29/02/2020,C&M-GMS PCN DES Participation,PRC DELEGATED CO-COMMISSIONING,WARDEN LODGE MEDICAL PRACTICE,31202662,"1,445.89",,HT000046578,,,,,,
Department of Health,NHS East & North Hertfordshire CCG,29/02/2020,C&M-GMS PCO Locum Adop/Pat/Mat,PRC DELEGATED CO-COMMISSIONING,WARDEN LODGE MEDICAL PRACTICE,31202662,"10,804.14",,HT000046578,,,,,,
Department of Health,NHS East & North Hertfordshire CCG,29/02/2020,C&M-GMS Prem Water Rates,PRC DELEGATED CO-COMMISSIONING,WARDEN LODGE MEDICAL PRACTICE,31202662,514.9,,HT000046578,,,,,,
Department of Health,NHS East & North Hertfordshire CCG,29/02/2020,ME - GMS GP Prior Year ERs,PRC DELEGATED CO-COMMISSIONING,WARDEN LODGE MEDICAL PRACTICE,31202662,389.99,,HT000046578,,,,,,
Department of Health,NHS East & North Hertfordshire CCG,29/02/2020,ME-GMS GP Prior Year EEs,PRC DELEGATED CO-COMMISSIONING,WARDEN LODGE MEDICAL PRACTICE,31202662,339,,HT000046578,,,,,,
Department of Health,NHS East & North Hertfordshire CCG,29/02/2020,C&M-GMS Global Sum,PRC DELEGATED CO-COMMISSIONING,WATTON PLACE CLINIC,31202664,"35,949.05",,HT000046580,,,,,,
Department of Health,NHS East & North Hertfordshire CCG,29/02/2020,C&M-GMS MPIG Correction Factor,PRC DELEGATED CO-COMMISSIONING,WATTON PLACE CLINIC,31202664,104.27,,HT000046580,,,,,,
Department of Health,NHS East & North Hertfordshire CCG,29/02/2020,C&M-GMS PCN DES Participation,PRC DELEGATED CO-COMMISSIONING,WATTON PLACE CLINIC,31202664,"1,445.89",,HT000046580,,,,,,
Department of Health,NHS East & North Hertfordshire CCG,29/02/2020,C&M-GMS Prem Actual Rent,PRC DELEGATED CO-COMMISSIONING,WATTON PLACE CLINIC,31202664,"8,819.75",,HT000046580,,,,,,
Department of Health,NHS East & North Hertfordshire CCG,29/02/2020,C&M-GMS Prem Notional Rent,PRC DELEGATED CO-COMMISSIONING,WATTON PLACE CLINIC,31202664,"1,737.50",,HT000046580,,,,,,
Department of Health,NHS East & North Hertfordshire CCG,29/02/2020,C&M-GMS Prem Water Rates,PRC DELEGATED CO-COMMISSIONING,WATTON PLACE CLINIC,31202664,19.62,,HT000046580,,,,,,
Department of Health,NHS East & North Hertfordshire CCG,29/02/2020,C&M-GMS Cost of Drugs -Dispensing,LOCAL ENHANCED SERVICES,WATTON PLACE CLINIC,31229574,"-59,928.06",,HT000046809,,,,,,
Department of Health,NHS East & North Hertfordshire CCG,29/02/2020,C&M-GMS PrscChrgsCll&RmttdbyGPCntra,PRC DELEGATED CO-COMMISSIONING,WATTON PLACE CLINIC,31229574,"-3,366.00",,HT000046809,,,,,,
Department of Health,NHS East & North Hertfordshire CCG,29/02/2020,C&M-GMS Cost of Drugs -Dispensing,LOCAL ENHANCED SERVICES,WATTON PLACE CLINIC,31229575,"106,645.26",,HT000046810,,,,,,
Department of Health,NHS East & North Hertfordshire CCG,29/02/2020,C&M-GMS Prof Fees Dispensing,PRC DELEGATED CO-COMMISSIONING,WATTON PLACE CLINIC,31229575,"15,518.32",,HT000046810,,,,,,
Department of Health,NHS East & North Hertfordshire CCG,29/02/2020,C&M-GMS PrscrptnChrgsColl&RmttdbyGP,LOCAL ENHANCED SERVICES,WATTON PLACE CLINIC,31229575,"3,366.00",,HT000046810,,,,,,
Department of Health,NHS East & North Hertfordshire CCG,29/02/2020,Hcare Srv Rec NHS Trust-Prior Year,ACUTE COMMISSIONING,WEST HERTFORDSHIRE HOSPITALS NHS TRUST,31001281,"-41,185.00",654974002,25976,,,,,,
Department of Health,NHS East & North Hertfordshire CCG,29/02/2020,Hcare Srv Rec NHS Trust-Over/ Under Performance,ACUTE COMMISSIONING,WEST HERTFORDSHIRE HOSPITALS NHS TRUST,31001379,"-60,690.00",654974002,26290,,,,,,
Department of Health,NHS East & North Hertfordshire CCG,29/02/2020,Hcare Srv Rec NHS Trust-Contract Baseline,ACUTE COMMISSIONING,WEST HERTFORDSHIRE HOSPITALS NHS TRUST,31001461,"320,556.00",654974002,264669,,,,,,
Department of Health,NHS East & North Hertfordshire CCG,29/02/2020,Hcare Srv Rec NHS Trust-Contract Baseline,ACUTE COMMISSIONING,WHITTINGTON HOSPITAL NHS TRUST (THE),31022290,"29,516.83",654948100,91904,,,,,,
Department of Health,NHS East & North Hertfordshire CCG,29/02/2020,C&M-GMS Global Sum,PRC DELEGATED CO-COMMISSIONING,WHITWELL SURGERY,31202658,"22,614.84",,HT000046574,,,,,,
Department of Health,NHS East & North Hertfordshire CCG,29/02/2020,C&M-GMS PCN DES Participation,PRC DELEGATED CO-COMMISSIONING,WHITWELL SURGERY,31202658,846.29,,HT000046574,,,,,,
Department of Health,NHS East & North Hertfordshire CCG,29/02/2020,C&M-GMS Prem Actual Rent,PRC DELEGATED CO-COMMISSIONING,WHITWELL SURGERY,31202658,"12,037.50",,HT000046574,,,,,,
Department of Health,NHS East & North Hertfordshire CCG,29/02/2020,C&M-GMS Cost of Drugs -Dispensing,LOCAL ENHANCED SERVICES,WHITWELL SURGERY,31229571,"36,783.27",,HT000046806,,,,,,
Department of Health,NHS East & North Hertfordshire CCG,29/02/2020,C&M-GMS Prof Fees Dispensing,PRC DELEGATED CO-COMMISSIONING,WHITWELL SURGERY,31229571,"6,077.72",,HT000046806,,,,,,
Department of Health,NHS East & North Hertfordshire CCG,29/02/2020,C&M-GMS PrscrptnChrgsColl&RmttdbyGP,LOCAL ENHANCED SERVICES,WHITWELL SURGERY,31229571,"1,557.00",,HT000046806,,,,,,
Department of Health,NHS East & North Hertfordshire CCG,29/02/2020,Cont Care-Physical Disab (<65),CHC AD FULL FUND PERS HLTH BUD,WILSONS SOLICITORS LLP,30964641,"44,486.54",,B2694001A,,,,,,
Department of Health,NHS East & North Hertfordshire CCG,29/02/2020,C&M-GMS Global Sum,PRC DELEGATED CO-COMMISSIONING,WRAFTON HOUSE,31202666,"66,877.82",,HT000046582,,,,,,
Department of Health,NHS East & North Hertfordshire CCG,29/02/2020,C&M-GMS PCN DES Participation,PRC DELEGATED CO-COMMISSIONING,WRAFTON HOUSE,31202666,"1,386.80",,HT000046582,,,,,,
Department of Health,NHS East & North Hertfordshire CCG,29/02/2020,C&M-GMS Prem Actual Rent,PRC DELEGATED CO-COMMISSIONING,WRAFTON HOUSE,31202666,"30,436.00",,HT000046582,,,,,,
Department of Health,NHS East & North Hertfordshire CCG,29/02/2020,C&M-GMS Prem Rates,PRC DELEGATED CO-COMMISSIONING,WRAFTON HOUSE,31202666,"1,775.25",,HT000046582,,,,,,
,,,,,,,,,,,,,,,
,,,,,,,"62,477,498.79",,,,,,,,
