Department family,Entity,Date,Expense Type,Expense area,Supplier,Transaction number,AP Amount (£),VAT registration number,Purchase invoice number
Department of Health,NHS East & North Hertfordshire CCG,31/07/2019,C&M-APMS Contract Value,PRC DELEGATED CO-COMMISSIONING,12 POINT CARE LTD,28026182,"42,870.96",,HT000042153
Department of Health,NHS East & North Hertfordshire CCG,31/07/2019,C&M-PMS QOF Aspiration,PRC DELEGATED CO-COMMISSIONING,12 POINT CARE LTD,28026182,"3,205.01",,HT000042153
Department of Health,NHS East & North Hertfordshire CCG,31/07/2019,Clinical&Medical-Clinical Other,GP FORWARD VIEW,12 POINT CARE LTD,28113211,"37,966.94",,12PCEASAPM10
Department of Health,NHS East & North Hertfordshire CCG,31/07/2019,C&M-APMS DES Extended Hours Access,PRC DELEGATED CO-COMMISSIONING,12 POINT CARE LTD,28275704,"5,757.66",,HT000042538
Department of Health,NHS East & North Hertfordshire CCG,31/07/2019,C&M-APMS PCN DES Clinical Director,PRC DELEGATED CO-COMMISSIONING,12 POINT CARE LTD,28275704,"2,692.85",,HT000042538
Department of Health,NHS East & North Hertfordshire CCG,31/07/2019,C&M-APMS PCN DES PCN support,LOCAL ENHANCED SERVICES,12 POINT CARE LTD,28275704,"23,575.50",,HT000042538
Department of Health,NHS East & North Hertfordshire CCG,31/07/2019,C&M-APMS PCN DES Participation,PRC DELEGATED CO-COMMISSIONING,12 POINT CARE LTD,28275704,"2,175.42",,HT000042538
Department of Health,NHS East & North Hertfordshire CCG,31/07/2019,Clinical&Medical-Clinical Other,GP FORWARD VIEW,12 POINT CARE LTD,28328171,"37,966.94",,12PCEASAPM11
Department of Health,NHS East & North Hertfordshire CCG,31/07/2019,C&M-GMS Global Sum,PRC DELEGATED CO-COMMISSIONING,AMWELL STREET SURGERY,28251106,"85,266.99",,HT000042443
Department of Health,NHS East & North Hertfordshire CCG,31/07/2019,C&M-GMS MPIG Correction Factor,PRC DELEGATED CO-COMMISSIONING,AMWELL STREET SURGERY,28251106,"1,155.08",,HT000042443
Department of Health,NHS East & North Hertfordshire CCG,31/07/2019,C&M-GMS PCN DES Participation,PRC DELEGATED CO-COMMISSIONING,AMWELL STREET SURGERY,28251106,"5,203.96",,HT000042443
Department of Health,NHS East & North Hertfordshire CCG,31/07/2019,C&M-GMS Prem Rates,PRC DELEGATED CO-COMMISSIONING,AMWELL STREET SURGERY,28251106,"14,994.00",,HT000042443
Department of Health,NHS East & North Hertfordshire CCG,31/07/2019,C&M-GMS Global Sum,PRC DELEGATED CO-COMMISSIONING,ASHWELL SURGERY,28251102,"58,167.82",879108291,HT000042439
Department of Health,NHS East & North Hertfordshire CCG,31/07/2019,C&M-GMS MPIG Correction Factor,PRC DELEGATED CO-COMMISSIONING,ASHWELL SURGERY,28251102,575.4,879108291,HT000042439
Department of Health,NHS East & North Hertfordshire CCG,31/07/2019,C&M-GMS PCN DES Participation,PRC DELEGATED CO-COMMISSIONING,ASHWELL SURGERY,28251102,"3,551.63",879108291,HT000042439
Department of Health,NHS East & North Hertfordshire CCG,31/07/2019,C&M-GMS Prem Notional Rent,PRC DELEGATED CO-COMMISSIONING,ASHWELL SURGERY,28251102,"7,747.50",879108291,HT000042439
Department of Health,NHS East & North Hertfordshire CCG,31/07/2019,C&M-GMS Prem Rates,PRC DELEGATED CO-COMMISSIONING,ASHWELL SURGERY,28251102,"3,342.50",879108291,HT000042439
Department of Health,NHS East & North Hertfordshire CCG,31/07/2019,C&M-GMS Cost of Drugs -Dispensing,LOCAL ENHANCED SERVICES,ASHWELL SURGERY,28277130,"-31,851.00",879108291,HT000042661
Department of Health,NHS East & North Hertfordshire CCG,31/07/2019,C&M-GMS PrscChrgsCll&RmttdbyGPCntra,PRC DELEGATED CO-COMMISSIONING,ASHWELL SURGERY,28277130,"-2,592.00",879108291,HT000042661
Department of Health,NHS East & North Hertfordshire CCG,31/07/2019,C&M-GMS Cost of Drugs -Dispensing,LOCAL ENHANCED SERVICES,ASHWELL SURGERY,28277131,"52,661.66",879108291,HT000042662
Department of Health,NHS East & North Hertfordshire CCG,31/07/2019,C&M-GMS Prof Fees Dispensing,PRC DELEGATED CO-COMMISSIONING,ASHWELL SURGERY,28277131,"11,966.92",879108291,HT000042662
Department of Health,NHS East & North Hertfordshire CCG,31/07/2019,C&M-GMS PrscrptnChrgsColl&RmttdbyGP,LOCAL ENHANCED SERVICES,ASHWELL SURGERY,28277131,"2,592.00",879108291,HT000042662
Department of Health,NHS East & North Hertfordshire CCG,31/07/2019,C&M-GMS LES Equitable Funding,REABLEMENT,BANCROFT MEDICAL CENTRE,27993343,"25,846.50",,FSEN0719006
Department of Health,NHS East & North Hertfordshire CCG,31/07/2019,C&M-GMS Global Sum,PRC DELEGATED CO-COMMISSIONING,BANCROFT MEDICAL CENTRE,28251191,"119,524.67",,HT000042540
Department of Health,NHS East & North Hertfordshire CCG,31/07/2019,C&M-GMS MPIG Correction Factor,PRC DELEGATED CO-COMMISSIONING,BANCROFT MEDICAL CENTRE,28251191,119.68,,HT000042540
Department of Health,NHS East & North Hertfordshire CCG,31/07/2019,C&M-GMS PCN DES Participation,PRC DELEGATED CO-COMMISSIONING,BANCROFT MEDICAL CENTRE,28251191,"7,359.41",,HT000042540
Department of Health,NHS East & North Hertfordshire CCG,31/07/2019,Hcare Srv Rec NHS Trust-Contract Baseline,ACUTE COMMISSIONING,BARKING HAVERING AND REDBRIDGE HOSPITALS NHS TRUST,27949889,"77,497.00",654924414,8457640
Department of Health,NHS East & North Hertfordshire CCG,31/07/2019,Hcare Srv Rec NHS Trust-Contract Baseline,ACUTE COMMISSIONING,BARTS HEALTH NHS TRUST,28283103,"281,309.78",654947005,378392
Department of Health,NHS East & North Hertfordshire CCG,31/07/2019,Hcare Srv Rec Fdtn Trust-Contract Baseline,ACUTE COMMISSIONING,BASILDON & THURROCK UNIVERSITY HOSPITALS NHS FOUNDATION TRUST,27933222,"56,567.00",GB 654911917,104018
Department of Health,NHS East & North Hertfordshire CCG,31/07/2019,Hcare Srv Rec NHS Trust-Contract Baseline,ACUTE COMMISSIONING,BEDFORD HOSPITAL NHS TRUST,27949691,"36,201.54",654912424,I0171783
Department of Health,NHS East & North Hertfordshire CCG,31/07/2019,C&M-GMS GP Statutory Levy,PRC DELEGATED CO-COMMISSIONING,BEDFORDSHIRE AND HERTFORDSHIRE LMC LTD (STAT LEVY),27938459,"66,337.34",,106206-28-JUN-2019
Department of Health,NHS East & North Hertfordshire CCG,31/07/2019,C&M-GMS Voluntary Levy,PRC DELEGATED CO-COMMISSIONING,BEDFORDSHIRE AND HERTFORDSHIRE LMC LTD (STAT LEVY),27938459,"7,538.40",,106206-28-JUN-2019
Department of Health,NHS East & North Hertfordshire CCG,31/07/2019,C&M-GMS Global Sum,PRC DELEGATED CO-COMMISSIONING,BEDWELL MEDICAL CENTRE,28251104,"88,226.10",,HT000042441
Department of Health,NHS East & North Hertfordshire CCG,31/07/2019,C&M-GMS PCN DES Participation,PRC DELEGATED CO-COMMISSIONING,BEDWELL MEDICAL CENTRE,28251104,"5,459.13",,HT000042441
Department of Health,NHS East & North Hertfordshire CCG,31/07/2019,C&M-GMS Prem Notional Rent,PRC DELEGATED CO-COMMISSIONING,BEDWELL MEDICAL CENTRE,28251104,"3,229.17",,HT000042441
Department of Health,NHS East & North Hertfordshire CCG,31/07/2019,C&M-GMS Prem Rates,PRC DELEGATED CO-COMMISSIONING,BEDWELL MEDICAL CENTRE,28251104,"3,841.25",,HT000042441
Department of Health,NHS East & North Hertfordshire CCG,31/07/2019,C&M-GMS Global Sum,PRC DELEGATED CO-COMMISSIONING,BIRCHWOOD SURGERY,28251108,"92,426.46",,HT000042445
Department of Health,NHS East & North Hertfordshire CCG,31/07/2019,C&M-GMS PCN DES Participation,PRC DELEGATED CO-COMMISSIONING,BIRCHWOOD SURGERY,28251108,"5,706.07",,HT000042445
Department of Health,NHS East & North Hertfordshire CCG,31/07/2019,C&M-GMS Prem Actual Rent,PRC DELEGATED CO-COMMISSIONING,BIRCHWOOD SURGERY,28251108,"8,850.00",,HT000042445
Department of Health,NHS East & North Hertfordshire CCG,31/07/2019,C&M-GMS Prem Rates,PRC DELEGATED CO-COMMISSIONING,BIRCHWOOD SURGERY,28251108,"2,534.00",,HT000042445
Department of Health,NHS East & North Hertfordshire CCG,31/07/2019,C&M-GMS Prem Water Rates,PRC DELEGATED CO-COMMISSIONING,BIRCHWOOD SURGERY,28251108,357.75,,HT000042445
Department of Health,NHS East & North Hertfordshire CCG,31/07/2019,ME - GMS GP Prior Year ERs,PRC DELEGATED CO-COMMISSIONING,BIRCHWOOD SURGERY,28251108,"1,869.15",,HT000042445
Department of Health,NHS East & North Hertfordshire CCG,31/07/2019,ME-GMS GP Prior Year AVCs,PRC DELEGATED CO-COMMISSIONING,BIRCHWOOD SURGERY,28251108,744.79,,HT000042445
Department of Health,NHS East & North Hertfordshire CCG,31/07/2019,ME-GMS GP Prior Year EEs,PRC DELEGATED CO-COMMISSIONING,BIRCHWOOD SURGERY,28251108,"1,208.82",,HT000042445
Department of Health,NHS East & North Hertfordshire CCG,31/07/2019,Clinical&Medical-Independent Sector,ACUTE COMMISSIONING,BMI HEALTHCARE LTD,28001652,"174,304.62",GB235134980,110919
Department of Health,NHS East & North Hertfordshire CCG,31/07/2019,Clinical&Medical-Independent Sector,ACUTE COMMISSIONING,BMI HEALTHCARE LTD,28001660,"170,226.34",GB235134980,110966
Department of Health,NHS East & North Hertfordshire CCG,31/07/2019,Clinical&Medical-Independent Sector,NCAS/OATS,BMI HEALTHCARE LTD,28209302,"25,236.11",GB235134980,111301
Department of Health,NHS East & North Hertfordshire CCG,31/07/2019,Clinical&Medical-Independent Sector,ACUTE COMMISSIONING,BMI HEALTHCARE LTD,28233755,"88,469.72",GB235134980,111306
Department of Health,NHS East & North Hertfordshire CCG,31/07/2019,Clinical&Medical-Independent Sector - Prior Year,COLLABORATIVE COMMISSIONING,BOURN HALL CLINIC,27949668,"36,180.00",,16566
Department of Health,NHS East & North Hertfordshire CCG,31/07/2019,Clinical&Medical-Independent Sector - Prior Year,COLLABORATIVE COMMISSIONING,BOURN HALL CLINIC,27949681,"30,990.00",,16604
Department of Health,NHS East & North Hertfordshire CCG,31/07/2019,Clinical&Medical-Independent Sector,COLLABORATIVE COMMISSIONING,BOURN HALL CLINIC,27949740,"26,210.00",,16621
Department of Health,NHS East & North Hertfordshire CCG,31/07/2019,Clinical&Medical-Independent Sector,COLLABORATIVE COMMISSIONING,BOURN HALL CLINIC,28283296,"32,730.00",,16648
Department of Health,NHS East & North Hertfordshire CCG,31/07/2019,Clinical&Medical-Voluntary Sector,COMMUNITY SERVICES,BPAS,28124175,"26,326.88",855924881,41225
Department of Health,NHS East & North Hertfordshire CCG,31/07/2019,C&M-GMS Global Sum,PRC DELEGATED CO-COMMISSIONING,BRIDGE COTTAGE SURGERY,28251114,"115,143.85",,HT000042451
Department of Health,NHS East & North Hertfordshire CCG,31/07/2019,C&M-GMS PCN DES Participation,PRC DELEGATED CO-COMMISSIONING,BRIDGE COTTAGE SURGERY,28251114,"7,022.52",,HT000042451
Department of Health,NHS East & North Hertfordshire CCG,31/07/2019,C&M-GMS Prem Notional Rent,PRC DELEGATED CO-COMMISSIONING,BRIDGE COTTAGE SURGERY,28251114,"9,508.33",,HT000042451
Department of Health,NHS East & North Hertfordshire CCG,31/07/2019,C&M-GMS Prem Rates,PRC DELEGATED CO-COMMISSIONING,BRIDGE COTTAGE SURGERY,28251114,"4,693.50",,HT000042451
Department of Health,NHS East & North Hertfordshire CCG,31/07/2019,C&M-GMS Global Sum,PRC DELEGATED CO-COMMISSIONING,BUNTINGFORD MEDICAL CENTRE,28251110,"54,048.74",,HT000042447
Department of Health,NHS East & North Hertfordshire CCG,31/07/2019,C&M-GMS PCN DES Participation,PRC DELEGATED CO-COMMISSIONING,BUNTINGFORD MEDICAL CENTRE,28251110,"3,224.55",,HT000042447
Department of Health,NHS East & North Hertfordshire CCG,31/07/2019,C&M-GMS Prem Rates,PRC DELEGATED CO-COMMISSIONING,BUNTINGFORD MEDICAL CENTRE,28251110,"1,727.25",,HT000042447
Department of Health,NHS East & North Hertfordshire CCG,31/07/2019,C&M-GMS Global Sum,PRC DELEGATED CO-COMMISSIONING,BURVILL HOUSE SURGERY,28251112,"73,688.62",,HT000042449
Department of Health,NHS East & North Hertfordshire CCG,31/07/2019,C&M-GMS Other FDR Payment,PRC DELEGATED CO-COMMISSIONING,BURVILL HOUSE SURGERY,28251112,"1,992.95",,HT000042449
Department of Health,NHS East & North Hertfordshire CCG,31/07/2019,C&M-GMS PCN DES Participation,PRC DELEGATED CO-COMMISSIONING,BURVILL HOUSE SURGERY,28251112,"4,527.12",,HT000042449
Department of Health,NHS East & North Hertfordshire CCG,31/07/2019,C&M-GMS Prem Notional Rent,PRC DELEGATED CO-COMMISSIONING,BURVILL HOUSE SURGERY,28251112,"4,808.33",,HT000042449
Department of Health,NHS East & North Hertfordshire CCG,30/06/2019,Hcare Srv Rec Fdtn Trust-Contract Baseline,ACUTE COMMISSIONING,CAMBRIDGE UNIVERSITY HOSPITALS NHS FOUNDATION TRUST,27874272,"1,979,911.42",654910528,70024960
Department of Health,NHS East & North Hertfordshire CCG,31/07/2019,Cont Care-Learning Disab(<65),CHC ADULT FULLY FUNDED,CANDOUR CARE SERVICES,27994048,"32,351.25",,509
Department of Health,NHS East & North Hertfordshire CCG,31/07/2019,C&M-GMS DES Extended Hours Access,PRC DELEGATED CO-COMMISSIONING,CASTLEGATE SURGERY HERTFORD,28275252,"6,321.69",,HT000042459
Department of Health,NHS East & North Hertfordshire CCG,31/07/2019,C&M-GMS Global Sum,PRC DELEGATED CO-COMMISSIONING,CASTLEGATE SURGERY HERTFORD,28275252,"52,425.82",,HT000042459
Department of Health,NHS East & North Hertfordshire CCG,31/07/2019,C&M-GMS MPIG Correction Factor,PRC DELEGATED CO-COMMISSIONING,CASTLEGATE SURGERY HERTFORD,28275252,53.88,,HT000042459
Department of Health,NHS East & North Hertfordshire CCG,31/07/2019,C&M-GMS PCN DES Clinical Director,PRC DELEGATED CO-COMMISSIONING,CASTLEGATE SURGERY HERTFORD,28275252,"2,956.64",,HT000042459
Department of Health,NHS East & North Hertfordshire CCG,31/07/2019,C&M-GMS PCN DES PCN support,LOCAL ENHANCED SERVICES,CASTLEGATE SURGERY HERTFORD,28275252,"25,885.00",,HT000042459
Department of Health,NHS East & North Hertfordshire CCG,31/07/2019,C&M-GMS PCN DES Participation,PRC DELEGATED CO-COMMISSIONING,CASTLEGATE SURGERY HERTFORD,28275252,"3,185.21",,HT000042459
Department of Health,NHS East & North Hertfordshire CCG,31/07/2019,C&M-GMS Prem Other,PRC DELEGATED CO-COMMISSIONING,CASTLEGATE SURGERY HERTFORD,28275252,87.16,,HT000042459
Department of Health,NHS East & North Hertfordshire CCG,31/07/2019,C&M-GMS Prem Rates,PRC DELEGATED CO-COMMISSIONING,CASTLEGATE SURGERY HERTFORD,28275252,"2,472.75",,HT000042459
Department of Health,NHS East & North Hertfordshire CCG,31/07/2019,C&M-GMS Prem Water Rates,PRC DELEGATED CO-COMMISSIONING,CASTLEGATE SURGERY HERTFORD,28275252,106.72,,HT000042459
Department of Health,NHS East & North Hertfordshire CCG,31/07/2019,Computer Maintenance,ADHOC BUSINESS,CDW,28322648,"240,737.33",GB902194939,PSINV02506682
Department of Health,NHS East & North Hertfordshire CCG,31/07/2019,C&M-GMS Global Sum,PRC DELEGATED CO-COMMISSIONING,CHELLS WAY SURGERY,28251116,"97,924.80",,HT000042453
Department of Health,NHS East & North Hertfordshire CCG,31/07/2019,C&M-GMS MPIG Correction Factor,PRC DELEGATED CO-COMMISSIONING,CHELLS WAY SURGERY,28251116,151.94,,HT000042453
Department of Health,NHS East & North Hertfordshire CCG,31/07/2019,C&M-GMS PCN DES Participation,PRC DELEGATED CO-COMMISSIONING,CHELLS WAY SURGERY,28251116,"6,010.68",,HT000042453
Department of Health,NHS East & North Hertfordshire CCG,31/07/2019,C&M-GMS Prem Rates,PRC DELEGATED CO-COMMISSIONING,CHELLS WAY SURGERY,28251116,"2,346.75",,HT000042453
Department of Health,NHS East & North Hertfordshire CCG,31/07/2019,Hcare Srv Rec Fdtn Trust-Contract Baseline,ACUTE COMMISSIONING,CHELSEA AND WESTMINSTER HOSPITAL NHS FOUNDATION TRUST,27989753,"29,346.18",654915415,N0033026
Department of Health,NHS East & North Hertfordshire CCG,31/07/2019,C&M-GMS Global Sum,PRC DELEGATED CO-COMMISSIONING,CHURCH STREET SURGERY BISHOPS STORT,28251118,"99,038.19",,HT000042455
Department of Health,NHS East & North Hertfordshire CCG,31/07/2019,C&M-GMS MPIG Correction Factor,PRC DELEGATED CO-COMMISSIONING,CHURCH STREET SURGERY BISHOPS STORT,28251118,318.82,,HT000042455
Department of Health,NHS East & North Hertfordshire CCG,31/07/2019,C&M-GMS PCN DES Participation,PRC DELEGATED CO-COMMISSIONING,CHURCH STREET SURGERY BISHOPS STORT,28251118,"6,060.14",,HT000042455
Department of Health,NHS East & North Hertfordshire CCG,31/07/2019,C&M-GMS Prem Actual Rent,PRC DELEGATED CO-COMMISSIONING,CHURCH STREET SURGERY BISHOPS STORT,28251118,"11,475.00",,HT000042455
Department of Health,NHS East & North Hertfordshire CCG,31/07/2019,C&M-GMS Prem Cost Rent,PRC DELEGATED CO-COMMISSIONING,CHURCH STREET SURGERY BISHOPS STORT,28251118,"6,936.58",,HT000042455
Department of Health,NHS East & North Hertfordshire CCG,31/07/2019,C&M-GMS Prem Rates,PRC DELEGATED CO-COMMISSIONING,CHURCH STREET SURGERY BISHOPS STORT,28251118,"3,274.25",,HT000042455
Department of Health,NHS East & North Hertfordshire CCG,31/07/2019,C&M-GMS Global Sum,PRC DELEGATED CO-COMMISSIONING,CHURCH STREET SURGERY WARE,28251120,"58,054.21",,HT000042457
Department of Health,NHS East & North Hertfordshire CCG,31/07/2019,C&M-GMS MPIG Correction Factor,PRC DELEGATED CO-COMMISSIONING,CHURCH STREET SURGERY WARE,28251120,420.95,,HT000042457
Department of Health,NHS East & North Hertfordshire CCG,31/07/2019,C&M-GMS PCN DES Participation,PRC DELEGATED CO-COMMISSIONING,CHURCH STREET SURGERY WARE,28251120,"3,613.85",,HT000042457
Department of Health,NHS East & North Hertfordshire CCG,31/07/2019,C&M-GMS Prem Notional Rent,PRC DELEGATED CO-COMMISSIONING,CHURCH STREET SURGERY WARE,28251120,"6,129.17",,HT000042457
Department of Health,NHS East & North Hertfordshire CCG,31/07/2019,C&M-GMS Prem Rates,PRC DELEGATED CO-COMMISSIONING,CHURCH STREET SURGERY WARE,28251120,"3,953.25",,HT000042457
Department of Health,NHS East & North Hertfordshire CCG,31/07/2019,C&M-GMS Global Sum,PRC DELEGATED CO-COMMISSIONING,CROMWELL MEDICAL CENTRE,28251122,"54,353.23",,HT000042460
Department of Health,NHS East & North Hertfordshire CCG,31/07/2019,C&M-GMS PCN DES Participation,PRC DELEGATED CO-COMMISSIONING,CROMWELL MEDICAL CENTRE,28251122,"3,281.64",,HT000042460
Department of Health,NHS East & North Hertfordshire CCG,31/07/2019,C&M-GMS Prem Notional Rent,PRC DELEGATED CO-COMMISSIONING,CROMWELL MEDICAL CENTRE,28251122,"5,150.00",,HT000042460
Department of Health,NHS East & North Hertfordshire CCG,31/07/2019,C&M-GMS Prem Rates,PRC DELEGATED CO-COMMISSIONING,CROMWELL MEDICAL CENTRE,28251122,"1,785.00",,HT000042460
Department of Health,NHS East & North Hertfordshire CCG,31/07/2019,C&M-GMS Global Sum,PRC DELEGATED CO-COMMISSIONING,CUFFLEY & GOFFS OAK MEDICAL PRACTICE,28251124,"89,788.25",,HT000042462
Department of Health,NHS East & North Hertfordshire CCG,31/07/2019,C&M-GMS PCN DES Participation,PRC DELEGATED CO-COMMISSIONING,CUFFLEY & GOFFS OAK MEDICAL PRACTICE,28251124,"5,467.73",,HT000042462
Department of Health,NHS East & North Hertfordshire CCG,31/07/2019,C&M-GMS PCO Other,PRC DELEGATED CO-COMMISSIONING,CUFFLEY & GOFFS OAK MEDICAL PRACTICE,28251124,"7,897.00",,HT000042462
Department of Health,NHS East & North Hertfordshire CCG,31/07/2019,C&M-GMS Prem Actual Rent,PRC DELEGATED CO-COMMISSIONING,CUFFLEY & GOFFS OAK MEDICAL PRACTICE,28251124,"2,078.01",,HT000042462
Department of Health,NHS East & North Hertfordshire CCG,31/07/2019,C&M-GMS Prem Rates,PRC DELEGATED CO-COMMISSIONING,CUFFLEY & GOFFS OAK MEDICAL PRACTICE,28251124,"4,270.00",,HT000042462
Department of Health,NHS East & North Hertfordshire CCG,31/07/2019,ME-GMS GP Prior Year EEs,PRC DELEGATED CO-COMMISSIONING,CUFFLEY & GOFFS OAK MEDICAL PRACTICE,28251124,36.11,,HT000042462
Department of Health,NHS East & North Hertfordshire CCG,31/07/2019,C&M-GMS Global Sum,PRC DELEGATED CO-COMMISSIONING,DOLPHIN HOUSE SURGERY,28251126,"94,496.99",,HT000042464
Department of Health,NHS East & North Hertfordshire CCG,31/07/2019,C&M-GMS MPIG Correction Factor,PRC DELEGATED CO-COMMISSIONING,DOLPHIN HOUSE SURGERY,28251126,"1,401.57",,HT000042464
Department of Health,NHS East & North Hertfordshire CCG,31/07/2019,C&M-GMS PCN DES Participation,PRC DELEGATED CO-COMMISSIONING,DOLPHIN HOUSE SURGERY,28251126,"5,718.06",,HT000042464
Department of Health,NHS East & North Hertfordshire CCG,31/07/2019,C&M-GMS Prem Actual Rent,PRC DELEGATED CO-COMMISSIONING,DOLPHIN HOUSE SURGERY,28251126,"2,245.83",,HT000042464
Department of Health,NHS East & North Hertfordshire CCG,31/07/2019,C&M-GMS Prem Notional Rent,PRC DELEGATED CO-COMMISSIONING,DOLPHIN HOUSE SURGERY,28251126,39.58,,HT000042464
Department of Health,NHS East & North Hertfordshire CCG,30/06/2019,Hcare Srv Rec NHS Trust-Contract Baseline,ACUTE COMMISSIONING,EAST AND NORTH HERTFORDSHIRE NHS TRUST,27788315,"19,803,002.00",654973984,4163241
Department of Health,NHS East & North Hertfordshire CCG,31/07/2019,Hcare Srv Rec NHS Trust-Non Contract,ACUTE COMMISSIONING,EAST AND NORTH HERTFORDSHIRE NHS TRUST,28001648,"162,500.01",654973984,4163429
Department of Health,NHS East & North Hertfordshire CCG,31/07/2019,Hcare Srv Rec NHS Trust-Prior Year,NCAS/OATS,EAST AND NORTH HERTFORDSHIRE NHS TRUST,28069635,"-100,564.88",654973984,4163249
Department of Health,NHS East & North Hertfordshire CCG,31/07/2019,PREPYMT OVERSEAS NON EEA PATIENTS,BALANCE SHEET,EAST AND NORTH HERTFORDSHIRE NHS TRUST,28203795,"57,492.86",654973984,4163913
Department of Health,NHS East & North Hertfordshire CCG,31/07/2019,Cont Care-NHS Trust,CHC CHILDREN,EAST AND NORTH HERTFORDSHIRE NHS TRUST,28315544,"62,368.02",654973984,4163378
Department of Health,NHS East & North Hertfordshire CCG,31/07/2019,Cont Care-NHS Trust,CHC CHILDREN,EAST AND NORTH HERTFORDSHIRE NHS TRUST,28315554,"63,542.59",654973984,4163476
Department of Health,NHS East & North Hertfordshire CCG,31/07/2019,Hcare Srv Rec NHS Trust-Contract Baseline,AMBULANCE SERVICES,EAST OF ENGLAND AMBULANCE SERVICE NHS TRUST,27933175,"1,815,485.69",654919501,8114837
Department of Health,NHS East & North Hertfordshire CCG,31/07/2019,Travel Booking Services,PATIENT TRANSPORT,EAST OF ENGLAND AMBULANCE SERVICE NHS TRUST,27933177,"233,181.00",654919501,8114831
Department of Health,NHS East & North Hertfordshire CCG,31/07/2019,Hcare Srv Rec NHS Trust-Non Contract,AMBULANCE SERVICES,EAST OF ENGLAND AMBULANCE SERVICE NHS TRUST,28071599,"30,139.90",654919501,8114984
Department of Health,NHS East & North Hertfordshire CCG,31/07/2019,Computer Maintenance,CCG-IT PROGRAMME,EGTON MEDICAL INFORMATION SYSTEMS LTD,27987536,"116,565.92",927149214,EMINV020317
Department of Health,NHS East & North Hertfordshire CCG,31/07/2019,Computer Maintenance,CCG-IT PROGRAMME,EGTON MEDICAL INFORMATION SYSTEMS LTD,27987537,"92,950.44",927149214,EMINV020318
Department of Health,NHS East & North Hertfordshire CCG,31/07/2019,Computer Maintenance,CCG-IT PROGRAMME,EGTON MEDICAL INFORMATION SYSTEMS LTD,27989794,"64,859.18",927149214,EMINV020319
Department of Health,NHS East & North Hertfordshire CCG,31/07/2019,Clinical&Medical-Clinical Other,GP FORWARD VIEW,EPHEDRA HEALTHCARE LTD,28209099,"37,884.00",,EAJULY2019
Department of Health,NHS East & North Hertfordshire CCG,31/07/2019,Hcare Srv Rec Fdtn Trust-Contract Cost per Case,COMMUNITY SERVICES,ESSEX PARTNERSHIP UNIVERSITY NHS FT,28028631,"64,828.42",GB654974100,I0066549
Department of Health,NHS East & North Hertfordshire CCG,31/07/2019,Clinical&Medical-Independent Sector,Winter Resilience,FINECARE HOMES (STEVENAGE),28315824,"58,940.57",,D2A6674591
Department of Health,NHS East & North Hertfordshire CCG,31/07/2019,Clinical&Medical-Independent Sector,Winter Resilience,FINECARE HOMES (STEVENAGE),28315842,"51,778.85",,D2A6674598
Department of Health,NHS East & North Hertfordshire CCG,31/07/2019,C&M-GMS DES Extended Hours Access,PRC DELEGATED CO-COMMISSIONING,GARDEN CITY PRACTICE,28275253,"4,342.52",,HT000042466
Department of Health,NHS East & North Hertfordshire CCG,31/07/2019,C&M-GMS Global Sum,PRC DELEGATED CO-COMMISSIONING,GARDEN CITY PRACTICE,28275253,"67,706.57",,HT000042466
Department of Health,NHS East & North Hertfordshire CCG,31/07/2019,C&M-GMS Other FDR Payment,PRC DELEGATED CO-COMMISSIONING,GARDEN CITY PRACTICE,28275253,"3,028.70",,HT000042466
Department of Health,NHS East & North Hertfordshire CCG,31/07/2019,C&M-GMS PCN DES Clinical Director,PRC DELEGATED CO-COMMISSIONING,GARDEN CITY PRACTICE,28275253,"2,030.99",,HT000042466
Department of Health,NHS East & North Hertfordshire CCG,31/07/2019,C&M-GMS PCN DES PCN support,LOCAL ENHANCED SERVICES,GARDEN CITY PRACTICE,28275253,"17,781.00",,HT000042466
Department of Health,NHS East & North Hertfordshire CCG,31/07/2019,C&M-GMS PCN DES Participation,PRC DELEGATED CO-COMMISSIONING,GARDEN CITY PRACTICE,28275253,"4,069.40",,HT000042466
Department of Health,NHS East & North Hertfordshire CCG,31/07/2019,C&M-GMS Prem Actual Rent,PRC DELEGATED CO-COMMISSIONING,GARDEN CITY PRACTICE,28275253,"1,030.00",,HT000042466
Department of Health,NHS East & North Hertfordshire CCG,31/07/2019,C&M-GMS Prem Notional Rent,PRC DELEGATED CO-COMMISSIONING,GARDEN CITY PRACTICE,28275253,"2,471.25",,HT000042466
Department of Health,NHS East & North Hertfordshire CCG,31/07/2019,C&M-GMS Global Sum,PRC DELEGATED CO-COMMISSIONING,GARDEN CITY SURGERY,28251129,"50,645.88",,HT000042468
Department of Health,NHS East & North Hertfordshire CCG,31/07/2019,C&M-GMS MPIG Correction Factor,PRC DELEGATED CO-COMMISSIONING,GARDEN CITY SURGERY,28251129,530.71,,HT000042468
Department of Health,NHS East & North Hertfordshire CCG,31/07/2019,C&M-GMS PCN DES Participation,PRC DELEGATED CO-COMMISSIONING,GARDEN CITY SURGERY,28251129,"3,035.02",,HT000042468
Department of Health,NHS East & North Hertfordshire CCG,31/07/2019,C&M-GMS Prem Notional Rent,PRC DELEGATED CO-COMMISSIONING,GARDEN CITY SURGERY,28251129,"2,495.83",,HT000042468
Department of Health,NHS East & North Hertfordshire CCG,31/07/2019,C&M-GMS Prem Rates,PRC DELEGATED CO-COMMISSIONING,GARDEN CITY SURGERY,28251129,"3,844.75",,HT000042468
Department of Health,NHS East & North Hertfordshire CCG,31/07/2019,C&M-APMS Contract Value,PRC DELEGATED CO-COMMISSIONING,GENERATING HEALTHCARE LTD,28014574,"42,109.72",,HT000042146
Department of Health,NHS East & North Hertfordshire CCG,31/07/2019,C&M-PMS QOF Aspiration,PRC DELEGATED CO-COMMISSIONING,GENERATING HEALTHCARE LTD,28014574,"2,744.43",,HT000042146
Department of Health,NHS East & North Hertfordshire CCG,31/07/2019,C&M-APMS Contract Value,PRC DELEGATED CO-COMMISSIONING,GENERATING HEALTHCARE LTD,28014576,"23,733.91",,HT000042148
Department of Health,NHS East & North Hertfordshire CCG,31/07/2019,C&M-APMS Prem Actual Rent,PRC DELEGATED CO-COMMISSIONING,GENERATING HEALTHCARE LTD,28014576,"2,232.08",,HT000042148
Department of Health,NHS East & North Hertfordshire CCG,31/07/2019,C&M-APMS Prem Rates,PRC DELEGATED CO-COMMISSIONING,GENERATING HEALTHCARE LTD,28014576,404,,HT000042148
Department of Health,NHS East & North Hertfordshire CCG,31/07/2019,C&M-PMS QOF Aspiration,PRC DELEGATED CO-COMMISSIONING,GENERATING HEALTHCARE LTD,28014576,"1,859.74",,HT000042148
Department of Health,NHS East & North Hertfordshire CCG,31/07/2019,Clinical&Medical-Clinical Other,GP FORWARD VIEW,GENERATING HEALTHCARE LTD,28233757,"34,667.00",,639
Department of Health,NHS East & North Hertfordshire CCG,31/07/2019,Hcare Srv Rec Fdtn Trust-Contract Baseline,ACUTE COMMISSIONING,GREAT ORMOND STREET HOSPITAL FOR CHILDREN NHS FOUNDATION TRUST,27949844,"63,129.42",654922910,X0216005
Department of Health,NHS East & North Hertfordshire CCG,31/07/2019,Hcare Srv Rec Fdtn Trust-Contract Baseline,ACUTE COMMISSIONING,GUYS & ST THOMAS HOSPITAL NHS FOUNDATION TRUST,27949742,"158,325.00",654923417,3265801
Department of Health,NHS East & North Hertfordshire CCG,31/07/2019,Hcare Srv Rec Fdtn Trust-Prior Year,ACUTE COMMISSIONING,GUYS & ST THOMAS HOSPITAL NHS FOUNDATION TRUST,28124149,"33,360.00",654923417,3244944
Department of Health,NHS East & North Hertfordshire CCG,31/07/2019,C&M-GMS DES Extended Hours Access,PRC DELEGATED CO-COMMISSIONING,HAILEY VIEW SURGERY,28275254,"5,072.62",,HT000042470
Department of Health,NHS East & North Hertfordshire CCG,31/07/2019,C&M-GMS Global Sum,PRC DELEGATED CO-COMMISSIONING,HAILEY VIEW SURGERY,28275254,"56,110.88",,HT000042470
Department of Health,NHS East & North Hertfordshire CCG,31/07/2019,C&M-GMS MPIG Correction Factor,PRC DELEGATED CO-COMMISSIONING,HAILEY VIEW SURGERY,28275254,14.4,,HT000042470
Department of Health,NHS East & North Hertfordshire CCG,31/07/2019,C&M-GMS PCN DES Clinical Director,PRC DELEGATED CO-COMMISSIONING,HAILEY VIEW SURGERY,28275254,"2,372.45",,HT000042470
Department of Health,NHS East & North Hertfordshire CCG,31/07/2019,C&M-GMS PCN DES PCN support,LOCAL ENHANCED SERVICES,HAILEY VIEW SURGERY,28275254,"20,770.50",,HT000042470
Department of Health,NHS East & North Hertfordshire CCG,31/07/2019,C&M-GMS PCN DES Participation,PRC DELEGATED CO-COMMISSIONING,HAILEY VIEW SURGERY,28275254,"3,417.55",,HT000042470
Department of Health,NHS East & North Hertfordshire CCG,31/07/2019,C&M-GMS Prem Rates,PRC DELEGATED CO-COMMISSIONING,HAILEY VIEW SURGERY,28275254,"4,340.00",,HT000042470
Department of Health,NHS East & North Hertfordshire CCG,31/07/2019,C&M-GMS Global Sum,PRC DELEGATED CO-COMMISSIONING,HALL GROVE SURGERY,28251134,"114,896.24",,HT000042474
Department of Health,NHS East & North Hertfordshire CCG,31/07/2019,C&M-GMS PCN DES Participation,PRC DELEGATED CO-COMMISSIONING,HALL GROVE SURGERY,28251134,"7,015.31",,HT000042474
Department of Health,NHS East & North Hertfordshire CCG,31/07/2019,C&M-GMS Prem Notional Rent,PRC DELEGATED CO-COMMISSIONING,HALL GROVE SURGERY,28251134,"7,737.50",,HT000042474
Department of Health,NHS East & North Hertfordshire CCG,31/07/2019,C&M-GMS Prem Rates,PRC DELEGATED CO-COMMISSIONING,HALL GROVE SURGERY,28251134,"2,868.25",,HT000042474
Department of Health,NHS East & North Hertfordshire CCG,31/07/2019,C&M-GMS Prem Water Rates,PRC DELEGATED CO-COMMISSIONING,HALL GROVE SURGERY,28251134,153.75,,HT000042474
Department of Health,NHS East & North Hertfordshire CCG,31/07/2019,C&M-GMS Global Sum,PRC DELEGATED CO-COMMISSIONING,HANSCOMBE HOUSE SURGERY,28251136,"71,494.06",,HT000042476
Department of Health,NHS East & North Hertfordshire CCG,31/07/2019,C&M-GMS MPIG Correction Factor,PRC DELEGATED CO-COMMISSIONING,HANSCOMBE HOUSE SURGERY,28251136,136.98,,HT000042476
Department of Health,NHS East & North Hertfordshire CCG,31/07/2019,C&M-GMS PCN DES Participation,PRC DELEGATED CO-COMMISSIONING,HANSCOMBE HOUSE SURGERY,28251136,"4,287.85",,HT000042476
Department of Health,NHS East & North Hertfordshire CCG,31/07/2019,C&M-GMS Prem Actual Rent,PRC DELEGATED CO-COMMISSIONING,HANSCOMBE HOUSE SURGERY,28251136,"5,614.33",,HT000042476
Department of Health,NHS East & North Hertfordshire CCG,31/07/2019,C&M-GMS Prem Rates,PRC DELEGATED CO-COMMISSIONING,HANSCOMBE HOUSE SURGERY,28251136,"4,894.75",,HT000042476
Department of Health,NHS East & North Hertfordshire CCG,31/07/2019,Cont Care- Adult 100% Fully Funded,CHC ADULT FULLY FUNDED,HC ONE OVAL LTD,27989695,"1,328.23",218 770886,IWDVMAY2019
Department of Health,NHS East & North Hertfordshire CCG,31/07/2019,Cont Care-Physical Disab (65+),CHC ADULT FULLY FUNDED,HC ONE OVAL LTD,27989695,"53,397.85",218 770886,IWDVMAY2019
Department of Health,NHS East & North Hertfordshire CCG,31/07/2019,Cont Care-Physical Disab (<65),CHC ADULT FULLY FUNDED,HC ONE OVAL LTD,27989695,"3,214.74",218 770886,IWDVMAY2019
Department of Health,NHS East & North Hertfordshire CCG,31/07/2019,Cont Care-Funded Nursing Care Allow,FUNDED NURSING CARE,HC ONE OVAL LTD,28085253,"53,138.19",218 770886,STC058238TOSTC058305
Department of Health,NHS East & North Hertfordshire CCG,31/07/2019,Cont Care- Adult 100% Fully Funded,CHC ADULT FULLY FUNDED,HC ONE OVAL LTD,28304190,"13,688.58",218 770886,ISCHMAY19
Department of Health,NHS East & North Hertfordshire CCG,31/07/2019,Cont Care-Physical Disab (65+),CHC ADULT FULLY FUNDED,HC ONE OVAL LTD,28304190,"45,132.96",218 770886,ISCHMAY19
Department of Health,NHS East & North Hertfordshire CCG,31/07/2019,Clinical&Medical-Independent Sector,NON RECURRENT PROGRAMMES,HCPA LTD,28315556,"52,107.09",,6324
Department of Health,NHS East & North Hertfordshire CCG,31/07/2019,Hcare Srv Rec NHS Trust-CQUIN,COMMUNITY SERVICES,HERTFORDSHIRE COMMUNITY NHS TRUST,27914872,"36,163.53",654 4402 89,H0004074
Department of Health,NHS East & North Hertfordshire CCG,31/07/2019,Hcare Srv Rec NHS Trust-Contract Baseline,COMMUNITY SERVICES,HERTFORDSHIRE COMMUNITY NHS TRUST,27914872,"3,616,353.47",654 4402 89,H0004074
Department of Health,NHS East & North Hertfordshire CCG,31/07/2019,Clinical&Medical-Othe Public Sector,COMMUNITY SERVICES,HERTFORDSHIRE COUNTY COUNCIL,27902962,"348,742.00",GB214527877,1802769335
Department of Health,NHS East & North Hertfordshire CCG,31/07/2019,Clinical&Medical-Othe Public Sector,MENTAL HEALTH CONTRACTS,HERTFORDSHIRE COUNTY COUNCIL,28085255,"196,813.00",GB214527877,1802769332
Department of Health,NHS East & North Hertfordshire CCG,31/07/2019,Clinical&Medical-Othe Public Sector,MENTAL HEALTH SERVICES - COLLABORATIVE COMMISSIONING,HERTFORDSHIRE COUNTY COUNCIL,28085255,"7,299,718.00",GB214527877,1802769332
Department of Health,NHS East & North Hertfordshire CCG,31/07/2019,Clinical&Medical-Othe Public Sector,NON RECURRENT PROGRAMMES,HERTFORDSHIRE COUNTY COUNCIL,28142028,"30,875.75",GB214527877,1802785180
Department of Health,NHS East & North Hertfordshire CCG,31/07/2019,Clinical&Medical-Othe Public Sector,CARERS,HERTFORDSHIRE COUNTY COUNCIL,28162699,"24,598.00",GB214527877,1802769329
Department of Health,NHS East & North Hertfordshire CCG,31/07/2019,Clinical&Medical-Othe Public Sector,INTERMEDIATE CARE,HERTFORDSHIRE COUNTY COUNCIL,28162699,"186,592.00",GB214527877,1802769329
Department of Health,NHS East & North Hertfordshire CCG,31/07/2019,Seconded-Basic Sal-Staff fm oth org,OPERATIONS MANAGEMENT,HERTFORDSHIRE COUNTY COUNCIL,28162699,"4,509.00",GB214527877,1802769329
Department of Health,NHS East & North Hertfordshire CCG,31/07/2019,Soc Care-Other Soc Care,LONG TERM CONDITIONS,HERTFORDSHIRE COUNTY COUNCIL,28162699,"1,166,199.00",GB214527877,1802769329
Department of Health,NHS East & North Hertfordshire CCG,31/07/2019,Accruals <1Yr-Non-NHS PeriodEndAccrual,BALANCE SHEET,HERTFORDSHIRE COUNTY COUNCIL,28162922,"441,889.00",GB214527877,1802795341
Department of Health,NHS East & North Hertfordshire CCG,31/07/2019,Clinical&Medical-Othe Public Sector,REABLEMENT,HERTFORDSHIRE COUNTY COUNCIL,28162922,"-201,508.84",GB214527877,1802795341
Department of Health,NHS East & North Hertfordshire CCG,31/07/2019,Services From Local Authorities,NURSING DIRECTORATE,HERTFORDSHIRE COUNTY COUNCIL,28209368,"54,000.00",GB214527877,1802794358
Department of Health,NHS East & North Hertfordshire CCG,31/07/2019,Clinical&Medical-Independent Sector,URGENT CARE,HERTS URGENT CARE,27933216,"69,780.79",210815253,4997
Department of Health,NHS East & North Hertfordshire CCG,31/07/2019,Clinical&Medical-Independent Sector,COMMISSIONING SCHEMES,HERTS URGENT CARE,27949909,"121,463.66",210815253,5012
Department of Health,NHS East & North Hertfordshire CCG,31/07/2019,Clinical&Medical-Independent Sector,NHS 111,HERTS URGENT CARE,27949909,"22,002.83",210815253,5012
Department of Health,NHS East & North Hertfordshire CCG,31/07/2019,Clinical&Medical-Independent Sector,OUT OF HOURS,HERTS URGENT CARE,27949909,"401,487.73",210815253,5012
Department of Health,NHS East & North Hertfordshire CCG,31/07/2019,Clinical&Medical-Independent Sector,NHS 111,HERTS URGENT CARE,27949918,"123,701.27",210815253,5011
Department of Health,NHS East & North Hertfordshire CCG,31/07/2019,Clinical&Medical-Independent Sector - Prior Year,COMMISSIONING SCHEMES,HERTS URGENT CARE,28328191,"11,188.19",210815253,5032
Department of Health,NHS East & North Hertfordshire CCG,31/07/2019,Clinical&Medical-Independent Sector - Prior Year,NHS 111,HERTS URGENT CARE,28328191,"13,470.52",210815253,5032
Department of Health,NHS East & North Hertfordshire CCG,31/07/2019,Clinical&Medical-Independent Sector - Prior Year,OUT OF HOURS,HERTS URGENT CARE,28328191,"37,160.26",210815253,5032
Department of Health,NHS East & North Hertfordshire CCG,31/07/2019,Clinical&Medical-Independent Sector - Prior Year,COMMISSIONING SCHEMES,HERTS URGENT CARE,28328212,"38,280.30",210815253,5031
Department of Health,NHS East & North Hertfordshire CCG,31/07/2019,Clinical&Medical-Independent Sector - Prior Year,NHS 111,HERTS URGENT CARE,28328212,"46,089.29",210815253,5031
Department of Health,NHS East & North Hertfordshire CCG,31/07/2019,Clinical&Medical-Independent Sector - Prior Year,OUT OF HOURS,HERTS URGENT CARE,28328212,"127,143.53",210815253,5031
Department of Health,NHS East & North Hertfordshire CCG,31/07/2019,C&M-GMS Global Sum,PRC DELEGATED CO-COMMISSIONING,HIGH ST SURGERY,28251138,"36,500.36",,HT000042478
Department of Health,NHS East & North Hertfordshire CCG,31/07/2019,C&M-GMS LES Translation Fees,LOCAL ENHANCED SERVICES,HIGH ST SURGERY,28251138,216.72,,HT000042478
Department of Health,NHS East & North Hertfordshire CCG,31/07/2019,C&M-GMS PCN DES Participation,PRC DELEGATED CO-COMMISSIONING,HIGH ST SURGERY,28251138,"2,240.67",,HT000042478
Department of Health,NHS East & North Hertfordshire CCG,31/07/2019,C&M-GMS Prem Rates,PRC DELEGATED CO-COMMISSIONING,HIGH ST SURGERY,28251138,"2,126.25",,HT000042478
Department of Health,NHS East & North Hertfordshire CCG,31/07/2019,Clinical&Medical-Independent Sector,ACUTE COMMISSIONING,HOLLY HOUSE HOSPITAL,28001626,"30,835.62",,06K071912TH
Department of Health,NHS East & North Hertfordshire CCG,31/07/2019,Clinical&Medical-Independent Sector,ACUTE COMMISSIONING,HOLLY HOUSE HOSPITAL,28141991,"27,674.76",,06K0419
Department of Health,NHS East & North Hertfordshire CCG,31/07/2019,Hcare Srv Rec Fdtn Trust-Contract Baseline,ACUTE COMMISSIONING,HOMERTON UNIVERSITY HOSPITAL NHS FOUNDATION TRUST,27949881,"26,694.30",654965884,61294822
Department of Health,NHS East & North Hertfordshire CCG,31/07/2019,Hcare Srv Rec NHS Trust-Prior Year,ACUTE COMMISSIONING,IMPERIAL COLLEGE HEALTHCARE NHS TRUST,28203651,"-481,788.00",654945990,H0171301
Department of Health,NHS East & North Hertfordshire CCG,31/07/2019,Hcare Srv Rec NHS Trust-Contract Baseline,ACUTE COMMISSIONING,IMPERIAL COLLEGE HEALTHCARE NHS TRUST,28203653,"116,293.24",654945990,H0173020
Department of Health,NHS East & North Hertfordshire CCG,31/07/2019,Hcare Srv Rec NHS Trust-Contract Baseline,ACUTE COMMISSIONING,IMPERIAL COLLEGE HEALTHCARE NHS TRUST,28203670,"116,293.24",654945990,H0173587
Department of Health,NHS East & North Hertfordshire CCG,31/07/2019,NHS Payables <1Yr-Non PO Accruals,BALANCE SHEET,IMPERIAL COLLEGE HEALTHCARE NHS TRUST,28203728,"116,293.24",654945990,H0174830
Department of Health,NHS East & North Hertfordshire CCG,31/07/2019,Miscellaneous Expenditure (L9),PRIMARY CARE IT,INSIGHT DIRECT (UK) LTD,27987677,"72,275.04",746 0751 29,4426824
Department of Health,NHS East & North Hertfordshire CCG,31/07/2019,C&M-GMS Global Sum,PRC DELEGATED CO-COMMISSIONING,KELLER P & PARTNERS,28251140,"88,603.15",,HT000042480
Department of Health,NHS East & North Hertfordshire CCG,31/07/2019,C&M-GMS PCN DES Participation,PRC DELEGATED CO-COMMISSIONING,KELLER P & PARTNERS,28251140,"5,451.76",,HT000042480
Department of Health,NHS East & North Hertfordshire CCG,31/07/2019,C&M-GMS PCO Doctors Ret Scheme,PRC DELEGATED CO-COMMISSIONING,KELLER P & PARTNERS,28251140,"1,230.72",,HT000042480
Department of Health,NHS East & North Hertfordshire CCG,31/07/2019,C&M-GMS Prem Notional Rent,PRC DELEGATED CO-COMMISSIONING,KELLER P & PARTNERS,28251140,"5,375.00",,HT000042480
Department of Health,NHS East & North Hertfordshire CCG,31/07/2019,C&M-GMS Global Sum,PRC DELEGATED CO-COMMISSIONING,KING GEORGE SURGERY,28251142,"104,402.15",,HT000042482
Department of Health,NHS East & North Hertfordshire CCG,31/07/2019,C&M-GMS PCN DES Participation,PRC DELEGATED CO-COMMISSIONING,KING GEORGE SURGERY,28251142,"6,378.24",,HT000042482
Department of Health,NHS East & North Hertfordshire CCG,31/07/2019,C&M-GMS PCO Doctors Ret Scheme,PRC DELEGATED CO-COMMISSIONING,KING GEORGE SURGERY,28251142,"1,153.80",,HT000042482
Department of Health,NHS East & North Hertfordshire CCG,31/07/2019,C&M-GMS Prem Actual Rent,PRC DELEGATED CO-COMMISSIONING,KING GEORGE SURGERY,28251142,465.83,,HT000042482
Department of Health,NHS East & North Hertfordshire CCG,31/07/2019,C&M-GMS Prem Rates,PRC DELEGATED CO-COMMISSIONING,KING GEORGE SURGERY,28251142,"4,564.00",,HT000042482
Department of Health,NHS East & North Hertfordshire CCG,31/07/2019,C&M-GMS Cost of Drugs -Dispensing,LOCAL ENHANCED SERVICES,KING GEORGE SURGERY,28277155,"30,420.33",,HT000042686
Department of Health,NHS East & North Hertfordshire CCG,31/07/2019,C&M-GMS Prof Fees Dispensing,PRC DELEGATED CO-COMMISSIONING,KING GEORGE SURGERY,28277155,"4,519.08",,HT000042686
Department of Health,NHS East & North Hertfordshire CCG,31/07/2019,C&M-GMS PrscrptnChrgsColl&RmttdbyGP,LOCAL ENHANCED SERVICES,KING GEORGE SURGERY,28277155,243,,HT000042686
Department of Health,NHS East & North Hertfordshire CCG,31/07/2019,Hcare Srv Rec Fdtn Trust-Contract Baseline,ACUTE COMMISSIONING,KING`S COLLEGE HOSPITAL NHS FOUNDATION TRUST,27989713,"27,092.00",654926800,271888
Department of Health,NHS East & North Hertfordshire CCG,31/07/2019,C&M-GMS Global Sum,PRC DELEGATED CO-COMMISSIONING,KNEBWORTH AND MARYMEAD PRACTICE,28251144,"88,635.40",,HT000042484
Department of Health,NHS East & North Hertfordshire CCG,31/07/2019,C&M-GMS PCN DES Participation,PRC DELEGATED CO-COMMISSIONING,KNEBWORTH AND MARYMEAD PRACTICE,28251144,"5,403.53",,HT000042484
Department of Health,NHS East & North Hertfordshire CCG,31/07/2019,C&M-GMS Prem Notional Rent,PRC DELEGATED CO-COMMISSIONING,KNEBWORTH AND MARYMEAD PRACTICE,28251144,"2,770.83",,HT000042484
Department of Health,NHS East & North Hertfordshire CCG,31/07/2019,C&M-GMS Prem Rates,PRC DELEGATED CO-COMMISSIONING,KNEBWORTH AND MARYMEAD PRACTICE,28251144,"2,577.75",,HT000042484
Department of Health,NHS East & North Hertfordshire CCG,31/07/2019,C&M-APMS Contract Value,PRC DELEGATED CO-COMMISSIONING,LEA VALLEY HEALTH LTD,28014578,"71,146.19",,HT000042150
Department of Health,NHS East & North Hertfordshire CCG,31/07/2019,C&M-APMS Prem Rates,PRC DELEGATED CO-COMMISSIONING,LEA VALLEY HEALTH LTD,28014578,"1,522.00",,HT000042150
Department of Health,NHS East & North Hertfordshire CCG,31/07/2019,C&M-PMS QOF Aspiration,PRC DELEGATED CO-COMMISSIONING,LEA VALLEY HEALTH LTD,28014578,"5,879.80",,HT000042150
Department of Health,NHS East & North Hertfordshire CCG,31/07/2019,C&M-APMS DES Extended Hours Access,PRC DELEGATED CO-COMMISSIONING,LEA VALLEY HEALTH LTD,28275261,"9,311.09",,HT000042535
Department of Health,NHS East & North Hertfordshire CCG,31/07/2019,C&M-APMS PCN DES Clinical Director,PRC DELEGATED CO-COMMISSIONING,LEA VALLEY HEALTH LTD,28275261,"4,354.78",,HT000042535
Department of Health,NHS East & North Hertfordshire CCG,31/07/2019,C&M-APMS PCN DES PCN support,LOCAL ENHANCED SERVICES,LEA VALLEY HEALTH LTD,28275261,"38,125.50",,HT000042535
Department of Health,NHS East & North Hertfordshire CCG,31/07/2019,C&M-APMS PCN DES Participation,PRC DELEGATED CO-COMMISSIONING,LEA VALLEY HEALTH LTD,28275261,"3,618.93",,HT000042535
Department of Health,NHS East & North Hertfordshire CCG,31/07/2019,C&M-PMS PCN DES Participation,PRC DELEGATED CO-COMMISSIONING,LEA VALLEY HEALTH LTD,28275261,"3,618.93",,HT000042535
Department of Health,NHS East & North Hertfordshire CCG,31/07/2019,Cont Care- Prior Year Payments,CHC ADULT FULLY FUNDED,LEONARD CHESHIRE DISABILITY,28304100,"51,015.58",899322375,RINVNN00042505
Department of Health,NHS East & North Hertfordshire CCG,31/07/2019,Cont Care- Prior Year Payments,CHC ADULT FULLY FUNDED,LEONARD CHESHIRE DISABILITY,28304165,"-41,267.38",899322375,RCNNN00001244
Department of Health,NHS East & North Hertfordshire CCG,31/07/2019,C&M-GMS Global Sum,PRC DELEGATED CO-COMMISSIONING,LISTER HOUSE SURGERY HATFIELD,28251146,"91,957.97",,HT000042486
Department of Health,NHS East & North Hertfordshire CCG,31/07/2019,C&M-GMS PCN DES Participation,PRC DELEGATED CO-COMMISSIONING,LISTER HOUSE SURGERY HATFIELD,28251146,"5,611.19",,HT000042486
Department of Health,NHS East & North Hertfordshire CCG,31/07/2019,C&M-GMS Prem Notional Rent,PRC DELEGATED CO-COMMISSIONING,LISTER HOUSE SURGERY HATFIELD,28251146,"10,333.33",,HT000042486
Department of Health,NHS East & North Hertfordshire CCG,31/07/2019,C&M-GMS Prem Rates,PRC DELEGATED CO-COMMISSIONING,LISTER HOUSE SURGERY HATFIELD,28251146,"11,908.50",,HT000042486
Department of Health,NHS East & North Hertfordshire CCG,31/07/2019,ME - GMS GP Prior Year ERs,PRC DELEGATED CO-COMMISSIONING,LISTER HOUSE SURGERY HATFIELD,28251146,"6,739.34",,HT000042486
Department of Health,NHS East & North Hertfordshire CCG,31/07/2019,ME-GMS GP Pension EEs Adjustments,PRC DELEGATED CO-COMMISSIONING,LISTER HOUSE SURGERY HATFIELD,28251146,846.91,,HT000042486
Department of Health,NHS East & North Hertfordshire CCG,31/07/2019,ME-GMS GP Pension ERs Adjustments,PRC DELEGATED CO-COMMISSIONING,LISTER HOUSE SURGERY HATFIELD,28251146,"2,592.46",,HT000042486
Department of Health,NHS East & North Hertfordshire CCG,31/07/2019,ME-GMS GP Prior Year EEs,PRC DELEGATED CO-COMMISSIONING,LISTER HOUSE SURGERY HATFIELD,28251146,"7,447.32",,HT000042486
Department of Health,NHS East & North Hertfordshire CCG,31/07/2019,Hcare Srv Rec NHS Trust-Contract Baseline,ACUTE COMMISSIONING,LONDON NORTH WEST HEALTHCARE NHS TRUST,27989767,"63,485.00",654463720,A0055258
Department of Health,NHS East & North Hertfordshire CCG,31/07/2019,Hcare Srv Rec Fdtn Trust-Contract Baseline,ACUTE COMMISSIONING,LUTON & DUNSTABLE HOSPITAL NHS FOUNDATION TRUST,27989773,"209,407.17",654929007,52997737
Department of Health,NHS East & North Hertfordshire CCG,31/07/2019,C&M-GMS Cost of Drugs -Dispensing,LOCAL ENHANCED SERVICES,MANOR HOUSE SURGERY STEVENAGE,28251148,359.7,,HT000042488
Department of Health,NHS East & North Hertfordshire CCG,31/07/2019,C&M-GMS Global Sum,PRC DELEGATED CO-COMMISSIONING,MANOR HOUSE SURGERY STEVENAGE,28251148,"36,466.11",,HT000042488
Department of Health,NHS East & North Hertfordshire CCG,31/07/2019,C&M-GMS MPIG Correction Factor,PRC DELEGATED CO-COMMISSIONING,MANOR HOUSE SURGERY STEVENAGE,28251148,310.04,,HT000042488
Department of Health,NHS East & North Hertfordshire CCG,31/07/2019,C&M-GMS PCN DES Participation,PRC DELEGATED CO-COMMISSIONING,MANOR HOUSE SURGERY STEVENAGE,28251148,"2,221.46",,HT000042488
Department of Health,NHS East & North Hertfordshire CCG,31/07/2019,C&M-GMS Prem Rates,PRC DELEGATED CO-COMMISSIONING,MANOR HOUSE SURGERY STEVENAGE,28251148,491,,HT000042488
Department of Health,NHS East & North Hertfordshire CCG,31/07/2019,C&M-GMS Prem Water Rates,PRC DELEGATED CO-COMMISSIONING,MANOR HOUSE SURGERY STEVENAGE,28251148,77.13,,HT000042488
Department of Health,NHS East & North Hertfordshire CCG,31/07/2019,C&M-GMS Prof Fees Dispensing,PRC DELEGATED CO-COMMISSIONING,MANOR HOUSE SURGERY STEVENAGE,28251148,87.7,,HT000042488
Department of Health,NHS East & North Hertfordshire CCG,31/07/2019,C&M-GMS Global Sum,PRC DELEGATED CO-COMMISSIONING,MAPLES HEALTH CENTRE,28251150,"77,982.39",,HT000042490
Department of Health,NHS East & North Hertfordshire CCG,31/07/2019,C&M-GMS MPIG Correction Factor,PRC DELEGATED CO-COMMISSIONING,MAPLES HEALTH CENTRE,28251150,159.63,,HT000042490
Department of Health,NHS East & North Hertfordshire CCG,31/07/2019,C&M-GMS PCN DES Participation,PRC DELEGATED CO-COMMISSIONING,MAPLES HEALTH CENTRE,28251150,"4,833.11",,HT000042490
Department of Health,NHS East & North Hertfordshire CCG,31/07/2019,Clinical&Medical-Voluntary Sector,PALLIATIVE CARE,MARIE CURIE,28069887,"41,437.50",626722537,6777
Department of Health,NHS East & North Hertfordshire CCG,31/07/2019,Clinical&Medical-Voluntary Sector,COMMUNITY SERVICES,MARIE STOPES INTERNATIONAL,28028736,"37,034.33",882426016,MS191118
Department of Health,NHS East & North Hertfordshire CCG,31/07/2019,Clinical&Medical-Voluntary Sector,COMMUNITY SERVICES,MARIE STOPES INTERNATIONAL,28162680,"43,796.48",882426016,MS190958
Department of Health,NHS East & North Hertfordshire CCG,31/07/2019,External Data Contracts,STRATEGY & DEVELOPMENT,MEDEANALYTICS,28028177,"36,178.00",,INV14891
Department of Health,NHS East & North Hertfordshire CCG,31/07/2019,External Data Contracts,STRATEGY & DEVELOPMENT,MEDEANALYTICS,28263049,"29,094.33",,INV14945
Department of Health,NHS East & North Hertfordshire CCG,31/07/2019,Hcare Srv Rec NHS Trust-Contract Baseline,ACUTE COMMISSIONING,MID ESSEX HOSPITALS SERVICES NHS TRUST,28071111,"125,193.60",654930128,2000112744
Department of Health,NHS East & North Hertfordshire CCG,31/07/2019,Hcare Srv Rec NHS Trust-Contract Baseline,ACUTE COMMISSIONING,MID ESSEX HOSPITALS SERVICES NHS TRUST,28071130,"149,392.20",654930128,2000112776
Department of Health,NHS East & North Hertfordshire CCG,31/07/2019,Clinical&Medical-Independent Sector,WHEELCHAIR SERVICE,MILLBROOK HEALTHCARE LTD,27933182,"123,108.05",GB675991080,23352
Department of Health,NHS East & North Hertfordshire CCG,31/07/2019,Clinical&Medical-Independent Sector,REABLEMENT,MILLBROOK HEALTHCARE LTD,28071060,"-30,239.53",GB675991080,901959
Department of Health,NHS East & North Hertfordshire CCG,31/07/2019,Hcare Srv Rec Fdtn Trust-Contract Baseline,ACUTE COMMISSIONING,MOORFIELDS EYE HOSPITAL NHS FOUNDATION TRUST,27989737,"404,948.00",654930716,IC0038075
Department of Health,NHS East & North Hertfordshire CCG,31/07/2019,C&M-GMS Global Sum,PRC DELEGATED CO-COMMISSIONING,MUCH HADHAM HLTH CNTRE,28251153,"50,071.09",876631000,HT000042494
Department of Health,NHS East & North Hertfordshire CCG,31/07/2019,C&M-GMS PCN DES Participation,PRC DELEGATED CO-COMMISSIONING,MUCH HADHAM HLTH CNTRE,28251153,"3,034.49",876631000,HT000042494
Department of Health,NHS East & North Hertfordshire CCG,31/07/2019,C&M-GMS Prem Notional Rent,PRC DELEGATED CO-COMMISSIONING,MUCH HADHAM HLTH CNTRE,28251153,650,876631000,HT000042494
Department of Health,NHS East & North Hertfordshire CCG,31/07/2019,C&M-GMS Prem Rates,PRC DELEGATED CO-COMMISSIONING,MUCH HADHAM HLTH CNTRE,28251153,"1,330.00",876631000,HT000042494
Department of Health,NHS East & North Hertfordshire CCG,31/07/2019,C&M-GMS Cost of Drugs -Dispensing,LOCAL ENHANCED SERVICES,MUCH HADHAM HLTH CNTRE,28277162,"-60,817.72",876631000,HT000042693
Department of Health,NHS East & North Hertfordshire CCG,31/07/2019,C&M-GMS PrscChrgsCll&RmttdbyGPCntra,PRC DELEGATED CO-COMMISSIONING,MUCH HADHAM HLTH CNTRE,28277162,"-4,650.80",876631000,HT000042693
Department of Health,NHS East & North Hertfordshire CCG,31/07/2019,C&M-GMS Cost of Drugs -Dispensing,LOCAL ENHANCED SERVICES,MUCH HADHAM HLTH CNTRE,28277163,"106,369.90",876631000,HT000042694
Department of Health,NHS East & North Hertfordshire CCG,31/07/2019,C&M-GMS Prof Fees Dispensing,PRC DELEGATED CO-COMMISSIONING,MUCH HADHAM HLTH CNTRE,28277163,"20,704.98",876631000,HT000042694
Department of Health,NHS East & North Hertfordshire CCG,31/07/2019,C&M-GMS PrscrptnChrgsColl&RmttdbyGP,LOCAL ENHANCED SERVICES,MUCH HADHAM HLTH CNTRE,28277163,"4,650.80",876631000,HT000042694
Department of Health,NHS East & North Hertfordshire CCG,31/07/2019,ME-GMS GP Pension EEs,PRC DELEGATED CO-COMMISSIONING,NEVELLS ROAD SURGERY,28251151,"-12,612.82",,HT000042491
Department of Health,NHS East & North Hertfordshire CCG,31/07/2019,ME-GMS GP Pension ERs Adjustments,PRC DELEGATED CO-COMMISSIONING,NEVELLS ROAD SURGERY,28251151,"-12,946.59",,HT000042491
Department of Health,NHS East & North Hertfordshire CCG,31/07/2019,C&M-GMS DES Extended Hours Access,PRC DELEGATED CO-COMMISSIONING,NEVELLS ROAD SURGERY,28275255,"6,972.42",,HT000042492
Department of Health,NHS East & North Hertfordshire CCG,31/07/2019,C&M-GMS Global Sum,PRC DELEGATED CO-COMMISSIONING,NEVELLS ROAD SURGERY,28275255,"74,106.03",,HT000042492
Department of Health,NHS East & North Hertfordshire CCG,31/07/2019,C&M-GMS PCN DES Clinical Director,PRC DELEGATED CO-COMMISSIONING,NEVELLS ROAD SURGERY,28275255,"3,260.99",,HT000042492
Department of Health,NHS East & North Hertfordshire CCG,31/07/2019,C&M-GMS PCN DES PCN support,LOCAL ENHANCED SERVICES,NEVELLS ROAD SURGERY,28275255,"28,549.50",,HT000042492
Department of Health,NHS East & North Hertfordshire CCG,31/07/2019,C&M-GMS PCN DES Participation,PRC DELEGATED CO-COMMISSIONING,NEVELLS ROAD SURGERY,28275255,"4,537.11",,HT000042492
Department of Health,NHS East & North Hertfordshire CCG,31/07/2019,C&M-GMS Prem Notional Rent,PRC DELEGATED CO-COMMISSIONING,NEVELLS ROAD SURGERY,28275255,"1,166.67",,HT000042492
Department of Health,NHS East & North Hertfordshire CCG,31/07/2019,Non-PFI Oprtng Lease-Bldgs-Lease Rent,PRC DELEGATED CO-COMMISSIONING,NHS PROPERTY SERVICES LTD,28113348,"-48,599.76",156725100,00000001H191770
Department of Health,NHS East & North Hertfordshire CCG,31/07/2019,Non-PFI Oprtng Lease-Bldgs-Lease Rent,PRC DELEGATED CO-COMMISSIONING,NHS PROPERTY SERVICES LTD,28113382,"49,097.25",156725100,H194004
Department of Health,NHS East & North Hertfordshire CCG,31/07/2019,Rent,ESTATES AND FACILITIES,NHS PROPERTY SERVICES LTD,28203681,"67,854.07",156725100,H183276
Department of Health,NHS East & North Hertfordshire CCG,31/07/2019,Rent,ESTATES AND FACILITIES,NHS PROPERTY SERVICES LTD,28203683,"117,468.90",156725100,H184210
Department of Health,NHS East & North Hertfordshire CCG,31/07/2019,Rent,ESTATES AND FACILITIES,NHS PROPERTY SERVICES LTD,28203825,"117,468.90",156725100,H194003
Department of Health,NHS East & North Hertfordshire CCG,31/07/2019,Rent,ESTATES AND FACILITIES,NHS PROPERTY SERVICES LTD,28203827,"67,854.07",156725100,H192189
Department of Health,NHS East & North Hertfordshire CCG,31/07/2019,Non-PFI Oprtng Lease-Bldgs-Lease Rent,PRC DELEGATED CO-COMMISSIONING,NHS PROPERTY SERVICES LTD,28203828,"59,326.56",156725100,H192192
Department of Health,NHS East & North Hertfordshire CCG,31/07/2019,Cont Care-Physical Disab (65+),CHC ADULT FULLY FUNDED,NIGHTINGALE NURSING HOME,28209011,"54,471.43",,NNH1981
Department of Health,NHS East & North Hertfordshire CCG,31/07/2019,Cont Care-Physical Disab (65+),CHC ADULT FULLY FUNDED,NIGHTINGALE NURSING HOME,28209016,"41,285.71",,NNH1980
Department of Health,NHS East & North Hertfordshire CCG,31/07/2019,Hcare Srv Rec NHS Trust-Contract Baseline,ACUTE COMMISSIONING,NORTH MIDDLESEX UNIVERSITY HOSPITAL NHS TRUST,27932989,"691,614.00",654946204,56659
Department of Health,NHS East & North Hertfordshire CCG,31/07/2019,Clinical&Medical-Clinical Other,MEDICINES MANAGEMENT - CLINICAL,OPTUM HEALTH SOLUTIONS (UK) LTD,28113936,"149,673.30",GB108297604,1115569
Department of Health,NHS East & North Hertfordshire CCG,31/07/2019,C&M-GMS Global Sum,PRC DELEGATED CO-COMMISSIONING,PARK GREEN SURGERY BROXBOURNE,28251155,"69,911.12",,HT000042496
Department of Health,NHS East & North Hertfordshire CCG,31/07/2019,C&M-GMS MPIG Correction Factor,PRC DELEGATED CO-COMMISSIONING,PARK GREEN SURGERY BROXBOURNE,28251155,311.21,,HT000042496
Department of Health,NHS East & North Hertfordshire CCG,31/07/2019,C&M-GMS PCN DES Participation,PRC DELEGATED CO-COMMISSIONING,PARK GREEN SURGERY BROXBOURNE,28251155,"4,283.33",,HT000042496
Department of Health,NHS East & North Hertfordshire CCG,31/07/2019,C&M-GMS Prem Notional Rent,PRC DELEGATED CO-COMMISSIONING,PARK GREEN SURGERY BROXBOURNE,28251155,"7,445.83",,HT000042496
Department of Health,NHS East & North Hertfordshire CCG,31/07/2019,C&M-GMS Global Sum,PRC DELEGATED CO-COMMISSIONING,PARSONAGE SURGERY,28251157,"37,526.65",,HT000042498
Department of Health,NHS East & North Hertfordshire CCG,31/07/2019,C&M-GMS MPIG Correction Factor,PRC DELEGATED CO-COMMISSIONING,PARSONAGE SURGERY,28251157,381.11,,HT000042498
Department of Health,NHS East & North Hertfordshire CCG,31/07/2019,C&M-GMS PCN DES Participation,PRC DELEGATED CO-COMMISSIONING,PARSONAGE SURGERY,28251157,"2,237.56",,HT000042498
Department of Health,NHS East & North Hertfordshire CCG,31/07/2019,C&M-GMS Prem Clinical Waste,PRC DELEGATED CO-COMMISSIONING,PARSONAGE SURGERY,28251157,73.96,,HT000042498
Department of Health,NHS East & North Hertfordshire CCG,31/07/2019,C&M-GMS Prem Healthcentre Rates,PRC DELEGATED CO-COMMISSIONING,PARSONAGE SURGERY,28251157,"1,351.44",,HT000042498
Department of Health,NHS East & North Hertfordshire CCG,31/07/2019,C&M-GMS Prem Water Rates,PRC DELEGATED CO-COMMISSIONING,PARSONAGE SURGERY,28251157,107.72,,HT000042498
Department of Health,NHS East & North Hertfordshire CCG,31/07/2019,C&M-GMS LES Equitable Funding,REABLEMENT,PEARTREE GROUP PRACTICE,27993340,"31,333.50",,FSEN0719003
Department of Health,NHS East & North Hertfordshire CCG,31/07/2019,C&M-GMS DES Extended Hours Access,PRC DELEGATED CO-COMMISSIONING,PEARTREE GROUP PRACTICE,28275262,"4,489.17",,HT000042537
Department of Health,NHS East & North Hertfordshire CCG,31/07/2019,C&M-GMS Global Sum,PRC DELEGATED CO-COMMISSIONING,PEARTREE GROUP PRACTICE,28275262,"140,362.72",,HT000042537
Department of Health,NHS East & North Hertfordshire CCG,31/07/2019,C&M-GMS PCN DES Clinical Director,PRC DELEGATED CO-COMMISSIONING,PEARTREE GROUP PRACTICE,28275262,"2,099.58",,HT000042537
Department of Health,NHS East & North Hertfordshire CCG,31/07/2019,C&M-GMS PCN DES PCN support,LOCAL ENHANCED SERVICES,PEARTREE GROUP PRACTICE,28275262,"18,381.50",,HT000042537
Department of Health,NHS East & North Hertfordshire CCG,31/07/2019,C&M-GMS PCN DES Participation,PRC DELEGATED CO-COMMISSIONING,PEARTREE GROUP PRACTICE,28275262,"8,646.16",,HT000042537
Department of Health,NHS East & North Hertfordshire CCG,31/07/2019,C&M-GMS Prem Notional Rent,PRC DELEGATED CO-COMMISSIONING,PEARTREE GROUP PRACTICE,28275262,"13,953.33",,HT000042537
Department of Health,NHS East & North Hertfordshire CCG,31/07/2019,C&M-GMS Prem Rates,PRC DELEGATED CO-COMMISSIONING,PEARTREE GROUP PRACTICE,28275262,"6,125.00",,HT000042537
Department of Health,NHS East & North Hertfordshire CCG,31/07/2019,Clinical&Medical-Independent Sector,ACUTE COMMISSIONING,PINEHILL HOSPITAL,28001676,"650,818.00",GB426505170 1,ENHCCGPINJUL19
Department of Health,NHS East & North Hertfordshire CCG,31/07/2019,Clinical&Medical-Independent Sector - Prior Year,ACUTE COMMISSIONING,PINEHILL HOSPITAL,28203700,"170,588.56",GB426505170 1,ENHCCGPININVFINMAR19
Department of Health,NHS East & North Hertfordshire CCG,31/07/2019,Cont Care-FNC Client Continence Allow,FUNDED NURSING CARE,PINELODGE CARE HOME,28225853,"1,328.40",,PN1983
Department of Health,NHS East & North Hertfordshire CCG,31/07/2019,Cont Care-Funded Nursing Care Allow,FUNDED NURSING CARE,PINELODGE CARE HOME,28225853,"46,924.61",,PN1983
Department of Health,NHS East & North Hertfordshire CCG,31/07/2019,Cont Care- Prior Year Payments,CHC ADULT FULLY FUNDED,PINELODGE CARE HOME,28304063,"41,028.57",,301623A
Department of Health,NHS East & North Hertfordshire CCG,31/07/2019,Cont Care-FNC Client Continence Allow,FUNDED NURSING CARE,PINELODGE CARE HOME,28304602,"1,438.66",,PN1982A
Department of Health,NHS East & North Hertfordshire CCG,31/07/2019,Cont Care-Funded Nursing Care Allow,FUNDED NURSING CARE,PINELODGE CARE HOME,28304602,"49,136.45",,PN1982A
Department of Health,NHS East & North Hertfordshire CCG,31/07/2019,C&M-GMS DES Violent Patients,PRC DELEGATED CO-COMMISSIONING,PORTMILL SURGERY,28251159,"5,458.33",,HT000042500
Department of Health,NHS East & North Hertfordshire CCG,31/07/2019,C&M-GMS Global Sum,PRC DELEGATED CO-COMMISSIONING,PORTMILL SURGERY,28251159,"97,013.46",,HT000042500
Department of Health,NHS East & North Hertfordshire CCG,31/07/2019,C&M-GMS PCN DES Participation,PRC DELEGATED CO-COMMISSIONING,PORTMILL SURGERY,28251159,"5,959.32",,HT000042500
Department of Health,NHS East & North Hertfordshire CCG,31/07/2019,C&M-GMS Prem Rates,PRC DELEGATED CO-COMMISSIONING,PORTMILL SURGERY,28251159,"11,389.00",,HT000042500
Department of Health,NHS East & North Hertfordshire CCG,31/07/2019,C&M-GMS Prem Water Rates,PRC DELEGATED CO-COMMISSIONING,PORTMILL SURGERY,28251159,"2,340.00",,HT000042500
Department of Health,NHS East & North Hertfordshire CCG,31/07/2019,C&M-GMS LES Equitable Funding,REABLEMENT,POTTERELLS MEDICAL CENTRE,27993342,"25,906.50",,FSEN0719005
Department of Health,NHS East & North Hertfordshire CCG,31/07/2019,C&M-GMS DES Extended Hours Access,PRC DELEGATED CO-COMMISSIONING,POTTERELLS MEDICAL CENTRE,28275256,"6,195.31",,HT000042502
Department of Health,NHS East & North Hertfordshire CCG,31/07/2019,C&M-GMS Global Sum,PRC DELEGATED CO-COMMISSIONING,POTTERELLS MEDICAL CENTRE,28275256,"99,780.27",,HT000042502
Department of Health,NHS East & North Hertfordshire CCG,31/07/2019,C&M-GMS MPIG Correction Factor,PRC DELEGATED CO-COMMISSIONING,POTTERELLS MEDICAL CENTRE,28275256,742.16,,HT000042502
Department of Health,NHS East & North Hertfordshire CCG,31/07/2019,C&M-GMS PCN DES Clinical Director,PRC DELEGATED CO-COMMISSIONING,POTTERELLS MEDICAL CENTRE,28275256,"2,897.53",,HT000042502
Department of Health,NHS East & North Hertfordshire CCG,31/07/2019,C&M-GMS PCN DES PCN support,LOCAL ENHANCED SERVICES,POTTERELLS MEDICAL CENTRE,28275256,"25,367.50",,HT000042502
Department of Health,NHS East & North Hertfordshire CCG,31/07/2019,C&M-GMS PCN DES Participation,PRC DELEGATED CO-COMMISSIONING,POTTERELLS MEDICAL CENTRE,28275256,"6,355.94",,HT000042502
Department of Health,NHS East & North Hertfordshire CCG,31/07/2019,C&M-GMS Prem Notional Rent,PRC DELEGATED CO-COMMISSIONING,POTTERELLS MEDICAL CENTRE,28275256,"5,583.33",,HT000042502
Department of Health,NHS East & North Hertfordshire CCG,31/07/2019,C&M-GMS Prem Rates,PRC DELEGATED CO-COMMISSIONING,POTTERELLS MEDICAL CENTRE,28275256,"2,534.00",,HT000042502
Department of Health,NHS East & North Hertfordshire CCG,30/06/2019,Hcare Srv Rec NHS Trust-Contract Baseline,ACUTE COMMISSIONING,PRINCESS ALEXANDRA HOSPITAL NHS TRUST (THE),27874309,"5,552,426.43",,BL190402
Department of Health,NHS East & North Hertfordshire CCG,31/07/2019,C&M-GMS Global Sum,PRC DELEGATED CO-COMMISSIONING,PUCKERIDGE & STANDON SURGERY,28251164,"64,637.53",,HT000042506
Department of Health,NHS East & North Hertfordshire CCG,31/07/2019,C&M-GMS PCN DES Participation,PRC DELEGATED CO-COMMISSIONING,PUCKERIDGE & STANDON SURGERY,28251164,"3,947.86",,HT000042506
Department of Health,NHS East & North Hertfordshire CCG,31/07/2019,C&M-GMS Prem Notional Rent,PRC DELEGATED CO-COMMISSIONING,PUCKERIDGE & STANDON SURGERY,28251164,"4,745.83",,HT000042506
Department of Health,NHS East & North Hertfordshire CCG,31/07/2019,Cont Care-Learning Disab(<65),CHC AD FULL FUND PERS HLTH BUD,PURPLE CONVERSATION CIC,28069598,"33,341.35",280668086,16715
Department of Health,NHS East & North Hertfordshire CCG,31/07/2019,Cont Care- Adult 100% Fully Funded,CHC ADULT FULLY FUNDED,RAMSAY NEUROLOGICAL SERVICES,28049969,"250,000.00",,ENHERTS0719PF
Department of Health,NHS East & North Hertfordshire CCG,31/07/2019,Cont Care- Adult 100% Fully Funded,CHC ADULT FULLY FUNDED,RAMSAY NEUROLOGICAL SERVICES,28203784,"-69,829.70",,CRENHERTS04190619
Department of Health,NHS East & North Hertfordshire CCG,31/07/2019,C&M-GMS Global Sum,PRC DELEGATED CO-COMMISSIONING,REGAL CHAMBERS SURGERY,28251162,"88,889.54",,HT000042504
Department of Health,NHS East & North Hertfordshire CCG,31/07/2019,C&M-GMS MPIG Correction Factor,PRC DELEGATED CO-COMMISSIONING,REGAL CHAMBERS SURGERY,28251162,21.29,,HT000042504
Department of Health,NHS East & North Hertfordshire CCG,31/07/2019,C&M-GMS PCN DES Participation,PRC DELEGATED CO-COMMISSIONING,REGAL CHAMBERS SURGERY,28251162,"5,462.29",,HT000042504
Department of Health,NHS East & North Hertfordshire CCG,31/07/2019,C&M-GMS Prem Actual Rent,PRC DELEGATED CO-COMMISSIONING,REGAL CHAMBERS SURGERY,28251162,"48,610.00",,HT000042504
Department of Health,NHS East & North Hertfordshire CCG,31/07/2019,C&M-GMS Prem Rates,PRC DELEGATED CO-COMMISSIONING,REGAL CHAMBERS SURGERY,28251162,"5,556.25",,HT000042504
Department of Health,NHS East & North Hertfordshire CCG,31/07/2019,Clinical&Medical-Independent Sector,ACUTE COMMISSIONING,RIVERS HOSPITAL,28001613,"759,093.00",426505170,ENHCCGJUL2019RIVERS
Department of Health,NHS East & North Hertfordshire CCG,31/07/2019,Clinical&Medical-Independent Sector,ACUTE COMMISSIONING,RIVERS HOSPITAL,28142049,"385,368.00",426505170,ENHCCGJUL2019RIVERSADJ
Department of Health,NHS East & North Hertfordshire CCG,31/07/2019,Clinical&Medical-Independent Sector - Prior Year,ACUTE COMMISSIONING,RIVERS HOSPITAL,28203704,"114,026.34",426505170,ENHCCGRIVINVFINMAR19
Department of Health,NHS East & North Hertfordshire CCG,31/07/2019,Hcare Srv Rec Fdtn Trust-Contract Baseline,ACUTE COMMISSIONING,ROYAL BROMPTON & HAREFIELD NHS FOUNDATION TRUST,27989763,"91,539.78",654968091,S006229
Department of Health,NHS East & North Hertfordshire CCG,30/06/2019,Hcare Srv Rec Fdtn Trust-Contract Baseline,ACUTE COMMISSIONING,ROYAL FREE LONDON NHS FOUNDATION TRUST,27838394,"2,583,000.00",654946987,I0176064
Department of Health,NHS East & North Hertfordshire CCG,31/07/2019,Hcare Srv Rec Fdtn Trust-Non Contract,NCAS/OATS,ROYAL MARSDEN NHS FOUNDATION TRUST (THE),28328119,"33,073.00",65 4947396,45763598
Department of Health,NHS East & North Hertfordshire CCG,31/07/2019,Hcare Srv Rec NHS Trust-Contract Baseline,ACUTE COMMISSIONING,ROYAL NATIONAL ORTHOPAEDIC HOSPITAL NHS TRUST,27964836,"225,748.00",654947494,B0040553
Department of Health,NHS East & North Hertfordshire CCG,31/07/2019,Hcare Srv Rec Fdtn Trust-Contract Baseline,ACUTE COMMISSIONING,ROYAL PAPWORTH HOSPITAL NHS FOUNDATION TRUST,27933220,"102,743.00",GB654935994,57797765
Department of Health,NHS East & North Hertfordshire CCG,31/07/2019,C&M-GMS DES Extended Hours Access,PRC DELEGATED CO-COMMISSIONING,SHEPHALL SURGERY,28275257,"5,982.71",,HT000042508
Department of Health,NHS East & North Hertfordshire CCG,31/07/2019,C&M-GMS Global Sum,PRC DELEGATED CO-COMMISSIONING,SHEPHALL SURGERY,28275257,"55,468.36",,HT000042508
Department of Health,NHS East & North Hertfordshire CCG,31/07/2019,C&M-GMS PCN DES Clinical Director,PRC DELEGATED CO-COMMISSIONING,SHEPHALL SURGERY,28275257,"2,798.10",,HT000042508
Department of Health,NHS East & North Hertfordshire CCG,31/07/2019,C&M-GMS PCN DES PCN support,LOCAL ENHANCED SERVICES,SHEPHALL SURGERY,28275257,"24,497.00",,HT000042508
Department of Health,NHS East & North Hertfordshire CCG,31/07/2019,C&M-GMS PCN DES Participation,PRC DELEGATED CO-COMMISSIONING,SHEPHALL SURGERY,28275257,"3,398.38",,HT000042508
Department of Health,NHS East & North Hertfordshire CCG,31/07/2019,C&M-GMS Prem Actual Rent,PRC DELEGATED CO-COMMISSIONING,SHEPHALL SURGERY,28275257,"9,966.67",,HT000042508
Department of Health,NHS East & North Hertfordshire CCG,31/07/2019,C&M-GMS Prem Rates,PRC DELEGATED CO-COMMISSIONING,SHEPHALL SURGERY,28275257,"3,321.50",,HT000042508
Department of Health,NHS East & North Hertfordshire CCG,31/07/2019,C&M-GMS Global Sum,PRC DELEGATED CO-COMMISSIONING,SHIPHAY MANOR & ABBEY ROAD SURGERY,28251167,"63,977.10",,HT000042510
Department of Health,NHS East & North Hertfordshire CCG,31/07/2019,C&M-GMS Other FDR Payment,PRC DELEGATED CO-COMMISSIONING,SHIPHAY MANOR & ABBEY ROAD SURGERY,28251167,"1,029.63",,HT000042510
Department of Health,NHS East & North Hertfordshire CCG,31/07/2019,C&M-GMS PCN DES Participation,PRC DELEGATED CO-COMMISSIONING,SHIPHAY MANOR & ABBEY ROAD SURGERY,28251167,"3,827.39",,HT000042510
Department of Health,NHS East & North Hertfordshire CCG,31/07/2019,C&M-GMS Prem Actual Rent,PRC DELEGATED CO-COMMISSIONING,SHIPHAY MANOR & ABBEY ROAD SURGERY,28251167,"4,208.33",,HT000042510
Department of Health,NHS East & North Hertfordshire CCG,31/07/2019,C&M-GMS LES Equitable Funding,REABLEMENT,SOUTH STREET SURGERY,27993341,"30,571.50",,FSEN0719004
Department of Health,NHS East & North Hertfordshire CCG,31/07/2019,C&M-GMS Global Sum,PRC DELEGATED CO-COMMISSIONING,SOUTH STREET SURGERY,28251187,"124,015.91",,HT000042532
Department of Health,NHS East & North Hertfordshire CCG,31/07/2019,C&M-GMS MPIG Correction Factor,PRC DELEGATED CO-COMMISSIONING,SOUTH STREET SURGERY,28251187,"1,548.86",,HT000042532
Department of Health,NHS East & North Hertfordshire CCG,31/07/2019,C&M-GMS PCN DES Participation,PRC DELEGATED CO-COMMISSIONING,SOUTH STREET SURGERY,28251187,"7,593.17",,HT000042532
Department of Health,NHS East & North Hertfordshire CCG,31/07/2019,C&M-GMS Prem Rates,PRC DELEGATED CO-COMMISSIONING,SOUTH STREET SURGERY,28251187,"5,734.75",,HT000042532
Department of Health,NHS East & North Hertfordshire CCG,31/07/2019,C&M-GMS Prem Water Rates,PRC DELEGATED CO-COMMISSIONING,SOUTH STREET SURGERY,28251187,89.93,,HT000042532
Department of Health,NHS East & North Hertfordshire CCG,31/07/2019,Clinical&Medical-Independent Sector,NCAS/OATS,SPIRE HEALTHCARE LTD,27933007,"30,058.57",915970991,06KNCA192002
Department of Health,NHS East & North Hertfordshire CCG,31/07/2019,Clinical&Medical-Independent Sector,ACUTE COMMISSIONING,SPIRE HEALTHCARE LTD,28001697,"124,407.00",915970991,06KHPNPF192004
Department of Health,NHS East & North Hertfordshire CCG,31/07/2019,Clinical&Medical-Independent Sector,ACUTE COMMISSIONING,SPIRE HEALTHCARE LTD,28049957,"42,322.46",915970991,06KHPNREC192001
Department of Health,NHS East & North Hertfordshire CCG,31/07/2019,C&M-APMS Contract Value,PRC DELEGATED CO-COMMISSIONING,SPRING HOUSE MEDICAL CENTRE,28014561,"65,182.78",,HT000042133
Department of Health,NHS East & North Hertfordshire CCG,31/07/2019,C&M-APMS DES Extended Hours Access,PRC DELEGATED CO-COMMISSIONING,SPRING HOUSE MEDICAL CENTRE,28014561,"5,935.54",,HT000042133
Department of Health,NHS East & North Hertfordshire CCG,31/07/2019,C&M-APMS Prem Actual Rent,PRC DELEGATED CO-COMMISSIONING,SPRING HOUSE MEDICAL CENTRE,28014561,"27,371.33",,HT000042133
Department of Health,NHS East & North Hertfordshire CCG,31/07/2019,C&M-APMS Prem Rates,PRC DELEGATED CO-COMMISSIONING,SPRING HOUSE MEDICAL CENTRE,28014561,"1,682.00",,HT000042133
Department of Health,NHS East & North Hertfordshire CCG,31/07/2019,C&M-APMS Prem Water Rates,PRC DELEGATED CO-COMMISSIONING,SPRING HOUSE MEDICAL CENTRE,28014561,219.95,,HT000042133
Department of Health,NHS East & North Hertfordshire CCG,31/07/2019,C&M-PMS QOF Aspiration,PRC DELEGATED CO-COMMISSIONING,SPRING HOUSE MEDICAL CENTRE,28014561,"3,653.87",,HT000042133
Department of Health,NHS East & North Hertfordshire CCG,31/07/2019,C&M-GMS Global Sum,PRC DELEGATED CO-COMMISSIONING,STANHOPE SURGERY,28251174,"41,366.61",,HT000042517
Department of Health,NHS East & North Hertfordshire CCG,31/07/2019,C&M-GMS MPIG Correction Factor,PRC DELEGATED CO-COMMISSIONING,STANHOPE SURGERY,28251174,162.06,,HT000042517
Department of Health,NHS East & North Hertfordshire CCG,31/07/2019,C&M-GMS PCN DES Participation,PRC DELEGATED CO-COMMISSIONING,STANHOPE SURGERY,28251174,"2,538.87",,HT000042517
Department of Health,NHS East & North Hertfordshire CCG,31/07/2019,C&M-GMS Prem Actual Rent,PRC DELEGATED CO-COMMISSIONING,STANHOPE SURGERY,28251174,"4,383.33",,HT000042517
Department of Health,NHS East & North Hertfordshire CCG,31/07/2019,C&M-GMS LES Care of Older People,REABLEMENT,STANMORE MEDICAL GROUP,27993338,"57,354.38",,FSEN0719001
Department of Health,NHS East & North Hertfordshire CCG,31/07/2019,C&M-GMS LES Equitable Funding,REABLEMENT,STANMORE MEDICAL GROUP,27993339,"52,942.50",,FSEN0719002
Department of Health,NHS East & North Hertfordshire CCG,31/07/2019,C&M-GMS Prem Rates,PRC DELEGATED CO-COMMISSIONING,STANMORE MEDICAL GROUP,28251175,"-2,453.25",,HT000042518
Department of Health,NHS East & North Hertfordshire CCG,31/07/2019,ME - GMS TPS Added Years Adj EEs,PRC DELEGATED CO-COMMISSIONING,STANMORE MEDICAL GROUP,28251175,-678.75,,HT000042518
Department of Health,NHS East & North Hertfordshire CCG,31/07/2019,ME-GMS GP Pension EEs,PRC DELEGATED CO-COMMISSIONING,STANMORE MEDICAL GROUP,28251175,"-15,036.95",,HT000042518
Department of Health,NHS East & North Hertfordshire CCG,31/07/2019,ME-GMS GP Pension ERs Adjustments,PRC DELEGATED CO-COMMISSIONING,STANMORE MEDICAL GROUP,28251175,"-15,302.69",,HT000042518
Department of Health,NHS East & North Hertfordshire CCG,31/07/2019,C&M-GMS DES Extended Hours Access,PRC DELEGATED CO-COMMISSIONING,STANMORE MEDICAL GROUP,28275258,"7,420.69",,HT000042519
Department of Health,NHS East & North Hertfordshire CCG,31/07/2019,C&M-GMS Global Sum,PRC DELEGATED CO-COMMISSIONING,STANMORE MEDICAL GROUP,28275258,"232,876.20",,HT000042519
Department of Health,NHS East & North Hertfordshire CCG,31/07/2019,C&M-GMS MPIG Correction Factor,PRC DELEGATED CO-COMMISSIONING,STANMORE MEDICAL GROUP,28275258,554.07,,HT000042519
Department of Health,NHS East & North Hertfordshire CCG,31/07/2019,C&M-GMS PCN DES Clinical Director,PRC DELEGATED CO-COMMISSIONING,STANMORE MEDICAL GROUP,28275258,"3,470.64",,HT000042519
Department of Health,NHS East & North Hertfordshire CCG,31/07/2019,C&M-GMS PCN DES PCN support,LOCAL ENHANCED SERVICES,STANMORE MEDICAL GROUP,28275258,"30,385.00",,HT000042519
Department of Health,NHS East & North Hertfordshire CCG,31/07/2019,C&M-GMS PCN DES Participation,PRC DELEGATED CO-COMMISSIONING,STANMORE MEDICAL GROUP,28275258,"14,175.32",,HT000042519
Department of Health,NHS East & North Hertfordshire CCG,31/07/2019,C&M-GMS Prem Notional Rent,PRC DELEGATED CO-COMMISSIONING,STANMORE MEDICAL GROUP,28275258,"2,441.67",,HT000042519
Department of Health,NHS East & North Hertfordshire CCG,31/07/2019,C&M-GMS Prem Rates,PRC DELEGATED CO-COMMISSIONING,STANMORE MEDICAL GROUP,28275258,"5,724.25",,HT000042519
Department of Health,NHS East & North Hertfordshire CCG,31/07/2019,C&M-GMS Global Sum,PRC DELEGATED CO-COMMISSIONING,STOCKWELL LODGE MEDICAL CENTRE,28251172,"71,076.57",,HT000042515
Department of Health,NHS East & North Hertfordshire CCG,31/07/2019,C&M-GMS MPIG Correction Factor,PRC DELEGATED CO-COMMISSIONING,STOCKWELL LODGE MEDICAL CENTRE,28251172,323.36,,HT000042515
Department of Health,NHS East & North Hertfordshire CCG,31/07/2019,C&M-GMS PCN DES Participation,PRC DELEGATED CO-COMMISSIONING,STOCKWELL LODGE MEDICAL CENTRE,28251172,"4,387.75",,HT000042515
Department of Health,NHS East & North Hertfordshire CCG,31/07/2019,C&M-GMS Prem Notional Rent,PRC DELEGATED CO-COMMISSIONING,STOCKWELL LODGE MEDICAL CENTRE,28251172,"9,583.33",,HT000042515
Department of Health,NHS East & North Hertfordshire CCG,31/07/2019,C&M-APMS PCN DES PCN support,LOCAL ENHANCED SERVICES,STORT VALLEY HEALTH CARE LTD,28323113,"30,998.50",,FSEN0719720
Department of Health,NHS East & North Hertfordshire CCG,31/07/2019,C&M-GMS Global Sum,PRC DELEGATED CO-COMMISSIONING,SURGERY ASTONIA HOUSE,28251170,"87,529.49",,HT000042513
Department of Health,NHS East & North Hertfordshire CCG,31/07/2019,C&M-GMS MPIG Correction Factor,PRC DELEGATED CO-COMMISSIONING,SURGERY ASTONIA HOUSE,28251170,267.04,,HT000042513
Department of Health,NHS East & North Hertfordshire CCG,31/07/2019,C&M-GMS PCN DES Participation,PRC DELEGATED CO-COMMISSIONING,SURGERY ASTONIA HOUSE,28251170,"5,361.30",,HT000042513
Department of Health,NHS East & North Hertfordshire CCG,31/07/2019,C&M-GMS Prem Rates,PRC DELEGATED CO-COMMISSIONING,SURGERY ASTONIA HOUSE,28251170,"3,179.75",,HT000042513
Department of Health,NHS East & North Hertfordshire CCG,31/07/2019,C&M-GMS Global Sum,PRC DELEGATED CO-COMMISSIONING,SYMONDS GREEN HEALTH CENTRE,28251177,"30,851.75",,HT000042521
Department of Health,NHS East & North Hertfordshire CCG,31/07/2019,C&M-GMS MPIG Correction Factor,PRC DELEGATED CO-COMMISSIONING,SYMONDS GREEN HEALTH CENTRE,28251177,68.78,,HT000042521
Department of Health,NHS East & North Hertfordshire CCG,31/07/2019,C&M-GMS PCN DES Participation,PRC DELEGATED CO-COMMISSIONING,SYMONDS GREEN HEALTH CENTRE,28251177,"1,883.62",,HT000042521
Department of Health,NHS East & North Hertfordshire CCG,31/07/2019,Hcare Srv Rec Fdtn Trust-Contract Baseline,ACUTE COMMISSIONING,UNIVERSITY COLLEGE LONDON HOSPITALS NHS FOUNDATION TRUST,27914881,"614,646.00",654948687,5010199368
Department of Health,NHS East & North Hertfordshire CCG,31/07/2019,Telecoms-Data lines,ADHOC BUSINESS,VIRGIN MEDIA BUSINESS LTD,27949626,"36,035.70",591819014,932006058
Department of Health,NHS East & North Hertfordshire CCG,31/07/2019,C&M-GMS Global Sum,PRC DELEGATED CO-COMMISSIONING,WALLACE HOUSE SURGERY,28251181,"89,764.67",,HT000042525
Department of Health,NHS East & North Hertfordshire CCG,31/07/2019,C&M-GMS MPIG Correction Factor,PRC DELEGATED CO-COMMISSIONING,WALLACE HOUSE SURGERY,28251181,161,,HT000042525
Department of Health,NHS East & North Hertfordshire CCG,31/07/2019,C&M-GMS PCN DES Participation,PRC DELEGATED CO-COMMISSIONING,WALLACE HOUSE SURGERY,28251181,"5,466.77",,HT000042525
Department of Health,NHS East & North Hertfordshire CCG,31/07/2019,C&M-GMS Global Sum,PRC DELEGATED CO-COMMISSIONING,WARDEN LODGE MEDICAL PRACTICE,28275259,"69,936.96",,HT000042527
Department of Health,NHS East & North Hertfordshire CCG,31/07/2019,C&M-GMS Other FDR Payment,PRC DELEGATED CO-COMMISSIONING,WARDEN LODGE MEDICAL PRACTICE,28275259,"2,057.59",,HT000042527
Department of Health,NHS East & North Hertfordshire CCG,31/07/2019,C&M-GMS PCN DES Participation,PRC DELEGATED CO-COMMISSIONING,WARDEN LODGE MEDICAL PRACTICE,28275259,"4,337.67",,HT000042527
Department of Health,NHS East & North Hertfordshire CCG,31/07/2019,ME - GMS GP Prior Year ERs,PRC DELEGATED CO-COMMISSIONING,WARDEN LODGE MEDICAL PRACTICE,28275259,"1,044.28",,HT000042527
Department of Health,NHS East & North Hertfordshire CCG,31/07/2019,ME-GMS GP Prior Year AVCs,PRC DELEGATED CO-COMMISSIONING,WARDEN LODGE MEDICAL PRACTICE,28275259,176.45,,HT000042527
Department of Health,NHS East & North Hertfordshire CCG,31/07/2019,ME-GMS GP Prior Year EEs,PRC DELEGATED CO-COMMISSIONING,WARDEN LODGE MEDICAL PRACTICE,28275259,907.79,,HT000042527
Department of Health,NHS East & North Hertfordshire CCG,31/07/2019,C&M-GMS Global Sum,PRC DELEGATED CO-COMMISSIONING,WATTON PLACE CLINIC,28251183,"36,003.60",,HT000042528
Department of Health,NHS East & North Hertfordshire CCG,31/07/2019,C&M-GMS MPIG Correction Factor,PRC DELEGATED CO-COMMISSIONING,WATTON PLACE CLINIC,28251183,104.27,,HT000042528
Department of Health,NHS East & North Hertfordshire CCG,31/07/2019,C&M-GMS PCN DES Participation,PRC DELEGATED CO-COMMISSIONING,WATTON PLACE CLINIC,28251183,"2,193.99",,HT000042528
Department of Health,NHS East & North Hertfordshire CCG,31/07/2019,C&M-GMS Prem Notional Rent,PRC DELEGATED CO-COMMISSIONING,WATTON PLACE CLINIC,28251183,"1,737.50",,HT000042528
Department of Health,NHS East & North Hertfordshire CCG,31/07/2019,C&M-GMS Cost of Drugs -Dispensing,LOCAL ENHANCED SERVICES,WATTON PLACE CLINIC,28277182,"-47,123.54",,HT000042713
Department of Health,NHS East & North Hertfordshire CCG,31/07/2019,C&M-GMS PrscChrgsCll&RmttdbyGPCntra,PRC DELEGATED CO-COMMISSIONING,WATTON PLACE CLINIC,28277182,"-3,312.00",,HT000042713
Department of Health,NHS East & North Hertfordshire CCG,31/07/2019,C&M-GMS Cost of Drugs -Dispensing,LOCAL ENHANCED SERVICES,WATTON PLACE CLINIC,28277183,"97,039.29",,HT000042714
Department of Health,NHS East & North Hertfordshire CCG,31/07/2019,C&M-GMS Prof Fees Dispensing,PRC DELEGATED CO-COMMISSIONING,WATTON PLACE CLINIC,28277183,"15,128.91",,HT000042714
Department of Health,NHS East & North Hertfordshire CCG,31/07/2019,C&M-GMS PrscrptnChrgsColl&RmttdbyGP,LOCAL ENHANCED SERVICES,WATTON PLACE CLINIC,28277183,"3,312.00",,HT000042714
Department of Health,NHS East & North Hertfordshire CCG,31/07/2019,Hcare Srv Rec NHS Trust-Contract Baseline,ACUTE COMMISSIONING,WEST HERTFORDSHIRE HOSPITALS NHS TRUST,27932993,"320,556.00",654974002,260293
Department of Health,NHS East & North Hertfordshire CCG,31/07/2019,Hcare Srv Rec NHS Trust-Contract Baseline,ACUTE COMMISSIONING,WHITTINGTON HOSPITAL NHS TRUST (THE),27989781,"29,516.83",654948100,88412
Department of Health,NHS East & North Hertfordshire CCG,31/07/2019,C&M-GMS Cost of Drugs -Dispensing,LOCAL ENHANCED SERVICES,WHITWELL SURGERY,28277179,"35,631.29",,HT000042710
Department of Health,NHS East & North Hertfordshire CCG,31/07/2019,C&M-GMS Prof Fees Dispensing,PRC DELEGATED CO-COMMISSIONING,WHITWELL SURGERY,28277179,"7,614.83",,HT000042710
Department of Health,NHS East & North Hertfordshire CCG,31/07/2019,C&M-GMS PrscrptnChrgsColl&RmttdbyGP,LOCAL ENHANCED SERVICES,WHITWELL SURGERY,28277179,"1,853.40",,HT000042710
Department of Health,NHS East & North Hertfordshire CCG,31/07/2019,C&M-GMS Global Sum,PRC DELEGATED CO-COMMISSIONING,WRAFTON HOUSE,28251185,"66,575.59",,HT000042530
Department of Health,NHS East & North Hertfordshire CCG,31/07/2019,C&M-GMS PCN DES Participation,PRC DELEGATED CO-COMMISSIONING,WRAFTON HOUSE,28251185,"4,160.36",,HT000042530
Department of Health,NHS East & North Hertfordshire CCG,31/07/2019,C&M-GMS Prem Rates,PRC DELEGATED CO-COMMISSIONING,WRAFTON HOUSE,28251185,"4,142.25",,HT000042530
Department of Health,NHS East & North Hertfordshire CCG,31/07/2019,C&M-GMS Prem Water Rates,PRC DELEGATED CO-COMMISSIONING,WRAFTON HOUSE,28251185,235.48,,HT000042530
Department of Health,NHS East & North Hertfordshire CCG,31/07/2019,Cont Care-FNC Client Continence Allow,FUNDED NURSING CARE,WYMONDLEY NURSING & CARE HOME LTD,28085718,819.29,,WM19008
Department of Health,NHS East & North Hertfordshire CCG,31/07/2019,Cont Care-Funded Nursing Care Allow,FUNDED NURSING CARE,WYMONDLEY NURSING & CARE HOME LTD,28085718,"31,527.35",,WM19008
Department of Health,NHS East & North Hertfordshire CCG,31/07/2019,Cont Care- Prior Year Payments,FUNDED NURSING CARE,WYMONDLEY NURSING & CARE HOME LTD,28225843,"30,194.22",,WM19007
Department of Health,NHS East & North Hertfordshire CCG,31/07/2019,Cont Care-FNC Client Continence Allow,FUNDED NURSING CARE,WYMONDLEY NURSING & CARE HOME LTD,28225843,880.72,,WM19007
Department of Health,NHS East & North Hertfordshire CCG,31/07/2019,Cont Care-Funded Nursing Care Allow,FUNDED NURSING CARE,WYMONDLEY NURSING & CARE HOME LTD,28225843,"40,633.20",,WM19007
,,,,,,,,,
,,,,,,,"61,381,098.24",,
