Department family,Entity,Date,Expense Type,Expense area,Supplier,Transaction number,AP Amount (£),,
Department of Health,NHS Rotherham CCG,30/11/2016,Hcare Srv Rec Fdtn Trust-Contract Baseline,ACUTE COMMISSIONING,BARNSLEY HOSPITAL NHS FOUNDATION TRUST,14883957,"111,270.00",,
Department of Health,NHS Rotherham CCG,30/11/2016,Clinical&Medical-Commercial Sector,ACUTE COMMISSIONING,BMI HEALTHCARE COLLECTIONS,14899558,"34,684.68",,
Department of Health,NHS Rotherham CCG,30/11/2016,Clinical&Medical-Commercial Sector,ACUTE COMMISSIONING,CARE UK CLINICAL SERVICES LTD,14870784,"44,673.25",,
Department of Health,NHS Rotherham CCG,30/11/2016,Clinical&Medical-Commercial Sector,OUT OF HOURS,CARE UK CLINICAL SERVICES LTD,14885124,"164,953.58",,
Department of Health,NHS Rotherham CCG,30/11/2016,Clinical&Medical-Commercial Sector,URGENT CARE,CARE UK CLINICAL SERVICES LTD,14885124,"160,782.99",,
Department of Health,NHS Rotherham CCG,30/11/2016,Clinical&Medical-Commercial Sector,URGENT CARE,CARE UK CLINICAL SERVICES LTD,15036877,"33,640.00",,
Department of Health,NHS Rotherham CCG,30/11/2016,Clinical&Medical-Commercial Sector,ACUTE COMMISSIONING,CLAREMONT HOSPITAL,14870883,"46,108.00",,
Department of Health,NHS Rotherham CCG,30/11/2016,Clinical&Medical-Voluntary Sector,COMMISSIONING - NON ACUTE,CROSSROADS CARE ROTHERHAM,14870759,"39,522.00",,
Department of Health,NHS Rotherham CCG,30/11/2016,Clinical&Medical-Voluntary Sector,PROGRAMME PROJECTS,CROSSROADS CARE ROTHERHAM,14899710,"55,864.00",,
Department of Health,NHS Rotherham CCG,30/11/2016,Clinical&Medical-Voluntary Sector,PROGRAMME PROJECTS,CROSSROADS CARE ROTHERHAM,14899719,"58,250.00",,
Department of Health,NHS Rotherham CCG,30/11/2016,Hcare Srv Rec Fdtn Trust-Contract Baseline,ACUTE COMMISSIONING,DONCASTER AND BASSETLAW HOSPITALS NHS FOUNDATION TRUST,14818515,"844,443.00",,
Department of Health,NHS Rotherham CCG,30/11/2016,C&M-PMS Contract Value,PRC DELEGATED CO-COMMISSIONING,NHS ROTHERHAM GP,14912744,"-38,973.85",,
Department of Health,NHS Rotherham CCG,30/11/2016,C&M-PMS GP Statutory Levy,PRC DELEGATED CO-COMMISSIONING,NHS ROTHERHAM GP,14912744,-152.36,,
Department of Health,NHS Rotherham CCG,30/11/2016,C&M-PMS Out of Hours Opt Outs,PRC DELEGATED CO-COMMISSIONING,NHS ROTHERHAM GP,14912744,-24.46,,
Department of Health,NHS Rotherham CCG,30/11/2016,ME-PMS GP Pension EEs-PMS,PRC DELEGATED CO-COMMISSIONING,NHS ROTHERHAM GP,14912744,-911.25,,
Department of Health,NHS Rotherham CCG,30/11/2016,ME-PMS GP Pension ERs Adjs - PMS,PRC DELEGATED CO-COMMISSIONING,NHS ROTHERHAM GP,14912744,-965.25,,
Department of Health,NHS Rotherham CCG,30/11/2016,C&M-PMS Baseline Adjustment,PRC DELEGATED CO-COMMISSIONING,NHS ROTHERHAM GP,14912745,"7,258.58",,
Department of Health,NHS Rotherham CCG,30/11/2016,C&M-PMS Contract Value,PRC DELEGATED CO-COMMISSIONING,NHS ROTHERHAM GP,14912745,"73,239.63",,
Department of Health,NHS Rotherham CCG,30/11/2016,C&M-PMS DES Learn Dsblty Hlth Chk,PRC DELEGATED CO-COMMISSIONING,NHS ROTHERHAM GP,14912745,116,,
Department of Health,NHS Rotherham CCG,30/11/2016,C&M-PMS Out of Hours Opt Outs,PRC DELEGATED CO-COMMISSIONING,NHS ROTHERHAM GP,14912745,"-1,656.67",,
Department of Health,NHS Rotherham CCG,30/11/2016,C&M-PMS Prem Actual Rent,PRC DELEGATED CO-COMMISSIONING,NHS ROTHERHAM GP,14912745,"2,677.08",,
Department of Health,NHS Rotherham CCG,30/11/2016,C&M-PMS Prem Healthcentre Rent,PRC DELEGATED CO-COMMISSIONING,NHS ROTHERHAM GP,14912745,914.83,,
Department of Health,NHS Rotherham CCG,30/11/2016,C&M-PMS Prem Rates,PRC DELEGATED CO-COMMISSIONING,NHS ROTHERHAM GP,14912745,"3,968.80",,
Department of Health,NHS Rotherham CCG,30/11/2016,C&M-PMS QOF Aspiration,PRC DELEGATED CO-COMMISSIONING,NHS ROTHERHAM GP,14912745,"2,996.65",,
Department of Health,NHS Rotherham CCG,30/11/2016,C&M-PMS Contract Value,PRC DELEGATED CO-COMMISSIONING,NHS ROTHERHAM GP,14912742,"-81,597.25",,
Department of Health,NHS Rotherham CCG,30/11/2016,C&M-PMS GP Statutory Levy,PRC DELEGATED CO-COMMISSIONING,NHS ROTHERHAM GP,14912742,-326.39,,
Department of Health,NHS Rotherham CCG,30/11/2016,C&M-PMS Out of Hours Opt Outs,PRC DELEGATED CO-COMMISSIONING,NHS ROTHERHAM GP,14912742,-87.61,,
Department of Health,NHS Rotherham CCG,30/11/2016,C&M-PMS Voluntary Levy,PRC DELEGATED CO-COMMISSIONING,NHS ROTHERHAM GP,14912742,-48.04,,
Department of Health,NHS Rotherham CCG,30/11/2016,ME-PMS GP Pension EEs-PMS,PRC DELEGATED CO-COMMISSIONING,NHS ROTHERHAM GP,14912742,"-6,702.50",,
Department of Health,NHS Rotherham CCG,30/11/2016,ME-PMS GP Pension ERs Adjs - PMS,PRC DELEGATED CO-COMMISSIONING,NHS ROTHERHAM GP,14912742,"-6,756.76",,
Department of Health,NHS Rotherham CCG,30/11/2016,C&M-PMS Baseline Adjustment,PRC DELEGATED CO-COMMISSIONING,NHS ROTHERHAM GP,14912743,"2,155.83",,
Department of Health,NHS Rotherham CCG,30/11/2016,C&M-PMS Contract Value,PRC DELEGATED CO-COMMISSIONING,NHS ROTHERHAM GP,14912743,"169,456.26",,
Department of Health,NHS Rotherham CCG,30/11/2016,C&M-PMS Out of Hours Opt Outs,PRC DELEGATED CO-COMMISSIONING,NHS ROTHERHAM GP,14912743,"-4,222.75",,
Department of Health,NHS Rotherham CCG,30/11/2016,C&M-PMS Prem Notional Rent,PRC DELEGATED CO-COMMISSIONING,NHS ROTHERHAM GP,14912743,"6,926.67",,
Department of Health,NHS Rotherham CCG,30/11/2016,C&M-PMS Prem Rates,PRC DELEGATED CO-COMMISSIONING,NHS ROTHERHAM GP,14912743,"2,864.40",,
Department of Health,NHS Rotherham CCG,30/11/2016,C&M-PMS QOF Aspiration,PRC DELEGATED CO-COMMISSIONING,NHS ROTHERHAM GP,14912743,"8,640.75",,
Department of Health,NHS Rotherham CCG,30/11/2016,C&M-PMS Contract Value,PRC DELEGATED CO-COMMISSIONING,NHS ROTHERHAM GP,14912746,"-81,689.15",,
Department of Health,NHS Rotherham CCG,30/11/2016,C&M-PMS GP Statutory Levy,PRC DELEGATED CO-COMMISSIONING,NHS ROTHERHAM GP,14912746,-319.85,,
Department of Health,NHS Rotherham CCG,30/11/2016,C&M-PMS Out of Hours Opt Outs,PRC DELEGATED CO-COMMISSIONING,NHS ROTHERHAM GP,14912746,-70.62,,
Department of Health,NHS Rotherham CCG,30/11/2016,C&M-PMS Voluntary Levy,PRC DELEGATED CO-COMMISSIONING,NHS ROTHERHAM GP,14912746,-47.08,,
Department of Health,NHS Rotherham CCG,30/11/2016,C&M-PMS Baseline Adjustment,PRC DELEGATED CO-COMMISSIONING,NHS ROTHERHAM GP,14912747,"2,040.58",,
Department of Health,NHS Rotherham CCG,30/11/2016,C&M-PMS Contract Value,PRC DELEGATED CO-COMMISSIONING,NHS ROTHERHAM GP,14912747,"168,990.09",,
Department of Health,NHS Rotherham CCG,30/11/2016,C&M-PMS Out of Hours Opt Outs,PRC DELEGATED CO-COMMISSIONING,NHS ROTHERHAM GP,14912747,"-4,209.00",,
Department of Health,NHS Rotherham CCG,30/11/2016,C&M-PMS Prem Actual Rent,PRC DELEGATED CO-COMMISSIONING,NHS ROTHERHAM GP,14912747,"3,275.00",,
Department of Health,NHS Rotherham CCG,30/11/2016,C&M-PMS Prem Notional Rent,PRC DELEGATED CO-COMMISSIONING,NHS ROTHERHAM GP,14912747,"5,345.83",,
Department of Health,NHS Rotherham CCG,30/11/2016,C&M-PMS QOF Aspiration,PRC DELEGATED CO-COMMISSIONING,NHS ROTHERHAM GP,14912747,"8,235.17",,
Department of Health,NHS Rotherham CCG,30/11/2016,C&M-GMS DES Learn Dsblty Hlth Chk,PRC DELEGATED CO-COMMISSIONING,NHS ROTHERHAM GP,15125038,232,,
Department of Health,NHS Rotherham CCG,30/11/2016,C&M-GMS DES Minor Surgery,PRC DELEGATED CO-COMMISSIONING,NHS ROTHERHAM GP,15125038,383.58,,
Department of Health,NHS Rotherham CCG,30/11/2016,C&M-GMS Global Sum,PRC DELEGATED CO-COMMISSIONING,NHS ROTHERHAM GP,15125038,"41,908.13",,
Department of Health,NHS Rotherham CCG,30/11/2016,C&M-GMS MPIG Correction Factor,PRC DELEGATED CO-COMMISSIONING,NHS ROTHERHAM GP,15125038,246.79,,
Department of Health,NHS Rotherham CCG,30/11/2016,C&M-GMS Prem Notional Rent,PRC DELEGATED CO-COMMISSIONING,NHS ROTHERHAM GP,15125038,"2,875.00",,
Department of Health,NHS Rotherham CCG,30/11/2016,C&M-GMS Prem Rates,PRC DELEGATED CO-COMMISSIONING,NHS ROTHERHAM GP,15125038,165.62,,
Department of Health,NHS Rotherham CCG,30/11/2016,C&M-GMS QOF Aspiration,PRC DELEGATED CO-COMMISSIONING,NHS ROTHERHAM GP,15125038,"5,305.31",,
Department of Health,NHS Rotherham CCG,30/11/2016,C&M-PMS Contract Value,PRC DELEGATED CO-COMMISSIONING,NHS ROTHERHAM GP,14912752,"-96,802.96",,
Department of Health,NHS Rotherham CCG,30/11/2016,C&M-PMS GP Statutory Levy,PRC DELEGATED CO-COMMISSIONING,NHS ROTHERHAM GP,14912752,-378.26,,
Department of Health,NHS Rotherham CCG,30/11/2016,C&M-PMS Out of Hours Opt Outs,PRC DELEGATED CO-COMMISSIONING,NHS ROTHERHAM GP,14912752,-163.27,,
Department of Health,NHS Rotherham CCG,30/11/2016,C&M-PMS Voluntary Levy,PRC DELEGATED CO-COMMISSIONING,NHS ROTHERHAM GP,14912752,-55.68,,
Department of Health,NHS Rotherham CCG,30/11/2016,ME-PMS GP Pension EEs-PMS,PRC DELEGATED CO-COMMISSIONING,NHS ROTHERHAM GP,14912752,"-5,040.00",,
Department of Health,NHS Rotherham CCG,30/11/2016,ME-PMS GP Pension ERs Adjs - PMS,PRC DELEGATED CO-COMMISSIONING,NHS ROTHERHAM GP,14912752,"-5,124.17",,
Department of Health,NHS Rotherham CCG,30/11/2016,C&M-PMS Baseline Adjustment,PRC DELEGATED CO-COMMISSIONING,NHS ROTHERHAM GP,14912753,"2,697.42",,
Department of Health,NHS Rotherham CCG,30/11/2016,C&M-PMS Contract Value,PRC DELEGATED CO-COMMISSIONING,NHS ROTHERHAM GP,14912753,"201,225.56",,
Department of Health,NHS Rotherham CCG,30/11/2016,C&M-PMS DES Learn Dsblty Hlth Chk,PRC DELEGATED CO-COMMISSIONING,NHS ROTHERHAM GP,14912753,812,,
Department of Health,NHS Rotherham CCG,30/11/2016,C&M-PMS DES UNPLANNED ADMISSIONS,PRC DELEGATED CO-COMMISSIONING,NHS ROTHERHAM GP,14912753,"10,316.46",,
Department of Health,NHS Rotherham CCG,30/11/2016,C&M-PMS Out of Hours Opt Outs,PRC DELEGATED CO-COMMISSIONING,NHS ROTHERHAM GP,14912753,"-4,961.55",,
Department of Health,NHS Rotherham CCG,30/11/2016,C&M-PMS Prem Healthcentre Rent,PRC DELEGATED CO-COMMISSIONING,NHS ROTHERHAM GP,14912753,"1,639.00",,
Department of Health,NHS Rotherham CCG,30/11/2016,C&M-PMS QOF Aspiration,PRC DELEGATED CO-COMMISSIONING,NHS ROTHERHAM GP,14912753,"10,357.11",,
Department of Health,NHS Rotherham CCG,30/11/2016,C&M-GMS DES Learn Dsblty Hlth Chk,PRC DELEGATED CO-COMMISSIONING,NHS ROTHERHAM GP,15125040,812,,
Department of Health,NHS Rotherham CCG,30/11/2016,C&M-GMS DES Minor Surgery,PRC DELEGATED CO-COMMISSIONING,NHS ROTHERHAM GP,15125040,"4,347.24",,
Department of Health,NHS Rotherham CCG,30/11/2016,C&M-GMS Global Sum,PRC DELEGATED CO-COMMISSIONING,NHS ROTHERHAM GP,15125040,"77,495.43",,
Department of Health,NHS Rotherham CCG,30/11/2016,C&M-GMS MPIG Correction Factor,PRC DELEGATED CO-COMMISSIONING,NHS ROTHERHAM GP,15125040,"5,144.40",,
Department of Health,NHS Rotherham CCG,30/11/2016,C&M-GMS Prem Notional Rent,PRC DELEGATED CO-COMMISSIONING,NHS ROTHERHAM GP,15125040,"6,994.79",,
Department of Health,NHS Rotherham CCG,30/11/2016,C&M-GMS Prem Rates,PRC DELEGATED CO-COMMISSIONING,NHS ROTHERHAM GP,15125040,"1,714.65",,
Department of Health,NHS Rotherham CCG,30/11/2016,C&M-GMS Prem Water Rates,PRC DELEGATED CO-COMMISSIONING,NHS ROTHERHAM GP,15125040,199.46,,
Department of Health,NHS Rotherham CCG,30/11/2016,C&M-GMS QOF Aspiration,PRC DELEGATED CO-COMMISSIONING,NHS ROTHERHAM GP,15125040,"8,892.62",,
Department of Health,NHS Rotherham CCG,30/11/2016,C&M-PMS Contract Value,PRC DELEGATED CO-COMMISSIONING,NHS ROTHERHAM GP,14912748,"-85,554.59",,
Department of Health,NHS Rotherham CCG,30/11/2016,C&M-PMS GP Statutory Levy,PRC DELEGATED CO-COMMISSIONING,NHS ROTHERHAM GP,14912748,-321.12,,
Department of Health,NHS Rotherham CCG,30/11/2016,C&M-PMS Voluntary Levy,PRC DELEGATED CO-COMMISSIONING,NHS ROTHERHAM GP,14912748,-47.27,,
Department of Health,NHS Rotherham CCG,30/11/2016,ME-PMS GP Pension EEs-PMS,PRC DELEGATED CO-COMMISSIONING,NHS ROTHERHAM GP,14912748,"-6,220.10",,
Department of Health,NHS Rotherham CCG,30/11/2016,ME-PMS GP Pension ERs Adjs - PMS,PRC DELEGATED CO-COMMISSIONING,NHS ROTHERHAM GP,14912748,"-6,447.35",,
Department of Health,NHS Rotherham CCG,30/11/2016,C&M-PMS Baseline Adjustment,PRC DELEGATED CO-COMMISSIONING,NHS ROTHERHAM GP,14912749,"8,044.17",,
Department of Health,NHS Rotherham CCG,30/11/2016,C&M-PMS Contract Value,PRC DELEGATED CO-COMMISSIONING,NHS ROTHERHAM GP,14912749,"171,061.81",,
Department of Health,NHS Rotherham CCG,30/11/2016,C&M-PMS Out of Hours Opt Outs,PRC DELEGATED CO-COMMISSIONING,NHS ROTHERHAM GP,14912749,"-4,117.50",,
Department of Health,NHS Rotherham CCG,30/11/2016,C&M-PMS Prem Notional Rent,PRC DELEGATED CO-COMMISSIONING,NHS ROTHERHAM GP,14912749,"14,424.42",,
Department of Health,NHS Rotherham CCG,30/11/2016,C&M-PMS Prem Rates,PRC DELEGATED CO-COMMISSIONING,NHS ROTHERHAM GP,14912749,"2,467.54",,
Department of Health,NHS Rotherham CCG,30/11/2016,C&M-PMS QOF Aspiration,PRC DELEGATED CO-COMMISSIONING,NHS ROTHERHAM GP,14912749,"10,193.20",,
Department of Health,NHS Rotherham CCG,30/11/2016,C&M-PMS Cost of Drugs -Dispensing,LOCAL ENHANCED SERVICES,NHS ROTHERHAM GP,15140066,"-30,624.40",,
Department of Health,NHS Rotherham CCG,30/11/2016,C&M-PMS Prsc Chrgs Cll&Rmttd by GPs,PRC DELEGATED CO-COMMISSIONING,NHS ROTHERHAM GP,15140066,"-1,251.60",,
Department of Health,NHS Rotherham CCG,30/11/2016,C&M-PMS Cost of Drugs -Dispensing,LOCAL ENHANCED SERVICES,NHS ROTHERHAM GP,15140067,"70,994.14",,
Department of Health,NHS Rotherham CCG,30/11/2016,C&M-PMS Prof fees Dispensing,PRC DELEGATED CO-COMMISSIONING,NHS ROTHERHAM GP,15140067,"10,821.00",,
Department of Health,NHS Rotherham CCG,30/11/2016,C&M-PMS Prsc Chrgs Cll&Rmttd by GPs,LOCAL ENHANCED SERVICES,NHS ROTHERHAM GP,15140067,"1,251.60",,
Department of Health,NHS Rotherham CCG,30/11/2016,C&M-PMS Contract Value,PRC DELEGATED CO-COMMISSIONING,NHS ROTHERHAM GP,14912750,"-150,371.16",,
Department of Health,NHS Rotherham CCG,30/11/2016,C&M-PMS GP Statutory Levy,PRC DELEGATED CO-COMMISSIONING,NHS ROTHERHAM GP,14912750,-591.36,,
Department of Health,NHS Rotherham CCG,30/11/2016,C&M-PMS Out of Hours Opt Outs,PRC DELEGATED CO-COMMISSIONING,NHS ROTHERHAM GP,14912750,-111.74,,
Department of Health,NHS Rotherham CCG,30/11/2016,C&M-PMS Prem Rates,PRC DELEGATED CO-COMMISSIONING,NHS ROTHERHAM GP,14912750,"-2,174.37",,
Department of Health,NHS Rotherham CCG,30/11/2016,C&M-PMS Voluntary Levy,PRC DELEGATED CO-COMMISSIONING,NHS ROTHERHAM GP,14912750,-87.04,,
Department of Health,NHS Rotherham CCG,30/11/2016,ME - PMS TPS Added Years Adj EEs,PRC DELEGATED CO-COMMISSIONING,NHS ROTHERHAM GP,14912750,-720,,
Department of Health,NHS Rotherham CCG,30/11/2016,ME-PMS GP Pension EEs-PMS,PRC DELEGATED CO-COMMISSIONING,NHS ROTHERHAM GP,14912750,"-13,706.25",,
Department of Health,NHS Rotherham CCG,30/11/2016,ME-PMS GP Pension ERs Adjs - PMS,PRC DELEGATED CO-COMMISSIONING,NHS ROTHERHAM GP,14912750,"-14,121.25",,
Department of Health,NHS Rotherham CCG,30/11/2016,C&M-PMS Baseline Adjustment,PRC DELEGATED CO-COMMISSIONING,NHS ROTHERHAM GP,14912751,"8,472.08",,
Department of Health,NHS Rotherham CCG,30/11/2016,C&M-PMS Contract Value,PRC DELEGATED CO-COMMISSIONING,NHS ROTHERHAM GP,14912751,"306,338.68",,
Department of Health,NHS Rotherham CCG,30/11/2016,C&M-PMS DES Learn Dsblty Hlth Chk,PRC DELEGATED CO-COMMISSIONING,NHS ROTHERHAM GP,14912751,"3,132.00",,
Department of Health,NHS Rotherham CCG,30/11/2016,C&M-PMS Out of Hours Opt Outs,PRC DELEGATED CO-COMMISSIONING,NHS ROTHERHAM GP,14912751,"-7,533.33",,
Department of Health,NHS Rotherham CCG,30/11/2016,C&M-PMS PCO Locum Adop/Pat/Mat,PRC DELEGATED CO-COMMISSIONING,NHS ROTHERHAM GP,14912751,"5,780.60",,
Department of Health,NHS Rotherham CCG,30/11/2016,C&M-PMS Prem Actual Rent,PRC DELEGATED CO-COMMISSIONING,NHS ROTHERHAM GP,14912751,"12,510.33",,
Department of Health,NHS Rotherham CCG,30/11/2016,C&M-PMS Prem Notional Rent,PRC DELEGATED CO-COMMISSIONING,NHS ROTHERHAM GP,14912751,"7,078.33",,
Department of Health,NHS Rotherham CCG,30/11/2016,C&M-PMS QOF Aspiration,PRC DELEGATED CO-COMMISSIONING,NHS ROTHERHAM GP,14912751,"18,698.43",,
Department of Health,NHS Rotherham CCG,30/11/2016,C&M-PMS Cost of Drugs -Dispensing,LOCAL ENHANCED SERVICES,NHS ROTHERHAM GP,15140069,"65,825.86",,
Department of Health,NHS Rotherham CCG,30/11/2016,C&M-PMS Prof fees Dispensing,PRC DELEGATED CO-COMMISSIONING,NHS ROTHERHAM GP,15140069,"6,922.75",,
Department of Health,NHS Rotherham CCG,30/11/2016,C&M-PMS Prsc Chrgs Cll&Rmttd by GPs,LOCAL ENHANCED SERVICES,NHS ROTHERHAM GP,15140069,"1,066.80",,
Department of Health,NHS Rotherham CCG,30/11/2016,C&M-GMS DES Minor Surgery,PRC DELEGATED CO-COMMISSIONING,NHS ROTHERHAM GP,15125042,"16,579.18",,
Department of Health,NHS Rotherham CCG,30/11/2016,C&M-GMS DES UNPLANNED ADMISSIONS,PRC DELEGATED CO-COMMISSIONING,NHS ROTHERHAM GP,15125042,"8,707.93",,
Department of Health,NHS Rotherham CCG,30/11/2016,C&M-GMS Global Sum,PRC DELEGATED CO-COMMISSIONING,NHS ROTHERHAM GP,15125042,"76,121.80",,
Department of Health,NHS Rotherham CCG,30/11/2016,C&M-GMS MPIG Correction Factor,PRC DELEGATED CO-COMMISSIONING,NHS ROTHERHAM GP,15125042,"4,345.76",,
Department of Health,NHS Rotherham CCG,30/11/2016,C&M-GMS Prem Cost Rent,PRC DELEGATED CO-COMMISSIONING,NHS ROTHERHAM GP,15125042,762.92,,
Department of Health,NHS Rotherham CCG,30/11/2016,C&M-GMS Prem Notional Rent,PRC DELEGATED CO-COMMISSIONING,NHS ROTHERHAM GP,15125042,"8,908.34",,
Department of Health,NHS Rotherham CCG,30/11/2016,C&M-GMS Prem Rates,PRC DELEGATED CO-COMMISSIONING,NHS ROTHERHAM GP,15125042,"1,255.08",,
Department of Health,NHS Rotherham CCG,30/11/2016,C&M-GMS Prem Water Rates,PRC DELEGATED CO-COMMISSIONING,NHS ROTHERHAM GP,15125042,242.81,,
Department of Health,NHS Rotherham CCG,30/11/2016,C&M-GMS QOF Aspiration,PRC DELEGATED CO-COMMISSIONING,NHS ROTHERHAM GP,15125042,"8,569.45",,
Department of Health,NHS Rotherham CCG,30/11/2016,C&M-GMS Cost of Drugs -Dispensing,LOCAL ENHANCED SERVICES,NHS ROTHERHAM GP,15140074,"31,788.82",,
Department of Health,NHS Rotherham CCG,30/11/2016,C&M-GMS Prof Fees Dispensing,PRC DELEGATED CO-COMMISSIONING,NHS ROTHERHAM GP,15140074,"4,508.57",,
Department of Health,NHS Rotherham CCG,30/11/2016,C&M-GMS PrscrptnChrgsColl&RmttdbyGP,LOCAL ENHANCED SERVICES,NHS ROTHERHAM GP,15140074,277.2,,
Department of Health,NHS Rotherham CCG,30/11/2016,C&M-PMS Contract Value,PRC DELEGATED CO-COMMISSIONING,NHS ROTHERHAM GP,14912756,"-92,625.92",,
Department of Health,NHS Rotherham CCG,30/11/2016,C&M-PMS GP Statutory Levy,PRC DELEGATED CO-COMMISSIONING,NHS ROTHERHAM GP,14912756,-369.59,,
Department of Health,NHS Rotherham CCG,30/11/2016,C&M-PMS Out of Hours Opt Outs,PRC DELEGATED CO-COMMISSIONING,NHS ROTHERHAM GP,14912756,-138.31,,
Department of Health,NHS Rotherham CCG,30/11/2016,C&M-PMS Voluntary Levy,PRC DELEGATED CO-COMMISSIONING,NHS ROTHERHAM GP,14912756,-54.4,,
Department of Health,NHS Rotherham CCG,30/11/2016,ME-PMS GP Pension EEs-PMS,PRC DELEGATED CO-COMMISSIONING,NHS ROTHERHAM GP,14912756,"-4,398.48",,
Department of Health,NHS Rotherham CCG,30/11/2016,ME-PMS GP Pension ERs Adjs - PMS,PRC DELEGATED CO-COMMISSIONING,NHS ROTHERHAM GP,14912756,"-4,763.45",,
Department of Health,NHS Rotherham CCG,30/11/2016,C&M-PMS Baseline Adjustment,PRC DELEGATED CO-COMMISSIONING,NHS ROTHERHAM GP,14912757,"5,859.17",,
Department of Health,NHS Rotherham CCG,30/11/2016,C&M-PMS Contract Value,PRC DELEGATED CO-COMMISSIONING,NHS ROTHERHAM GP,14912757,"189,417.87",,
Department of Health,NHS Rotherham CCG,30/11/2016,C&M-PMS Out of Hours Opt Outs,PRC DELEGATED CO-COMMISSIONING,NHS ROTHERHAM GP,14912757,"-4,613.08",,
Department of Health,NHS Rotherham CCG,30/11/2016,C&M-PMS Prem Notional Rent,PRC DELEGATED CO-COMMISSIONING,NHS ROTHERHAM GP,14912757,"8,664.09",,
Department of Health,NHS Rotherham CCG,30/11/2016,C&M-PMS Prem Rates,PRC DELEGATED CO-COMMISSIONING,NHS ROTHERHAM GP,14912757,"1,464.10",,
Department of Health,NHS Rotherham CCG,30/11/2016,C&M-PMS QOF Aspiration,PRC DELEGATED CO-COMMISSIONING,NHS ROTHERHAM GP,14912757,"9,632.80",,
Department of Health,NHS Rotherham CCG,30/11/2016,C&M-PMS Contract Value,PRC DELEGATED CO-COMMISSIONING,NHS ROTHERHAM GP,14912754,"-132,253.48",,
Department of Health,NHS Rotherham CCG,30/11/2016,C&M-PMS GP Statutory Levy,PRC DELEGATED CO-COMMISSIONING,NHS ROTHERHAM GP,14912754,-505.35,,
Department of Health,NHS Rotherham CCG,30/11/2016,C&M-PMS Out of Hours Opt Outs,PRC DELEGATED CO-COMMISSIONING,NHS ROTHERHAM GP,14912754,-129.99,,
Department of Health,NHS Rotherham CCG,30/11/2016,C&M-PMS Voluntary Levy,PRC DELEGATED CO-COMMISSIONING,NHS ROTHERHAM GP,14912754,-74.38,,
Department of Health,NHS Rotherham CCG,30/11/2016,ME - PMS TPS Added Years Adj EEs,PRC DELEGATED CO-COMMISSIONING,NHS ROTHERHAM GP,14912754,-176.27,,
Department of Health,NHS Rotherham CCG,30/11/2016,ME-PMS GP Pension EEs-PMS,PRC DELEGATED CO-COMMISSIONING,NHS ROTHERHAM GP,14912754,"-10,647.27",,
Department of Health,NHS Rotherham CCG,30/11/2016,ME-PMS GP Pension ERs Adjs - PMS,PRC DELEGATED CO-COMMISSIONING,NHS ROTHERHAM GP,14912754,"-11,304.44",,
Department of Health,NHS Rotherham CCG,30/11/2016,C&M-PMS Baseline Adjustment,PRC DELEGATED CO-COMMISSIONING,NHS ROTHERHAM GP,14912755,"2,224.17",,
Department of Health,NHS Rotherham CCG,30/11/2016,C&M-PMS Contract Value,PRC DELEGATED CO-COMMISSIONING,NHS ROTHERHAM GP,14912755,"274,217.33",,
Department of Health,NHS Rotherham CCG,30/11/2016,C&M-PMS Out of Hours Opt Outs,PRC DELEGATED CO-COMMISSIONING,NHS ROTHERHAM GP,14912755,"-6,823.03",,
Department of Health,NHS Rotherham CCG,30/11/2016,C&M-PMS Prem Actual Rent,PRC DELEGATED CO-COMMISSIONING,NHS ROTHERHAM GP,14912755,550,,
Department of Health,NHS Rotherham CCG,30/11/2016,C&M-PMS Prem Healthcentre Rent,PRC DELEGATED CO-COMMISSIONING,NHS ROTHERHAM GP,14912755,800.33,,
Department of Health,NHS Rotherham CCG,30/11/2016,C&M-PMS Prem Notional Rent,PRC DELEGATED CO-COMMISSIONING,NHS ROTHERHAM GP,14912755,"21,023.33",,
Department of Health,NHS Rotherham CCG,30/11/2016,C&M-PMS QOF Aspiration,PRC DELEGATED CO-COMMISSIONING,NHS ROTHERHAM GP,14912755,"14,434.23",,
Department of Health,NHS Rotherham CCG,30/11/2016,C&M-PMS Contract Value,PRC DELEGATED CO-COMMISSIONING,NHS ROTHERHAM GP,14912780,"-49,600.35",,
Department of Health,NHS Rotherham CCG,30/11/2016,C&M-PMS GP Statutory Levy,PRC DELEGATED CO-COMMISSIONING,NHS ROTHERHAM GP,14912780,-199.39,,
Department of Health,NHS Rotherham CCG,30/11/2016,C&M-PMS Out of Hours Opt Outs,PRC DELEGATED CO-COMMISSIONING,NHS ROTHERHAM GP,14912780,-48.29,,
Department of Health,NHS Rotherham CCG,30/11/2016,C&M-PMS Voluntary Levy,PRC DELEGATED CO-COMMISSIONING,NHS ROTHERHAM GP,14912780,-29.35,,
Department of Health,NHS Rotherham CCG,30/11/2016,ME - PMS TPS Added Years Adj EEs,PRC DELEGATED CO-COMMISSIONING,NHS ROTHERHAM GP,14912780,-959.75,,
Department of Health,NHS Rotherham CCG,30/11/2016,ME-PMS GP Pension EEs-PMS,PRC DELEGATED CO-COMMISSIONING,NHS ROTHERHAM GP,14912780,"-5,243.33",,
Department of Health,NHS Rotherham CCG,30/11/2016,ME-PMS GP Pension ERs Adjs - PMS,PRC DELEGATED CO-COMMISSIONING,NHS ROTHERHAM GP,14912780,"-5,481.67",,
Department of Health,NHS Rotherham CCG,30/11/2016,C&M-PMS Baseline Adjustment,PRC DELEGATED CO-COMMISSIONING,NHS ROTHERHAM GP,14912781,"2,001.08",,
Department of Health,NHS Rotherham CCG,30/11/2016,C&M-PMS Contract Value,PRC DELEGATED CO-COMMISSIONING,NHS ROTHERHAM GP,14912781,"101,903.98",,
Department of Health,NHS Rotherham CCG,30/11/2016,C&M-PMS Out of Hours Opt Outs,PRC DELEGATED CO-COMMISSIONING,NHS ROTHERHAM GP,14912781,"-2,516.55",,
Department of Health,NHS Rotherham CCG,30/11/2016,C&M-PMS Prem Healthcentre Rent,PRC DELEGATED CO-COMMISSIONING,NHS ROTHERHAM GP,14912781,"3,519.83",,
Department of Health,NHS Rotherham CCG,30/11/2016,C&M-PMS QOF Aspiration,PRC DELEGATED CO-COMMISSIONING,NHS ROTHERHAM GP,14912781,"5,943.66",,
Department of Health,NHS Rotherham CCG,30/11/2016,C&M-GMS Global Sum,PRC DELEGATED CO-COMMISSIONING,NHS ROTHERHAM GP,15125044,"23,252.71",,
Department of Health,NHS Rotherham CCG,30/11/2016,C&M-GMS MPIG Correction Factor,PRC DELEGATED CO-COMMISSIONING,NHS ROTHERHAM GP,15125044,179.98,,
Department of Health,NHS Rotherham CCG,30/11/2016,C&M-GMS Prem Healthcentre Rent,PRC DELEGATED CO-COMMISSIONING,NHS ROTHERHAM GP,15125044,"2,589.50",,
Department of Health,NHS Rotherham CCG,30/11/2016,C&M-GMS QOF Aspiration,PRC DELEGATED CO-COMMISSIONING,NHS ROTHERHAM GP,15125044,"2,946.12",,
Department of Health,NHS Rotherham CCG,30/11/2016,C&M-PMS Baseline Adjustment,PRC DELEGATED CO-COMMISSIONING,NHS ROTHERHAM GP,14912759,"1,475.67",,
Department of Health,NHS Rotherham CCG,30/11/2016,C&M-PMS Contract Value,PRC DELEGATED CO-COMMISSIONING,NHS ROTHERHAM GP,14912759,"33,655.84",,
Department of Health,NHS Rotherham CCG,30/11/2016,C&M-PMS Out of Hours Opt Outs,PRC DELEGATED CO-COMMISSIONING,NHS ROTHERHAM GP,14912759,-810.37,,
Department of Health,NHS Rotherham CCG,30/11/2016,C&M-PMS Prem Other,PRC DELEGATED CO-COMMISSIONING,NHS ROTHERHAM GP,14912759,"5,755.21",,
Department of Health,NHS Rotherham CCG,30/11/2016,C&M-PMS Prem Rates,PRC DELEGATED CO-COMMISSIONING,NHS ROTHERHAM GP,14912759,797.27,,
Department of Health,NHS Rotherham CCG,30/11/2016,C&M-PMS QOF Aspiration,PRC DELEGATED CO-COMMISSIONING,NHS ROTHERHAM GP,14912759,"1,482.48",,
Department of Health,NHS Rotherham CCG,30/11/2016,C&M-PMS Baseline Adjustment,PRC DELEGATED CO-COMMISSIONING,NHS ROTHERHAM GP,14912761,"1,917.67",,
Department of Health,NHS Rotherham CCG,30/11/2016,C&M-PMS Contract Value,PRC DELEGATED CO-COMMISSIONING,NHS ROTHERHAM GP,14912761,"26,985.42",,
Department of Health,NHS Rotherham CCG,30/11/2016,C&M-PMS Prem Notional Rent,PRC DELEGATED CO-COMMISSIONING,NHS ROTHERHAM GP,14912761,"1,091.67",,
Department of Health,NHS Rotherham CCG,30/11/2016,C&M-PMS QOF Aspiration,PRC DELEGATED CO-COMMISSIONING,NHS ROTHERHAM GP,14912761,"1,134.95",,
Department of Health,NHS Rotherham CCG,30/11/2016,C&M-PMS Contract Value,PRC DELEGATED CO-COMMISSIONING,NHS ROTHERHAM GP,14912762,"-25,464.42",,
Department of Health,NHS Rotherham CCG,30/11/2016,C&M-PMS GP Statutory Levy,PRC DELEGATED CO-COMMISSIONING,NHS ROTHERHAM GP,14912762,-95.56,,
Department of Health,NHS Rotherham CCG,30/11/2016,C&M-PMS Out of Hours Opt Outs,PRC DELEGATED CO-COMMISSIONING,NHS ROTHERHAM GP,14912762,-71.5,,
Department of Health,NHS Rotherham CCG,30/11/2016,C&M-PMS Voluntary Levy,PRC DELEGATED CO-COMMISSIONING,NHS ROTHERHAM GP,14912762,-14.07,,
Department of Health,NHS Rotherham CCG,30/11/2016,ME-PMS GP Pension EEs-PMS,PRC DELEGATED CO-COMMISSIONING,NHS ROTHERHAM GP,14912762,"-2,524.17",,
Department of Health,NHS Rotherham CCG,30/11/2016,ME-PMS GP Pension ERs Adjs - PMS,PRC DELEGATED CO-COMMISSIONING,NHS ROTHERHAM GP,14912762,"-2,574.00",,
Department of Health,NHS Rotherham CCG,30/11/2016,C&M-PMS Baseline Adjustment,PRC DELEGATED CO-COMMISSIONING,NHS ROTHERHAM GP,14912763,"3,416.50",,
Department of Health,NHS Rotherham CCG,30/11/2016,C&M-PMS Contract Value,PRC DELEGATED CO-COMMISSIONING,NHS ROTHERHAM GP,14912763,"50,657.54",,
Department of Health,NHS Rotherham CCG,30/11/2016,C&M-PMS Out of Hours Opt Outs,PRC DELEGATED CO-COMMISSIONING,NHS ROTHERHAM GP,14912763,"-1,165.25",,
Department of Health,NHS Rotherham CCG,30/11/2016,C&M-PMS Prem Notional Rent,PRC DELEGATED CO-COMMISSIONING,NHS ROTHERHAM GP,14912763,"3,100.00",,
Department of Health,NHS Rotherham CCG,30/11/2016,C&M-PMS Prem Rates,PRC DELEGATED CO-COMMISSIONING,NHS ROTHERHAM GP,14912763,"1,118.25",,
Department of Health,NHS Rotherham CCG,30/11/2016,C&M-PMS QOF Aspiration,PRC DELEGATED CO-COMMISSIONING,NHS ROTHERHAM GP,14912763,"2,456.66",,
Department of Health,NHS Rotherham CCG,30/11/2016,C&M-PMS Contract Value,PRC DELEGATED CO-COMMISSIONING,NHS ROTHERHAM GP,14912770,"-48,244.57",,
Department of Health,NHS Rotherham CCG,30/11/2016,C&M-PMS GP Statutory Levy,PRC DELEGATED CO-COMMISSIONING,NHS ROTHERHAM GP,14912770,-174.57,,
Department of Health,NHS Rotherham CCG,30/11/2016,C&M-PMS Out of Hours Opt Outs,PRC DELEGATED CO-COMMISSIONING,NHS ROTHERHAM GP,14912770,-34.54,,
Department of Health,NHS Rotherham CCG,30/11/2016,ME-PMS GP Pension EEs-PMS,PRC DELEGATED CO-COMMISSIONING,NHS ROTHERHAM GP,14912770,"-3,258.33",,
Department of Health,NHS Rotherham CCG,30/11/2016,ME-PMS GP Pension ERs Adjs - PMS,PRC DELEGATED CO-COMMISSIONING,NHS ROTHERHAM GP,14912770,"-3,336.67",,
Department of Health,NHS Rotherham CCG,30/11/2016,C&M-PMS Baseline Adjustment,PRC DELEGATED CO-COMMISSIONING,NHS ROTHERHAM GP,14912771,"3,359.25",,
Department of Health,NHS Rotherham CCG,30/11/2016,C&M-PMS Contract Value,PRC DELEGATED CO-COMMISSIONING,NHS ROTHERHAM GP,14912771,"96,481.28",,
Department of Health,NHS Rotherham CCG,30/11/2016,C&M-PMS Out of Hours Opt Outs,PRC DELEGATED CO-COMMISSIONING,NHS ROTHERHAM GP,14912771,"-2,327.50",,
Department of Health,NHS Rotherham CCG,30/11/2016,C&M-PMS Prem Notional Rent,PRC DELEGATED CO-COMMISSIONING,NHS ROTHERHAM GP,14912771,"5,791.67",,
Department of Health,NHS Rotherham CCG,30/11/2016,C&M-PMS Prem Rates,PRC DELEGATED CO-COMMISSIONING,NHS ROTHERHAM GP,14912771,"1,113.20",,
Department of Health,NHS Rotherham CCG,30/11/2016,C&M-PMS QOF Aspiration,PRC DELEGATED CO-COMMISSIONING,NHS ROTHERHAM GP,14912771,"5,137.97",,
Department of Health,NHS Rotherham CCG,30/11/2016,C&M-PMS Contract Value,PRC DELEGATED CO-COMMISSIONING,NHS ROTHERHAM GP,14912772,"-45,994.26",,
Department of Health,NHS Rotherham CCG,30/11/2016,C&M-PMS GP Statutory Levy,PRC DELEGATED CO-COMMISSIONING,NHS ROTHERHAM GP,14912772,-182.39,,
Department of Health,NHS Rotherham CCG,30/11/2016,C&M-PMS Out of Hours Opt Outs,PRC DELEGATED CO-COMMISSIONING,NHS ROTHERHAM GP,14912772,-33.93,,
Department of Health,NHS Rotherham CCG,30/11/2016,C&M-PMS Voluntary Levy,PRC DELEGATED CO-COMMISSIONING,NHS ROTHERHAM GP,14912772,-26.85,,
Department of Health,NHS Rotherham CCG,30/11/2016,ME-PMS GP Pension EEs-PMS,PRC DELEGATED CO-COMMISSIONING,NHS ROTHERHAM GP,14912772,"-4,070.10",,
Department of Health,NHS Rotherham CCG,30/11/2016,ME-PMS GP Pension ERs Adjs - PMS,PRC DELEGATED CO-COMMISSIONING,NHS ROTHERHAM GP,14912772,"-4,154.70",,
Department of Health,NHS Rotherham CCG,30/11/2016,C&M-PMS Baseline Adjustment,PRC DELEGATED CO-COMMISSIONING,NHS ROTHERHAM GP,14936065,"2,335.92",,
Department of Health,NHS Rotherham CCG,30/11/2016,C&M-PMS Contract Value,PRC DELEGATED CO-COMMISSIONING,NHS ROTHERHAM GP,14936065,"93,838.75",,
Department of Health,NHS Rotherham CCG,30/11/2016,C&M-PMS DES Learn Dsblty Hlth Chk,PRC DELEGATED CO-COMMISSIONING,NHS ROTHERHAM GP,14936065,580,,
Department of Health,NHS Rotherham CCG,30/11/2016,C&M-PMS Out of Hours Opt Outs,PRC DELEGATED CO-COMMISSIONING,NHS ROTHERHAM GP,14936065,"-2,311.43",,
Department of Health,NHS Rotherham CCG,30/11/2016,C&M-PMS Prem Healthcentre Rent,PRC DELEGATED CO-COMMISSIONING,NHS ROTHERHAM GP,14936065,"3,977.17",,
Department of Health,NHS Rotherham CCG,30/11/2016,C&M-PMS QOF Aspiration,PRC DELEGATED CO-COMMISSIONING,NHS ROTHERHAM GP,14936065,"5,703.41",,
Department of Health,NHS Rotherham CCG,30/11/2016,ME - PMS GP Prior Year ERs,PRC DELEGATED CO-COMMISSIONING,NHS ROTHERHAM GP,14936065,"4,179.15",,
Department of Health,NHS Rotherham CCG,30/11/2016,ME-PMS GP Prior Year AVCs,PRC DELEGATED CO-COMMISSIONING,NHS ROTHERHAM GP,14936065,"1,753.48",,
Department of Health,NHS Rotherham CCG,30/11/2016,ME-PMS GP Prior Year EEs,PRC DELEGATED CO-COMMISSIONING,NHS ROTHERHAM GP,14936065,"4,237.59",,
Department of Health,NHS Rotherham CCG,30/11/2016,C&M-GMS Global Sum,PRC DELEGATED CO-COMMISSIONING,NHS ROTHERHAM GP,15125046,"65,118.31",,
Department of Health,NHS Rotherham CCG,30/11/2016,C&M-GMS Prem Notional Rent,PRC DELEGATED CO-COMMISSIONING,NHS ROTHERHAM GP,15125046,"5,542.75",,
Department of Health,NHS Rotherham CCG,30/11/2016,C&M-GMS Prem Rates,PRC DELEGATED CO-COMMISSIONING,NHS ROTHERHAM GP,15125046,755.85,,
Department of Health,NHS Rotherham CCG,30/11/2016,C&M-GMS Prem Water Rates,PRC DELEGATED CO-COMMISSIONING,NHS ROTHERHAM GP,15125046,240.04,,
Department of Health,NHS Rotherham CCG,30/11/2016,C&M-GMS QOF Aspiration,PRC DELEGATED CO-COMMISSIONING,NHS ROTHERHAM GP,15125046,"8,078.68",,
Department of Health,NHS Rotherham CCG,30/11/2016,C&M-GMS DES Learn Dsblty Hlth Chk,PRC DELEGATED CO-COMMISSIONING,NHS ROTHERHAM GP,15125048,"1,740.00",,
Department of Health,NHS Rotherham CCG,30/11/2016,C&M-GMS DES Minor Surgery,PRC DELEGATED CO-COMMISSIONING,NHS ROTHERHAM GP,15125048,"2,003.14",,
Department of Health,NHS Rotherham CCG,30/11/2016,C&M-GMS Global Sum,PRC DELEGATED CO-COMMISSIONING,NHS ROTHERHAM GP,15125048,"26,903.82",,
Department of Health,NHS Rotherham CCG,30/11/2016,C&M-GMS Prem Healthcentre Rent,PRC DELEGATED CO-COMMISSIONING,NHS ROTHERHAM GP,15125048,"4,223.62",,
Department of Health,NHS Rotherham CCG,30/11/2016,C&M-GMS QOF Aspiration,PRC DELEGATED CO-COMMISSIONING,NHS ROTHERHAM GP,15125048,"1,847.00",,
Department of Health,NHS Rotherham CCG,30/11/2016,C&M-PMS Contract Value,PRC DELEGATED CO-COMMISSIONING,NHS ROTHERHAM GP,14912766,"-48,171.66",,
Department of Health,NHS Rotherham CCG,30/11/2016,C&M-PMS GP Statutory Levy,PRC DELEGATED CO-COMMISSIONING,NHS ROTHERHAM GP,14912766,-205.51,,
Department of Health,NHS Rotherham CCG,30/11/2016,C&M-PMS Out of Hours Opt Outs,PRC DELEGATED CO-COMMISSIONING,NHS ROTHERHAM GP,14912766,-111.58,,
Department of Health,NHS Rotherham CCG,30/11/2016,C&M-PMS Voluntary Levy,PRC DELEGATED CO-COMMISSIONING,NHS ROTHERHAM GP,14912766,-30.25,,
Department of Health,NHS Rotherham CCG,30/11/2016,ME - PMS TPS Added Years Adj EEs,PRC DELEGATED CO-COMMISSIONING,NHS ROTHERHAM GP,14912766,-219.2,,
Department of Health,NHS Rotherham CCG,30/11/2016,ME-PMS GP Pension EEs-PMS,PRC DELEGATED CO-COMMISSIONING,NHS ROTHERHAM GP,14912766,"-4,842.92",,
Department of Health,NHS Rotherham CCG,30/11/2016,ME-PMS GP Pension ERs Adjs - PMS,PRC DELEGATED CO-COMMISSIONING,NHS ROTHERHAM GP,14912766,"-5,183.75",,
Department of Health,NHS Rotherham CCG,30/11/2016,C&M-PMS Contract Value,PRC DELEGATED CO-COMMISSIONING,NHS ROTHERHAM GP,14912767,"102,828.18",,
Department of Health,NHS Rotherham CCG,30/11/2016,C&M-PMS Out of Hours Opt Outs,PRC DELEGATED CO-COMMISSIONING,NHS ROTHERHAM GP,14912767,"-2,714.92",,
Department of Health,NHS Rotherham CCG,30/11/2016,C&M-PMS Prem Notional Rent,PRC DELEGATED CO-COMMISSIONING,NHS ROTHERHAM GP,14912767,"3,966.67",,
Department of Health,NHS Rotherham CCG,30/11/2016,C&M-PMS Prem Rates,PRC DELEGATED CO-COMMISSIONING,NHS ROTHERHAM GP,14912767,847,,
Department of Health,NHS Rotherham CCG,30/11/2016,C&M-PMS QOF Aspiration,PRC DELEGATED CO-COMMISSIONING,NHS ROTHERHAM GP,14912767,"5,777.09",,
Department of Health,NHS Rotherham CCG,30/11/2016,C&M-PMS Baseline Adjustment,PRC DELEGATED CO-COMMISSIONING,NHS ROTHERHAM GP,14912769,"2,966.67",,
Department of Health,NHS Rotherham CCG,30/11/2016,C&M-PMS Contract Value,PRC DELEGATED CO-COMMISSIONING,NHS ROTHERHAM GP,14912769,"24,084.48",,
Department of Health,NHS Rotherham CCG,30/11/2016,C&M-PMS DES UNPLANNED ADMISSIONS,PRC DELEGATED CO-COMMISSIONING,NHS ROTHERHAM GP,14912769,"2,034.90",,
Department of Health,NHS Rotherham CCG,30/11/2016,C&M-PMS Out of Hours Opt Outs,PRC DELEGATED CO-COMMISSIONING,NHS ROTHERHAM GP,14912769,-522.67,,
Department of Health,NHS Rotherham CCG,30/11/2016,C&M-PMS Prem Notional Rent,PRC DELEGATED CO-COMMISSIONING,NHS ROTHERHAM GP,14912769,"2,016.67",,
Department of Health,NHS Rotherham CCG,30/11/2016,C&M-PMS QOF Aspiration,PRC DELEGATED CO-COMMISSIONING,NHS ROTHERHAM GP,14912769,"1,349.16",,
Department of Health,NHS Rotherham CCG,30/11/2016,C&M-PMS Contract Value,PRC DELEGATED CO-COMMISSIONING,NHS ROTHERHAM GP,14918054,"-43,455.67",,
Department of Health,NHS Rotherham CCG,30/11/2016,C&M-PMS GP Statutory Levy,PRC DELEGATED CO-COMMISSIONING,NHS ROTHERHAM GP,14918054,-166.13,,
Department of Health,NHS Rotherham CCG,30/11/2016,C&M-PMS Out of Hours Opt Outs,PRC DELEGATED CO-COMMISSIONING,NHS ROTHERHAM GP,14918054,-50.94,,
Department of Health,NHS Rotherham CCG,30/11/2016,C&M-PMS Prem Rates,PRC DELEGATED CO-COMMISSIONING,NHS ROTHERHAM GP,14918054,-258.32,,
Department of Health,NHS Rotherham CCG,30/11/2016,C&M-PMS Voluntary Levy,PRC DELEGATED CO-COMMISSIONING,NHS ROTHERHAM GP,14918054,-24.45,,
Department of Health,NHS Rotherham CCG,30/11/2016,ME-PMS GP Pension EEs-PMS,PRC DELEGATED CO-COMMISSIONING,NHS ROTHERHAM GP,14918054,"-5,705.53",,
Department of Health,NHS Rotherham CCG,30/11/2016,ME-PMS GP Pension ERs Adjs - PMS,PRC DELEGATED CO-COMMISSIONING,NHS ROTHERHAM GP,14918054,"-6,117.92",,
Department of Health,NHS Rotherham CCG,30/11/2016,C&M-PMS Baseline Adjustment,PRC DELEGATED CO-COMMISSIONING,NHS ROTHERHAM GP,14918059,786.5,,
Department of Health,NHS Rotherham CCG,30/11/2016,C&M-PMS Contract Value,PRC DELEGATED CO-COMMISSIONING,NHS ROTHERHAM GP,14918059,"90,723.60",,
Department of Health,NHS Rotherham CCG,30/11/2016,C&M-PMS Out of Hours Opt Outs,PRC DELEGATED CO-COMMISSIONING,NHS ROTHERHAM GP,14918059,"-2,268.75",,
Department of Health,NHS Rotherham CCG,30/11/2016,C&M-PMS Prem Notional Rent,PRC DELEGATED CO-COMMISSIONING,NHS ROTHERHAM GP,14918059,"3,500.00",,
Department of Health,NHS Rotherham CCG,30/11/2016,C&M-PMS Prem Rates,PRC DELEGATED CO-COMMISSIONING,NHS ROTHERHAM GP,14918059,463.83,,
Department of Health,NHS Rotherham CCG,30/11/2016,C&M-PMS QOF Aspiration,PRC DELEGATED CO-COMMISSIONING,NHS ROTHERHAM GP,14918059,"4,979.63",,
Department of Health,NHS Rotherham CCG,30/11/2016,C&M-PMS Contract Value,PRC DELEGATED CO-COMMISSIONING,NHS ROTHERHAM GP,14918065,"-57,675.16",,
Department of Health,NHS Rotherham CCG,30/11/2016,C&M-PMS GP Statutory Levy,PRC DELEGATED CO-COMMISSIONING,NHS ROTHERHAM GP,14918065,-224.49,,
Department of Health,NHS Rotherham CCG,30/11/2016,C&M-PMS Out of Hours Opt Outs,PRC DELEGATED CO-COMMISSIONING,NHS ROTHERHAM GP,14918065,-87.16,,
Department of Health,NHS Rotherham CCG,30/11/2016,C&M-PMS Voluntary Levy,PRC DELEGATED CO-COMMISSIONING,NHS ROTHERHAM GP,14918065,-33.04,,
Department of Health,NHS Rotherham CCG,30/11/2016,ME-PMS GP Pension EEs-PMS,PRC DELEGATED CO-COMMISSIONING,NHS ROTHERHAM GP,14918065,"-2,986.08",,
Department of Health,NHS Rotherham CCG,30/11/2016,ME-PMS GP Pension ERs Adjs - PMS,PRC DELEGATED CO-COMMISSIONING,NHS ROTHERHAM GP,14918065,"-3,221.47",,
Department of Health,NHS Rotherham CCG,30/11/2016,C&M-PMS Baseline Adjustment,PRC DELEGATED CO-COMMISSIONING,NHS ROTHERHAM GP,14918071,"1,872.00",,
Department of Health,NHS Rotherham CCG,30/11/2016,C&M-PMS Contract Value,PRC DELEGATED CO-COMMISSIONING,NHS ROTHERHAM GP,14918071,"119,888.30",,
Department of Health,NHS Rotherham CCG,30/11/2016,C&M-PMS Out of Hours Opt Outs,PRC DELEGATED CO-COMMISSIONING,NHS ROTHERHAM GP,14918071,"-2,965.92",,
Department of Health,NHS Rotherham CCG,30/11/2016,C&M-PMS Prem Healthcentre Rent,PRC DELEGATED CO-COMMISSIONING,NHS ROTHERHAM GP,14918071,474.67,,
Department of Health,NHS Rotherham CCG,30/11/2016,C&M-PMS Prem Notional Rent,PRC DELEGATED CO-COMMISSIONING,NHS ROTHERHAM GP,14918071,"3,250.00",,
Department of Health,NHS Rotherham CCG,30/11/2016,C&M-PMS Prem Rates,PRC DELEGATED CO-COMMISSIONING,NHS ROTHERHAM GP,14918071,"1,565.55",,
Department of Health,NHS Rotherham CCG,30/11/2016,C&M-PMS Prem Water Rates,PRC DELEGATED CO-COMMISSIONING,NHS ROTHERHAM GP,14918071,131.22,,
Department of Health,NHS Rotherham CCG,30/11/2016,C&M-PMS QOF Aspiration,PRC DELEGATED CO-COMMISSIONING,NHS ROTHERHAM GP,14918071,"5,533.38",,
Department of Health,NHS Rotherham CCG,30/11/2016,C&M-PMS Contract Value,PRC DELEGATED CO-COMMISSIONING,NHS ROTHERHAM GP,14918042,"-40,923.00",,
Department of Health,NHS Rotherham CCG,30/11/2016,C&M-PMS GP Statutory Levy,PRC DELEGATED CO-COMMISSIONING,NHS ROTHERHAM GP,14918042,-183.27,,
Department of Health,NHS Rotherham CCG,30/11/2016,C&M-PMS Out of Hours Opt Outs,PRC DELEGATED CO-COMMISSIONING,NHS ROTHERHAM GP,14918042,-103.07,,
Department of Health,NHS Rotherham CCG,30/11/2016,C&M-PMS Voluntary Levy,PRC DELEGATED CO-COMMISSIONING,NHS ROTHERHAM GP,14918042,-26.98,,
Department of Health,NHS Rotherham CCG,30/11/2016,ME-PMS GP Pension EEs-PMS,PRC DELEGATED CO-COMMISSIONING,NHS ROTHERHAM GP,14918042,"-2,036.75",,
Department of Health,NHS Rotherham CCG,30/11/2016,ME-PMS GP Pension ERs Adjs - PMS,PRC DELEGATED CO-COMMISSIONING,NHS ROTHERHAM GP,14918042,"-2,276.08",,
Department of Health,NHS Rotherham CCG,30/11/2016,C&M-PMS Baseline Adjustment,PRC DELEGATED CO-COMMISSIONING,NHS ROTHERHAM GP,14918048,"2,452.42",,
Department of Health,NHS Rotherham CCG,30/11/2016,C&M-PMS Contract Value,PRC DELEGATED CO-COMMISSIONING,NHS ROTHERHAM GP,14918048,"84,646.32",,
Department of Health,NHS Rotherham CCG,30/11/2016,C&M-PMS DES UNPLANNED ADMISSIONS,PRC DELEGATED CO-COMMISSIONING,NHS ROTHERHAM GP,14918048,"8,417.57",,
Department of Health,NHS Rotherham CCG,30/11/2016,C&M-PMS Out of Hours Opt Outs,PRC DELEGATED CO-COMMISSIONING,NHS ROTHERHAM GP,14918048,"-2,044.92",,
Department of Health,NHS Rotherham CCG,30/11/2016,C&M-PMS Prem Healthcentre Rent,PRC DELEGATED CO-COMMISSIONING,NHS ROTHERHAM GP,14918048,"1,979.17",,
Department of Health,NHS Rotherham CCG,30/11/2016,C&M-PMS QOF Aspiration,PRC DELEGATED CO-COMMISSIONING,NHS ROTHERHAM GP,14918048,"3,800.74",,
Department of Health,NHS Rotherham CCG,30/11/2016,C&M-PMS Contract Value,PRC DELEGATED CO-COMMISSIONING,NHS ROTHERHAM GP,14912764,"-40,070.99",,
Department of Health,NHS Rotherham CCG,30/11/2016,C&M-PMS GP Statutory Levy,PRC DELEGATED CO-COMMISSIONING,NHS ROTHERHAM GP,14912764,-161.91,,
Department of Health,NHS Rotherham CCG,30/11/2016,C&M-PMS Out of Hours Opt Outs,PRC DELEGATED CO-COMMISSIONING,NHS ROTHERHAM GP,14912764,-69.25,,
Department of Health,NHS Rotherham CCG,30/11/2016,C&M-PMS Voluntary Levy,PRC DELEGATED CO-COMMISSIONING,NHS ROTHERHAM GP,14912764,-23.83,,
Department of Health,NHS Rotherham CCG,30/11/2016,ME-PMS GP Pension EEs-PMS,PRC DELEGATED CO-COMMISSIONING,NHS ROTHERHAM GP,14912764,"-1,215.00",,
Department of Health,NHS Rotherham CCG,30/11/2016,ME-PMS GP Pension ERs Adjs - PMS,PRC DELEGATED CO-COMMISSIONING,NHS ROTHERHAM GP,14912764,"-1,287.00",,
Department of Health,NHS Rotherham CCG,30/11/2016,C&M-PMS Baseline Adjustment,PRC DELEGATED CO-COMMISSIONING,NHS ROTHERHAM GP,14912765,"1,277.08",,
Department of Health,NHS Rotherham CCG,30/11/2016,C&M-PMS Contract Value,PRC DELEGATED CO-COMMISSIONING,NHS ROTHERHAM GP,14912765,"83,490.87",,
Department of Health,NHS Rotherham CCG,30/11/2016,C&M-PMS DES UNPLANNED ADMISSIONS,PRC DELEGATED CO-COMMISSIONING,NHS ROTHERHAM GP,14912765,"7,584.99",,
Department of Health,NHS Rotherham CCG,30/11/2016,C&M-PMS Out of Hours Opt Outs,PRC DELEGATED CO-COMMISSIONING,NHS ROTHERHAM GP,14912765,"-2,062.67",,
Department of Health,NHS Rotherham CCG,30/11/2016,C&M-PMS Prem Notional Rent,PRC DELEGATED CO-COMMISSIONING,NHS ROTHERHAM GP,14912765,"7,075.50",,
Department of Health,NHS Rotherham CCG,30/11/2016,C&M-PMS QOF Aspiration,PRC DELEGATED CO-COMMISSIONING,NHS ROTHERHAM GP,14912765,"3,899.47",,
Department of Health,NHS Rotherham CCG,30/11/2016,C&M-PMS Contract Value,PRC DELEGATED CO-COMMISSIONING,NHS ROTHERHAM GP,14912773,"-36,284.62",,
Department of Health,NHS Rotherham CCG,30/11/2016,C&M-PMS GP Statutory Levy,PRC DELEGATED CO-COMMISSIONING,NHS ROTHERHAM GP,14912773,-130.83,,
Department of Health,NHS Rotherham CCG,30/11/2016,C&M-PMS Out of Hours Opt Outs,PRC DELEGATED CO-COMMISSIONING,NHS ROTHERHAM GP,14912773,-40.48,,
Department of Health,NHS Rotherham CCG,30/11/2016,C&M-PMS Voluntary Levy,PRC DELEGATED CO-COMMISSIONING,NHS ROTHERHAM GP,14912773,-19.26,,
Department of Health,NHS Rotherham CCG,30/11/2016,C&M-PMS Baseline Adjustment,PRC DELEGATED CO-COMMISSIONING,NHS ROTHERHAM GP,14912774,"3,219.75",,
Department of Health,NHS Rotherham CCG,30/11/2016,C&M-PMS Contract Value,PRC DELEGATED CO-COMMISSIONING,NHS ROTHERHAM GP,14912774,"72,383.75",,
Department of Health,NHS Rotherham CCG,30/11/2016,C&M-PMS Out of Hours Opt Outs,PRC DELEGATED CO-COMMISSIONING,NHS ROTHERHAM GP,14912774,"-1,727.51",,
Department of Health,NHS Rotherham CCG,30/11/2016,C&M-PMS Prem Notional Rent,PRC DELEGATED CO-COMMISSIONING,NHS ROTHERHAM GP,14912774,"3,020.83",,
Department of Health,NHS Rotherham CCG,30/11/2016,C&M-PMS Prem Rates,PRC DELEGATED CO-COMMISSIONING,NHS ROTHERHAM GP,14912774,454.96,,
Department of Health,NHS Rotherham CCG,30/11/2016,C&M-PMS QOF Aspiration,PRC DELEGATED CO-COMMISSIONING,NHS ROTHERHAM GP,14912774,"2,789.71",,
Department of Health,NHS Rotherham CCG,30/11/2016,C&M-PMS Contract Value,PRC DELEGATED CO-COMMISSIONING,NHS ROTHERHAM GP,14912775,"-65,340.66",,
Department of Health,NHS Rotherham CCG,30/11/2016,C&M-PMS GP Statutory Levy,PRC DELEGATED CO-COMMISSIONING,NHS ROTHERHAM GP,14912775,-278.14,,
Department of Health,NHS Rotherham CCG,30/11/2016,C&M-PMS Out of Hours Opt Outs,PRC DELEGATED CO-COMMISSIONING,NHS ROTHERHAM GP,14912775,-116.33,,
Department of Health,NHS Rotherham CCG,30/11/2016,C&M-PMS Voluntary Levy,PRC DELEGATED CO-COMMISSIONING,NHS ROTHERHAM GP,14912775,-40.94,,
Department of Health,NHS Rotherham CCG,30/11/2016,ME-PMS GP Pension EEs-PMS,PRC DELEGATED CO-COMMISSIONING,NHS ROTHERHAM GP,14912775,"-2,039.58",,
Department of Health,NHS Rotherham CCG,30/11/2016,ME-PMS GP Pension ERs Adjs - PMS,PRC DELEGATED CO-COMMISSIONING,NHS ROTHERHAM GP,14912775,"-2,085.42",,
Department of Health,NHS Rotherham CCG,30/11/2016,C&M-PMS Baseline Adjustment,PRC DELEGATED CO-COMMISSIONING,NHS ROTHERHAM GP,14912776,"3,975.33",,
Department of Health,NHS Rotherham CCG,30/11/2016,C&M-PMS Contract Value,PRC DELEGATED CO-COMMISSIONING,NHS ROTHERHAM GP,14912776,"134,269.11",,
Department of Health,NHS Rotherham CCG,30/11/2016,C&M-PMS Out of Hours Opt Outs,PRC DELEGATED CO-COMMISSIONING,NHS ROTHERHAM GP,14912776,"-3,300.50",,
Department of Health,NHS Rotherham CCG,30/11/2016,C&M-PMS Prem Notional Rent,PRC DELEGATED CO-COMMISSIONING,NHS ROTHERHAM GP,14912776,"6,512.50",,
Department of Health,NHS Rotherham CCG,30/11/2016,C&M-PMS Prem Rates,PRC DELEGATED CO-COMMISSIONING,NHS ROTHERHAM GP,14912776,294.43,,
Department of Health,NHS Rotherham CCG,30/11/2016,C&M-PMS QOF Aspiration,PRC DELEGATED CO-COMMISSIONING,NHS ROTHERHAM GP,14912776,"6,440.53",,
Department of Health,NHS Rotherham CCG,30/11/2016,Prescribing,MEDICINES MANAGEMENT - CLINICAL,NHS ROTHERHAM GP,14938845,"30,331.28",,
Department of Health,NHS Rotherham CCG,30/11/2016,Prescribing,MEDICINES MANAGEMENT - CLINICAL,NHS ROTHERHAM GP,15050378,"26,073.58",,
Department of Health,NHS Rotherham CCG,30/11/2016,C&M-APMS Contract Value,PRC DELEGATED CO-COMMISSIONING,NHS ROTHERHAM GP,14912778,"50,216.58",,
Department of Health,NHS Rotherham CCG,30/11/2016,C&M-APMS DES Violent Patients,PRC DELEGATED CO-COMMISSIONING,NHS ROTHERHAM GP,14912778,690.48,,
Department of Health,NHS Rotherham CCG,30/11/2016,C&M-APMS Prem Other,PRC DELEGATED CO-COMMISSIONING,NHS ROTHERHAM GP,14912778,"5,625.00",,
Department of Health,NHS Rotherham CCG,30/11/2016,C&M-APMS QOF Aspiration,PRC DELEGATED CO-COMMISSIONING,NHS ROTHERHAM GP,14912778,"4,367.72",,
Department of Health,NHS Rotherham CCG,30/11/2016,C&M-PMS Contract Value,PRC DELEGATED CO-COMMISSIONING,NHS ROTHERHAM GP,14912778,"14,675.05",,
Department of Health,NHS Rotherham CCG,30/11/2016,Income tax <1Yr,BALANCE SHEET,HMRC,14981352,"51,624.30",,
Department of Health,NHS Rotherham CCG,30/11/2016,Income tax <1Yr-Student Loans,BALANCE SHEET,HMRC,14981352,105,,
Department of Health,NHS Rotherham CCG,30/11/2016,National Insurance < 1 yr-NI- ERS,BALANCE SHEET,HMRC,14981352,"35,573.57",,
Department of Health,NHS Rotherham CCG,30/11/2016,National Insurance < 1 yr-NI-EES,BALANCE SHEET,HMRC,14981352,"26,433.67",,
Department of Health,NHS Rotherham CCG,30/11/2016,Statutory Mat Pay < 1 yr,BALANCE SHEET,HMRC,14981352,-513.64,,
Department of Health,NHS Rotherham CCG,30/11/2016,Hcare Srv Rec NHS Trust-Non Contract,NCAS/OATS,HULL AND EAST YORKSHIRE HOSPITALS NHS TRUST,14961812,"31,210.00",,
Department of Health,NHS Rotherham CCG,30/11/2016,Chrgs from SLA,BUSINESS INFORMATICS,KIER BUSINESS SERVICES LTD,14938888,"25,954.80",,
Department of Health,NHS Rotherham CCG,30/11/2016,Hcare Srv Rec NHS Trust-Contract Baseline,ACUTE COMMISSIONING,LEEDS TEACHING HOSPITALS NHS TRUST,14818511,"27,335.31",,
Department of Health,NHS Rotherham CCG,30/11/2016,Clinical&Medical-Commercial Sector,LEARNING DIFFICULTIES,LIGHTHOUSE HEALTHCARE,14818467,"31,584.35",,
Department of Health,NHS Rotherham CCG,30/11/2016,C&M-PMS Contract Value,PRC DELEGATED CO-COMMISSIONING,NHS ROTHERHAM GP,14918077,"-83,100.83",,
Department of Health,NHS Rotherham CCG,30/11/2016,C&M-PMS GP Statutory Levy,PRC DELEGATED CO-COMMISSIONING,NHS ROTHERHAM GP,14918077,-308.66,,
Department of Health,NHS Rotherham CCG,30/11/2016,C&M-PMS Out of Hours Opt Outs,PRC DELEGATED CO-COMMISSIONING,NHS ROTHERHAM GP,14918077,-161.6,,
Department of Health,NHS Rotherham CCG,30/11/2016,C&M-PMS Voluntary Levy,PRC DELEGATED CO-COMMISSIONING,NHS ROTHERHAM GP,14918077,-45.43,,
Department of Health,NHS Rotherham CCG,30/11/2016,ME-PMS GP Pension EEs-PMS,PRC DELEGATED CO-COMMISSIONING,NHS ROTHERHAM GP,14918077,"-4,510.23",,
Department of Health,NHS Rotherham CCG,30/11/2016,ME-PMS GP Pension ERs Adjs - PMS,PRC DELEGATED CO-COMMISSIONING,NHS ROTHERHAM GP,14918077,"-4,794.11",,
Department of Health,NHS Rotherham CCG,30/11/2016,C&M-PMS Baseline Adjustment,PRC DELEGATED CO-COMMISSIONING,NHS ROTHERHAM GP,14918082,"6,114.08",,
Department of Health,NHS Rotherham CCG,30/11/2016,C&M-PMS Contract Value,PRC DELEGATED CO-COMMISSIONING,NHS ROTHERHAM GP,14918082,"170,179.57",,
Department of Health,NHS Rotherham CCG,30/11/2016,C&M-PMS Out of Hours Opt Outs,PRC DELEGATED CO-COMMISSIONING,NHS ROTHERHAM GP,14918082,"-4,137.67",,
Department of Health,NHS Rotherham CCG,30/11/2016,C&M-PMS Prem Healthcentre Rent,PRC DELEGATED CO-COMMISSIONING,NHS ROTHERHAM GP,14918082,"1,005.75",,
Department of Health,NHS Rotherham CCG,30/11/2016,C&M-PMS Prem Notional Rent,PRC DELEGATED CO-COMMISSIONING,NHS ROTHERHAM GP,14918082,"7,079.17",,
Department of Health,NHS Rotherham CCG,30/11/2016,C&M-PMS Prem Other,PRC DELEGATED CO-COMMISSIONING,NHS ROTHERHAM GP,14918082,"7,153.13",,
Department of Health,NHS Rotherham CCG,30/11/2016,C&M-PMS Prem Rates,PRC DELEGATED CO-COMMISSIONING,NHS ROTHERHAM GP,14918082,"2,725.93",,
Department of Health,NHS Rotherham CCG,30/11/2016,C&M-PMS QOF Aspiration,PRC DELEGATED CO-COMMISSIONING,NHS ROTHERHAM GP,14918082,"9,110.59",,
Department of Health,NHS Rotherham CCG,30/11/2016,Voids and Subsidies,COMMUNITY SERVICES,NHS PROPERTY SERVICES LTD,14833304,"56,412.72",,
Department of Health,NHS Rotherham CCG,30/11/2016,Voids and Subsidies,COMMUNITY SERVICES,NHS PROPERTY SERVICES LTD,14833308,"55,300.48",,
Department of Health,NHS Rotherham CCG,30/11/2016,Voids and Subsidies,COMMUNITY SERVICES,NHS PROPERTY SERVICES LTD,14833309,"345,639.16",,
Department of Health,NHS Rotherham CCG,30/11/2016,Voids and Subsidies,COMMUNITY SERVICES,NHS PROPERTY SERVICES LTD,14833310,"-528,918.41",,
Department of Health,NHS Rotherham CCG,30/11/2016,Voids and Subsidies,COMMUNITY SERVICES,NHS PROPERTY SERVICES LTD,14833311,"468,422.74",,
Department of Health,NHS Rotherham CCG,30/11/2016,Clinical&Medical-Commercial Sector,ACUTE COMMISSIONING,ONEHEALTH GROUP,15050416,"34,415.55",,
Department of Health,NHS Rotherham CCG,30/11/2016,Hcare Srv Rec Fdtn Trust-Contract Baseline,MENTAL HEALTH CONTRACTS,ROTHERHAM DONCASTER & SOUTH HUMBER MENTAL HEALTH NHS FOUNDATION TRUST,14938920,"2,284,991.42",,
Department of Health,NHS Rotherham CCG,30/11/2016,Hcare Srv Rec Fdtn Trust-Contract Baseline,LEARNING DIFFICULTIES,ROTHERHAM DONCASTER & SOUTH HUMBER MENTAL HEALTH NHS FOUNDATION TRUST,14938922,"185,746.34",,
Department of Health,NHS Rotherham CCG,31/10/2016,Clinical&Medical-Serv Recd-F Trsts,MENTAL HEALTH CONTRACTS,ROTHERHAM DONCASTER & SOUTH HUMBER MENTAL HEALTH NHS FOUNDATION TRUST,14705031,"29,700.00",,74485
Department of Health,NHS Rotherham CCG,30/11/2016,Cont Care- Palliative Care,CHC ADULT FULLY FUNDED,ROTHERHAM HOSPICE TRUST (THE),14852925,"37,072.80",,
Department of Health,NHS Rotherham CCG,30/11/2016,Cont Care- Palliative Care,CHC ADULT FULLY FUNDED,ROTHERHAM HOSPICE TRUST (THE),14852930,"29,304.00",,
Department of Health,NHS Rotherham CCG,30/11/2016,Clinical&Medical-Othe Public Sector,LONG TERM CONDITIONS,ROTHERHAM METROPOLITAN BOROUGH COUNCIL,14852945,"-250,000.00",,
Department of Health,NHS Rotherham CCG,30/11/2016,Clinical&Medical-Othe Public Sector,LONG TERM CONDITIONS,ROTHERHAM METROPOLITAN BOROUGH COUNCIL,14852948,"-80,000.00",,
Department of Health,NHS Rotherham CCG,30/11/2016,Clinical&Medical-Othe Public Sector,LONG TERM CONDITIONS,ROTHERHAM METROPOLITAN BOROUGH COUNCIL,14852951,"-120,000.00",,
Department of Health,NHS Rotherham CCG,30/11/2016,Clinical&Medical-Othe Public Sector,FUNDED NURSING CARE,ROTHERHAM METROPOLITAN BOROUGH COUNCIL,14856330,"1,148,256.00",,
Department of Health,NHS Rotherham CCG,30/11/2016,Clinical&Medical-Othe Public Sector,FUNDED NURSING CARE,ROTHERHAM METROPOLITAN BOROUGH COUNCIL,14856338,"115,410.52",,
Department of Health,NHS Rotherham CCG,30/11/2016,Clinical&Medical-Othe Public Sector,LONG TERM CONDITIONS,ROTHERHAM METROPOLITAN BOROUGH COUNCIL,14870713,"120,000.00",,
Department of Health,NHS Rotherham CCG,30/11/2016,Clinical&Medical-Othe Public Sector,LONG TERM CONDITIONS,ROTHERHAM METROPOLITAN BOROUGH COUNCIL,14870720,"250,000.00",,
Department of Health,NHS Rotherham CCG,30/11/2016,Clinical&Medical-Othe Public Sector,LONG TERM CONDITIONS,ROTHERHAM METROPOLITAN BOROUGH COUNCIL,14870729,"80,000.00",,
Department of Health,NHS Rotherham CCG,30/11/2016,Social Care-Direct Payments,COMMISSIONING - NON ACUTE,ROTHERHAM METROPOLITAN BOROUGH COUNCIL,14883999,"120,000.00",,
Department of Health,NHS Rotherham CCG,30/11/2016,Social Care-Direct Payments,REABLEMENT,ROTHERHAM METROPOLITAN BOROUGH COUNCIL,14884018,"167,500.00",,
Department of Health,NHS Rotherham CCG,30/11/2016,Social Care-Direct Payments,REABLEMENT,ROTHERHAM METROPOLITAN BOROUGH COUNCIL,14885021,"671,536.50",,
Department of Health,NHS Rotherham CCG,30/11/2016,Social Care-Direct Payments,REABLEMENT,ROTHERHAM METROPOLITAN BOROUGH COUNCIL,14885033,"187,065.00",,
Department of Health,NHS Rotherham CCG,30/11/2016,Social Care-Direct Payments,COMMISSIONING - NON ACUTE,ROTHERHAM METROPOLITAN BOROUGH COUNCIL,14885039,"95,000.00",,
Department of Health,NHS Rotherham CCG,30/11/2016,Social Care-Direct Payments,REABLEMENT,ROTHERHAM METROPOLITAN BOROUGH COUNCIL,14885039,"344,500.00",,
Department of Health,NHS Rotherham CCG,30/11/2016,Clinical&Medical-Othe Public Sector,CARERS,ROTHERHAM METROPOLITAN BOROUGH COUNCIL,14885053,"300,000.00",,
Department of Health,NHS Rotherham CCG,30/11/2016,Clinical&Medical-Othe Public Sector,INTERMEDIATE CARE,ROTHERHAM METROPOLITAN BOROUGH COUNCIL,14885053,"1,491,000.00",,
Department of Health,NHS Rotherham CCG,30/11/2016,Clinical&Medical-Othe Public Sector,LONG TERM CONDITIONS,ROTHERHAM METROPOLITAN BOROUGH COUNCIL,14885053,"100,000.00",,
Department of Health,NHS Rotherham CCG,30/11/2016,Social Care-Direct Payments,COMMISSIONING - NON ACUTE,ROTHERHAM METROPOLITAN BOROUGH COUNCIL,14885053,"220,000.00",,
Department of Health,NHS Rotherham CCG,30/11/2016,Social Care-Direct Payments,REABLEMENT,ROTHERHAM METROPOLITAN BOROUGH COUNCIL,14885053,"972,000.00",,
Department of Health,NHS Rotherham CCG,30/11/2016,Social Care-Direct Payments,REABLEMENT,ROTHERHAM METROPOLITAN BOROUGH COUNCIL,14885064,"250,000.00",,
Department of Health,NHS Rotherham CCG,30/11/2016,Clinical&Medical-Othe Public Sector,SAFEGUARDING,ROTHERHAM METROPOLITAN BOROUGH COUNCIL,14899659,"30,000.00",,
Department of Health,NHS Rotherham CCG,30/11/2016,Clinical&Medical-Othe Public Sector,SAFEGUARDING,ROTHERHAM METROPOLITAN BOROUGH COUNCIL,14899682,"47,575.00",,
Department of Health,NHS Rotherham CCG,30/11/2016,Social Care-Direct Payments,COMMISSIONING - NON ACUTE,ROTHERHAM METROPOLITAN BOROUGH COUNCIL,14922756,"80,000.00",,
Department of Health,NHS Rotherham CCG,30/11/2016,Clinical&Medical-Othe Public Sector,LONG TERM CONDITIONS,ROTHERHAM METROPOLITAN BOROUGH COUNCIL,14922759,"250,000.00",,
Department of Health,NHS Rotherham CCG,30/11/2016,Clinical&Medical-Othe Public Sector,ACUTE CHILDRENS SERVICES,ROTHERHAM METROPOLITAN BOROUGH COUNCIL,15018983,"35,130.00",,
Department of Health,NHS Rotherham CCG,30/11/2016,Clinical&Medical-Othe Public Sector,ACUTE CHILDRENS SERVICES,ROTHERHAM METROPOLITAN BOROUGH COUNCIL,15018992,"28,360.50",,
Department of Health,NHS Rotherham CCG,30/11/2016,Cont Care-Learning Disab(<65),CHC ADULT JOINT FUNDED,ROTHERHAM METROPOLITAN BOROUGH COUNCIL,15093763,"29,027.34",,
Department of Health,NHS Rotherham CCG,30/11/2016,Oth Travel Costs-Training Trav&Subs,MEDICINES MANAGEMENT - CLINICAL,ROTHERHAM NHS FOUNDATION TRUST,14833320,203.14,,
Department of Health,NHS Rotherham CCG,30/11/2016,Seconded-Basic Sal-Staff fm oth org,MEDICINES MANAGEMENT - CLINICAL,ROTHERHAM NHS FOUNDATION TRUST,14833320,"32,427.78",,
Department of Health,NHS Rotherham CCG,30/11/2016,Stationery,MEDICINES MANAGEMENT - CLINICAL,ROTHERHAM NHS FOUNDATION TRUST,14833320,560.45,,
Department of Health,NHS Rotherham CCG,30/11/2016,Prescribing,MEDICINES MANAGEMENT - CLINICAL,ROTHERHAM NHS FOUNDATION TRUST,14833321,"26,452.16",,
Department of Health,NHS Rotherham CCG,30/11/2016,Prescribing,PRESCRIBING,ROTHERHAM NHS FOUNDATION TRUST,14870769,"-43,060.52",,
Department of Health,NHS Rotherham CCG,31/10/2016,Hcare Srv Rec Fdtn Trust-Contract Baseline,ACUTE COMMISSIONING,ROTHERHAM NHS FOUNDATION TRUST,14765690,"11,363,013.00",,6018978
Department of Health,NHS Rotherham CCG,31/10/2016,Hcare Srv Rec Fdtn Trust-Contract Baseline,COMMUNITY SERVICES,ROTHERHAM NHS FOUNDATION TRUST,14765690,"2,381,152.84",,6018978
Department of Health,NHS Rotherham CCG,31/10/2016,Computer Hardware Purch,PRIMARY CARE IT,ROTHERHAM NHS FOUNDATION TRUST,14630478,"139,847.00",,6018719
Department of Health,NHS Rotherham CCG,31/10/2016,Computer Network Costs,IM&T,ROTHERHAM NHS FOUNDATION TRUST,14686664,"44,497.00",,6018720
Department of Health,NHS Rotherham CCG,30/11/2016,Hcare Srv Rec Fdtn Trust-Contract Baseline,ACUTE COMMISSIONING,SHEFFIELD CHILDRENS NHS FOUNDATION TRUST,14883906,"185,058.59",,
Department of Health,NHS Rotherham CCG,30/11/2016,Hcare Srv Rec Fdtn Trust-Contract Baseline,ACUTE COMMISSIONING,SHEFFIELD CHILDRENS NHS FOUNDATION TRUST,14883949,"83,908.45",,
Department of Health,NHS Rotherham CCG,30/11/2016,Hcare Srv Rec Fdtn Trust-Contract Baseline,ACUTE COMMISSIONING,SHEFFIELD TEACHING HOSPITALS NHS FOUNDATION TRUST,14883928,"1,666,385.00",,
Department of Health,NHS Rotherham CCG,30/11/2016,Hcare Srv Rec Fdtn Trust-Contract Cost per Case,ACUTE COMMISSIONING,SHEFFIELD TEACHING HOSPITALS NHS FOUNDATION TRUST,14883933,"175,997.00",,
Department of Health,NHS Rotherham CCG,31/10/2016,Hcare Srv Rec Fdtn Trust-Contract Baseline,ACUTE COMMISSIONING,SHEFFIELD TEACHING HOSPITALS NHS FOUNDATION TRUST,14667282,"55,063.00",654400165,4000474048
Department of Health,NHS Rotherham CCG,30/11/2016,C&M-PMS Contract Value,PRC DELEGATED CO-COMMISSIONING,NHS ROTHERHAM GP,14912779,"-111,745.92",,
Department of Health,NHS Rotherham CCG,30/11/2016,C&M-PMS GP Statutory Levy,PRC DELEGATED CO-COMMISSIONING,NHS ROTHERHAM GP,14912779,-469.43,,
Department of Health,NHS Rotherham CCG,30/11/2016,C&M-PMS Out of Hours Opt Outs,PRC DELEGATED CO-COMMISSIONING,NHS ROTHERHAM GP,14912779,-137.58,,
Department of Health,NHS Rotherham CCG,30/11/2016,C&M-PMS Voluntary Levy,PRC DELEGATED CO-COMMISSIONING,NHS ROTHERHAM GP,14912779,-69.1,,
Department of Health,NHS Rotherham CCG,30/11/2016,ME-PMS GP Pension EEs-PMS,PRC DELEGATED CO-COMMISSIONING,NHS ROTHERHAM GP,14912779,"-11,149.58",,
Department of Health,NHS Rotherham CCG,30/11/2016,ME-PMS GP Pension ERs Adjs - PMS,PRC DELEGATED CO-COMMISSIONING,NHS ROTHERHAM GP,14912779,"-11,142.08",,
Department of Health,NHS Rotherham CCG,30/11/2016,C&M-PMS Baseline Adjustment,PRC DELEGATED CO-COMMISSIONING,NHS ROTHERHAM GP,14936066,"7,497.00",,
Department of Health,NHS Rotherham CCG,30/11/2016,C&M-PMS Contract Value,PRC DELEGATED CO-COMMISSIONING,NHS ROTHERHAM GP,14936066,"227,476.32",,
Department of Health,NHS Rotherham CCG,30/11/2016,C&M-PMS Out of Hours Opt Outs,PRC DELEGATED CO-COMMISSIONING,NHS ROTHERHAM GP,14936066,"-5,540.00",,
Department of Health,NHS Rotherham CCG,30/11/2016,C&M-PMS Prem Healthcentre Rent,PRC DELEGATED CO-COMMISSIONING,NHS ROTHERHAM GP,14936066,"1,083.17",,
Department of Health,NHS Rotherham CCG,30/11/2016,C&M-PMS Prem Rates,PRC DELEGATED CO-COMMISSIONING,NHS ROTHERHAM GP,14936066,278.2,,
Department of Health,NHS Rotherham CCG,30/11/2016,C&M-PMS QOF Aspiration,PRC DELEGATED CO-COMMISSIONING,NHS ROTHERHAM GP,14936066,"12,962.29",,
Department of Health,NHS Rotherham CCG,31/10/2016,Hcare Srv Rec NHS Trust-Non Contract,NCAS/OATS,UNIVERSITY HOSPITALS COVENTRY AND WARWICKSHIRE NHS TRUST,14630308,"51,442.10",,1000048750
Department of Health,NHS Rotherham CCG,30/11/2016,Hcare Srv Rec NHS Trust-Contract Baseline,AMBULANCE SERVICES,YORKSHIRE AMBULANCE SERVICE NHS TRUST,14961788,"70,000.00",,
Department of Health,NHS Rotherham CCG,30/11/2016,Hcare Srv Rec NHS Trust-Contract Baseline,AMBULANCE SERVICES,YORKSHIRE AMBULANCE SERVICE NHS TRUST,14961802,"597,323.00",,
,,,,,,,"30,852,958.55",,
