Department Family,Entity,Date,Expense Type,Expense Area,Supplier,Transaction Number,AP Amount
Department of Health,NHS Rotherham CCG,31/01/2021,Prescribing,MEDICINES MANAGEMENT - CLINICAL,AMCARE LTD,35352553,"91,297.33"
Department of Health,NHS Rotherham CCG,31/01/2021,Hcare Srv Rec Fdtn Trust-Contract Baseline,ACUTE COMMISSIONING,BARNSLEY HOSPITAL NHS FOUNDATION TRUST,35204297,"177,735.00"
Department of Health,NHS Rotherham CCG,31/01/2021,C&M-APMS PCO Other,PRIMARY CARE INVESTMENTS,CONNECT HEALTHCARE ROTHERHAM LTD,35139763,"26,926.00"
Department of Health,NHS Rotherham CCG,31/01/2021,C&M-APMS LES Extended Hours,GP FORWARD VIEW,CONNECT HEALTHCARE ROTHERHAM LTD,35139800,"432,000.00"
Department of Health,NHS Rotherham CCG,31/01/2021,C&M-APMS LES Extended Hours,GP FORWARD VIEW,CONNECT HEALTHCARE ROTHERHAM LTD,35139802,"276,000.00"
Department of Health,NHS Rotherham CCG,31/01/2021,C&M-APMS LES Extended Hours,GP FORWARD VIEW,CONNECT HEALTHCARE ROTHERHAM LTD,35139805,"375,800.00"
Department of Health,NHS Rotherham CCG,31/01/2021,C&M-APMS DES Extended Hours Access,PRC DELEGATED CO-COMMISSIONING,CONNECT HEALTHCARE ROTHERHAM LTD,35280213,"25,144.60"
Department of Health,NHS Rotherham CCG,31/01/2021,C&M-APMS PCN DES Clinical Director,PRC DELEGATED CO-COMMISSIONING,CONNECT HEALTHCARE ROTHERHAM LTD,35280213,"12,520.27"
Department of Health,NHS Rotherham CCG,31/01/2021,C&M-APMS PCN DES PCN support,LOCAL ENHANCED SERVICES,CONNECT HEALTHCARE ROTHERHAM LTD,35280213,"26,036.25"
Department of Health,NHS Rotherham CCG,31/01/2021,C&M-APMS PCN DES Clin Pharmacist,PRC DELEGATED CO-COMMISSIONING,NHS ROTHERHAM CCG GP PRACTICE,35295388,"50,772.60"
Department of Health,NHS Rotherham CCG,31/01/2021,C&M-PCN DES PHARMACY TECHNICIANS,PRC DELEGATED CO-COMMISSIONING,CONNECT HEALTHCARE ROTHERHAM LTD,35295388,"10,505.86"
Department of Health,NHS Rotherham CCG,31/01/2021,C&M-PMS PCO Recruitmt & Retn,GP FORWARD VIEW,CONNECT HEALTHCARE ROTHERHAM LTD,35407157,"38,000.00"
Department of Health,NHS Rotherham CCG,31/01/2021,Clinical&Medical-Voluntary Sector,COMMISSIONING - NON ACUTE,CROSSROADS CARE ROTHERHAM,35295408,"35,154.00"
Department of Health,NHS Rotherham CCG,31/01/2021,Clinical&Medical-Voluntary Sector,PROGRAMME PROJECTS,CROSSROADS CARE ROTHERHAM,35295415,"49,332.00"
Department of Health,NHS Rotherham CCG,31/01/2021,Clinical&Medical-Voluntary Sector,PROGRAMME PROJECTS,CROSSROADS CARE ROTHERHAM,35407142,"62,136.00"
Department of Health,NHS Rotherham CCG,31/01/2021,Hlthcre-Foundation Trsts,LEARNING DIFFICULTIES,CUMBRIA NORTHUMBERLAND TYNE AND WEAR NHS FOUNDATION TRUST,35204313,"67,050.00"
Department of Health,NHS Rotherham CCG,31/01/2021,Computer Hardware Purch,PRIMARY CARE IT,DELL CORPORATION LTD,35219420,"24,136.00"
Department of Health,NHS Rotherham CCG,31/01/2021,Computer Hardware Purch,PRIMARY CARE IT,DELL CORPORATION LTD,35416530,"23,560.20"
Department of Health,NHS Rotherham CCG,31/01/2021,Computer Hardware Purch,PRIMARY CARE IT,DELL CORPORATION LTD,35416530,"4,712.04"
Department of Health,NHS Rotherham CCG,31/01/2021,Hcare Srv Rec Fdtn Trust-Contract Baseline,ACUTE COMMISSIONING,DONCASTER AND BASSETLAW HOSPITALS NHS FOUNDATION TRUST,35204315,"842,299.00"
Department of Health,NHS Rotherham CCG,31/01/2021,C&M-PMS Contract Value,PRC DELEGATED CO-COMMISSIONING,NHS ROTHERHAM CCG GP PRACTICE,35238519,"39,241.55"
Department of Health,NHS Rotherham CCG,31/01/2021,C&M-PMS Out of Hours Opt Outs,PRC DELEGATED CO-COMMISSIONING,NHS ROTHERHAM CCG GP PRACTICE,35238519,0.14
Department of Health,NHS Rotherham CCG,31/01/2021,C&M-PMS PCN DES Participation,PRC DELEGATED CO-COMMISSIONING,NHS ROTHERHAM CCG GP PRACTICE,35238519,"1,457.04"
Department of Health,NHS Rotherham CCG,31/01/2021,C&M-PMS Prem Healthcentre Rent,PRC DELEGATED CO-COMMISSIONING,NHS ROTHERHAM CCG GP PRACTICE,35238519,991.45
Department of Health,NHS Rotherham CCG,31/01/2021,C&M-PMS Prem Notional Rent,PRC DELEGATED CO-COMMISSIONING,NHS ROTHERHAM CCG GP PRACTICE,35238519,"2,833.33"
Department of Health,NHS Rotherham CCG,31/01/2021,C&M-PMS Prem Rates,PRC DELEGATED CO-COMMISSIONING,NHS ROTHERHAM CCG GP PRACTICE,35238519,774
Department of Health,NHS Rotherham CCG,31/01/2021,C&M-PMS QOF Aspiration,PRC DELEGATED CO-COMMISSIONING,NHS ROTHERHAM CCG GP PRACTICE,35238519,"3,184.66"
Department of Health,NHS Rotherham CCG,31/01/2021,C&M-PMS Contract Value,PRC DELEGATED CO-COMMISSIONING,NHS ROTHERHAM CCG GP PRACTICE,35238517,"101,892.93"
Department of Health,NHS Rotherham CCG,31/01/2021,C&M-PMS Out of Hours Opt Outs,PRC DELEGATED CO-COMMISSIONING,NHS ROTHERHAM CCG GP PRACTICE,35238517,92.03
Department of Health,NHS Rotherham CCG,31/01/2021,C&M-PMS PCN DES Participation,PRC DELEGATED CO-COMMISSIONING,NHS ROTHERHAM CCG GP PRACTICE,35238517,"3,804.38"
Department of Health,NHS Rotherham CCG,31/01/2021,C&M-PMS PCO Other,PRC DELEGATED CO-COMMISSIONING,NHS ROTHERHAM CCG GP PRACTICE,35238517,718.8
Department of Health,NHS Rotherham CCG,31/01/2021,C&M-PMS Prem Notional Rent,PRC DELEGATED CO-COMMISSIONING,NHS ROTHERHAM CCG GP PRACTICE,35238517,"7,331.33"
Department of Health,NHS Rotherham CCG,31/01/2021,C&M-PMS Prem Rates,PRC DELEGATED CO-COMMISSIONING,NHS ROTHERHAM CCG GP PRACTICE,35238517,"2,532.00"
Department of Health,NHS Rotherham CCG,31/01/2021,C&M-PMS QOF Aspiration,PRC DELEGATED CO-COMMISSIONING,NHS ROTHERHAM CCG GP PRACTICE,35238517,"10,477.63"
Department of Health,NHS Rotherham CCG,31/01/2021,C&M-PMS Additional Staff Payments,PRC DELEGATED CO-COMMISSIONING,NHS ROTHERHAM CCG GP PRACTICE,35270998,"36,838.60"
Department of Health,NHS Rotherham CCG,31/01/2021,C&M-PMS Contract Value,PRC DELEGATED CO-COMMISSIONING,NHS ROTHERHAM CCG GP PRACTICE,35238521,"94,351.47"
Department of Health,NHS Rotherham CCG,31/01/2021,C&M-PMS Out of Hours Opt Outs,PRC DELEGATED CO-COMMISSIONING,NHS ROTHERHAM CCG GP PRACTICE,35238521,32.9
Department of Health,NHS Rotherham CCG,31/01/2021,C&M-PMS PCN DES Participation,PRC DELEGATED CO-COMMISSIONING,NHS ROTHERHAM CCG GP PRACTICE,35238521,"3,532.95"
Department of Health,NHS Rotherham CCG,31/01/2021,C&M-PMS Prem Actual Rent,PRC DELEGATED CO-COMMISSIONING,NHS ROTHERHAM CCG GP PRACTICE,35238521,"16,393.75"
Department of Health,NHS Rotherham CCG,31/01/2021,C&M-PMS Prem Notional Rent,PRC DELEGATED CO-COMMISSIONING,NHS ROTHERHAM CCG GP PRACTICE,35238521,"10,122.75"
Department of Health,NHS Rotherham CCG,31/01/2021,C&M-PMS Prem Rates,PRC DELEGATED CO-COMMISSIONING,NHS ROTHERHAM CCG GP PRACTICE,35238521,948
Department of Health,NHS Rotherham CCG,31/01/2021,C&M-PMS QOF Aspiration,PRC DELEGATED CO-COMMISSIONING,NHS ROTHERHAM CCG GP PRACTICE,35238521,"8,761.49"
Department of Health,NHS Rotherham CCG,31/01/2021,C&M-PMS Additional Staff Payments,PRC DELEGATED CO-COMMISSIONING,NHS ROTHERHAM CCG GP PRACTICE,35271003,"35,143.67"
Department of Health,NHS Rotherham CCG,31/01/2021,C&M-GMS Global Sum,PRC DELEGATED CO-COMMISSIONING,NHS ROTHERHAM CCG GP PRACTICE,35423385,"47,558.78"
Department of Health,NHS Rotherham CCG,31/01/2021,C&M-GMS PCN DES Participation,PRC DELEGATED CO-COMMISSIONING,NHS ROTHERHAM CCG GP PRACTICE,35423385,"1,879.46"
Department of Health,NHS Rotherham CCG,31/01/2021,C&M-GMS Prem Notional Rent,PRC DELEGATED CO-COMMISSIONING,NHS ROTHERHAM CCG GP PRACTICE,35423385,"3,166.67"
Department of Health,NHS Rotherham CCG,31/01/2021,C&M-GMS Prem Rates,PRC DELEGATED CO-COMMISSIONING,NHS ROTHERHAM CCG GP PRACTICE,35423385,415
Department of Health,NHS Rotherham CCG,31/01/2021,C&M-GMS QOF Aspiration,PRC DELEGATED CO-COMMISSIONING,NHS ROTHERHAM CCG GP PRACTICE,35423385,"5,285.22"
Department of Health,NHS Rotherham CCG,31/01/2021,C&M-PMS Contract Value,PRC DELEGATED CO-COMMISSIONING,NHS ROTHERHAM CCG GP PRACTICE,35238527,"112,518.77"
Department of Health,NHS Rotherham CCG,31/01/2021,C&M-PMS Out of Hours Opt Outs,PRC DELEGATED CO-COMMISSIONING,NHS ROTHERHAM CCG GP PRACTICE,35238527,111.23
Department of Health,NHS Rotherham CCG,31/01/2021,C&M-PMS PCN DES Participation,PRC DELEGATED CO-COMMISSIONING,NHS ROTHERHAM CCG GP PRACTICE,35238527,"4,211.58"
Department of Health,NHS Rotherham CCG,31/01/2021,C&M-PMS Prem Healthcentre Rent,PRC DELEGATED CO-COMMISSIONING,NHS ROTHERHAM CCG GP PRACTICE,35238527,"1,789.21"
Department of Health,NHS Rotherham CCG,31/01/2021,C&M-PMS QOF Aspiration,PRC DELEGATED CO-COMMISSIONING,NHS ROTHERHAM CCG GP PRACTICE,35238527,"9,297.19"
Department of Health,NHS Rotherham CCG,31/01/2021,C&M-PMS Additional Staff Payments,PRC DELEGATED CO-COMMISSIONING,NHS ROTHERHAM CCG GP PRACTICE,35270980,"41,058.50"
Department of Health,NHS Rotherham CCG,31/01/2021,C&M-GMS Other Addtl Staff Paymts,PRC DELEGATED CO-COMMISSIONING,NHS ROTHERHAM CCG GP PRACTICE,35270981,"36,800.58"
Department of Health,NHS Rotherham CCG,31/01/2021,C&M-GMS Global Sum,PRC DELEGATED CO-COMMISSIONING,NHS ROTHERHAM CCG GP PRACTICE,35423387,"92,083.78"
Department of Health,NHS Rotherham CCG,31/01/2021,C&M-GMS PCN DES Participation,PRC DELEGATED CO-COMMISSIONING,NHS ROTHERHAM CCG GP PRACTICE,35423387,"3,653.73"
Department of Health,NHS Rotherham CCG,31/01/2021,C&M-GMS Prem Notional Rent,PRC DELEGATED CO-COMMISSIONING,NHS ROTHERHAM CCG GP PRACTICE,35423387,"7,413.75"
Department of Health,NHS Rotherham CCG,31/01/2021,C&M-GMS Prem Rates,PRC DELEGATED CO-COMMISSIONING,NHS ROTHERHAM CCG GP PRACTICE,35423387,"2,495.00"
Department of Health,NHS Rotherham CCG,31/01/2021,C&M-GMS Prem Water Rates,PRC DELEGATED CO-COMMISSIONING,NHS ROTHERHAM CCG GP PRACTICE,35423387,198.69
Department of Health,NHS Rotherham CCG,31/01/2021,C&M-GMS QOF Aspiration,PRC DELEGATED CO-COMMISSIONING,NHS ROTHERHAM CCG GP PRACTICE,35423387,"10,106.14"
Department of Health,NHS Rotherham CCG,31/01/2021,C&M-PMS Contract Value,PRC DELEGATED CO-COMMISSIONING,NHS ROTHERHAM CCG GP PRACTICE,35238524,-191.44
Department of Health,NHS Rotherham CCG,31/01/2021,C&M-PMS GP Statutory Levy,PRC DELEGATED CO-COMMISSIONING,NHS ROTHERHAM CCG GP PRACTICE,35238524,-586.08
Department of Health,NHS Rotherham CCG,31/01/2021,C&M-PMS Out of Hours Opt Outs,PRC DELEGATED CO-COMMISSIONING,NHS ROTHERHAM CCG GP PRACTICE,35238524,"-8,327.98"
Department of Health,NHS Rotherham CCG,31/01/2021,C&M-PMS PCN DES Participation,PRC DELEGATED CO-COMMISSIONING,NHS ROTHERHAM CCG GP PRACTICE,35238524,"-3,284.92"
Department of Health,NHS Rotherham CCG,31/01/2021,C&M-PMS Prem Rates,PRC DELEGATED CO-COMMISSIONING,NHS ROTHERHAM CCG GP PRACTICE,35238524,-478
Department of Health,NHS Rotherham CCG,31/01/2021,C&M-PMS Voluntary Levy,PRC DELEGATED CO-COMMISSIONING,NHS ROTHERHAM CCG GP PRACTICE,35238524,-86.19
Department of Health,NHS Rotherham CCG,31/01/2021,ME - PMS GP Prior Year ERs,PRC DELEGATED CO-COMMISSIONING,NHS ROTHERHAM CCG GP PRACTICE,35238524,-6.76
Department of Health,NHS Rotherham CCG,31/01/2021,ME - PMS TPS Added Years Adj EEs,PRC DELEGATED CO-COMMISSIONING,NHS ROTHERHAM CCG GP PRACTICE,35238524,-540
Department of Health,NHS Rotherham CCG,31/01/2021,ME-PMS GP Pension EEs-PMS,PRC DELEGATED CO-COMMISSIONING,NHS ROTHERHAM CCG GP PRACTICE,35238524,"-12,721.75"
Department of Health,NHS Rotherham CCG,31/01/2021,ME-PMS GP Pension ERs Adjs - PMS,PRC DELEGATED CO-COMMISSIONING,NHS ROTHERHAM CCG GP PRACTICE,35238524,"-13,481.24"
Department of Health,NHS Rotherham CCG,31/01/2021,ME-PMS GP Prior Year EEs,PRC DELEGATED CO-COMMISSIONING,NHS ROTHERHAM CCG GP PRACTICE,35238524,-5.87
Department of Health,NHS Rotherham CCG,31/01/2021,C&M-PMS Contract Value,PRC DELEGATED CO-COMMISSIONING,NHS ROTHERHAM CCG GP PRACTICE,35238525,"174,784.27"
Department of Health,NHS Rotherham CCG,31/01/2021,C&M-PMS Out of Hours Opt Outs,PRC DELEGATED CO-COMMISSIONING,NHS ROTHERHAM CCG GP PRACTICE,35238525,9.14
Department of Health,NHS Rotherham CCG,31/01/2021,C&M-PMS PCN DES Participation,PRC DELEGATED CO-COMMISSIONING,NHS ROTHERHAM CCG GP PRACTICE,35238525,"6,575.43"
Department of Health,NHS Rotherham CCG,31/01/2021,C&M-PMS Prem Actual Rent,PRC DELEGATED CO-COMMISSIONING,NHS ROTHERHAM CCG GP PRACTICE,35238525,"12,725.00"
Department of Health,NHS Rotherham CCG,31/01/2021,C&M-PMS Prem Notional Rent,PRC DELEGATED CO-COMMISSIONING,NHS ROTHERHAM CCG GP PRACTICE,35238525,"8,439.58"
Department of Health,NHS Rotherham CCG,31/01/2021,C&M-PMS Prem Rates,PRC DELEGATED CO-COMMISSIONING,NHS ROTHERHAM CCG GP PRACTICE,35238525,"3,447.00"
Department of Health,NHS Rotherham CCG,31/01/2021,C&M-PMS QOF Aspiration,PRC DELEGATED CO-COMMISSIONING,NHS ROTHERHAM CCG GP PRACTICE,35238525,"19,637.46"
Department of Health,NHS Rotherham CCG,31/01/2021,ME - PMS GP Prior Year ERs,PRC DELEGATED CO-COMMISSIONING,NHS ROTHERHAM CCG GP PRACTICE,35238525,"2,586.52"
Department of Health,NHS Rotherham CCG,31/01/2021,C&M-PMS Additional Staff Payments,PRC DELEGATED CO-COMMISSIONING,NHS ROTHERHAM CCG GP PRACTICE,35271007,"65,585.88"
Department of Health,NHS Rotherham CCG,31/01/2021,C&M-PMS Cost of Drugs -Dispensing,LOCAL ENHANCED SERVICES,NHS ROTHERHAM CCG GP PRACTICE,35438664,"-30,153.18"
Department of Health,NHS Rotherham CCG,31/01/2021,C&M-PMS Prsc Chrgs Cll&Rmttd by GPs,PRC DELEGATED CO-COMMISSIONING,NHS ROTHERHAM CCG GP PRACTICE,35438664,-713.7
Department of Health,NHS Rotherham CCG,31/01/2021,C&M-PMS Cost of Drugs -Dispensing,LOCAL ENHANCED SERVICES,NHS ROTHERHAM CCG GP PRACTICE,35438665,"50,966.90"
Department of Health,NHS Rotherham CCG,31/01/2021,C&M-PMS Prof fees Dispensing,PRC DELEGATED CO-COMMISSIONING,NHS ROTHERHAM CCG GP PRACTICE,35438665,"8,684.53"
Department of Health,NHS Rotherham CCG,31/01/2021,C&M-PMS Prsc Chrgs Cll&Rmttd by GPs,LOCAL ENHANCED SERVICES,NHS ROTHERHAM CCG GP PRACTICE,35438665,713.7
Department of Health,NHS Rotherham CCG,31/01/2021,C&M-PMS Contract Value,PRC DELEGATED CO-COMMISSIONING,NHS ROTHERHAM CCG GP PRACTICE,35238522,-442.7
Department of Health,NHS Rotherham CCG,31/01/2021,C&M-PMS DES Extended Hours Access,PRC DELEGATED CO-COMMISSIONING,NHS ROTHERHAM CCG GP PRACTICE,35238522,"-6,873.00"
Department of Health,NHS Rotherham CCG,31/01/2021,C&M-PMS GP Statutory Levy,PRC DELEGATED CO-COMMISSIONING,NHS ROTHERHAM CCG GP PRACTICE,35238522,-325.98
Department of Health,NHS Rotherham CCG,31/01/2021,C&M-PMS PCN DES Clinical Director,PRC DELEGATED CO-COMMISSIONING,NHS ROTHERHAM CCG GP PRACTICE,35238522,"-3,326.00"
Department of Health,NHS Rotherham CCG,31/01/2021,C&M-PMS PCN DES PCN support,LOCAL ENHANCED SERVICES,NHS ROTHERHAM CCG GP PRACTICE,35238522,"-7,110.08"
Department of Health,NHS Rotherham CCG,31/01/2021,C&M-PMS PCN DES Participation,PRC DELEGATED CO-COMMISSIONING,NHS ROTHERHAM CCG GP PRACTICE,35238522,"-1,834.73"
Department of Health,NHS Rotherham CCG,31/01/2021,C&M-PMS Voluntary Levy,PRC DELEGATED CO-COMMISSIONING,NHS ROTHERHAM CCG GP PRACTICE,35238522,-47.94
Department of Health,NHS Rotherham CCG,31/01/2021,ME-PMS GP Pension EEs-PMS,PRC DELEGATED CO-COMMISSIONING,NHS ROTHERHAM CCG GP PRACTICE,35238522,"-6,738.41"
Department of Health,NHS Rotherham CCG,31/01/2021,ME-PMS GP Pension ERs Adjs - PMS,PRC DELEGATED CO-COMMISSIONING,NHS ROTHERHAM CCG GP PRACTICE,35238522,"-7,020.07"
Department of Health,NHS Rotherham CCG,31/01/2021,C&M-PMS Contract Value,PRC DELEGATED CO-COMMISSIONING,NHS ROTHERHAM CCG GP PRACTICE,35238523,"98,345.04"
Department of Health,NHS Rotherham CCG,31/01/2021,C&M-PMS DES Extended Hours Access,PRC DELEGATED CO-COMMISSIONING,NHS ROTHERHAM CCG GP PRACTICE,35238523,"6,873.00"
Department of Health,NHS Rotherham CCG,31/01/2021,C&M-PMS PCN DES Clinical Director,PRC DELEGATED CO-COMMISSIONING,NHS ROTHERHAM CCG GP PRACTICE,35238523,"3,326.00"
Department of Health,NHS Rotherham CCG,31/01/2021,C&M-PMS PCN DES PCN support,LOCAL ENHANCED SERVICES,NHS ROTHERHAM CCG GP PRACTICE,35238523,"14,220.08"
Department of Health,NHS Rotherham CCG,31/01/2021,C&M-PMS PCN DES Participation,PRC DELEGATED CO-COMMISSIONING,NHS ROTHERHAM CCG GP PRACTICE,35238523,"3,672.58"
Department of Health,NHS Rotherham CCG,31/01/2021,C&M-PMS Prem Notional Rent,PRC DELEGATED CO-COMMISSIONING,NHS ROTHERHAM CCG GP PRACTICE,35238523,"15,869.83"
Department of Health,NHS Rotherham CCG,31/01/2021,C&M-PMS Prem Rates,PRC DELEGATED CO-COMMISSIONING,NHS ROTHERHAM CCG GP PRACTICE,35238523,"3,195.00"
Department of Health,NHS Rotherham CCG,31/01/2021,C&M-PMS QOF Aspiration,PRC DELEGATED CO-COMMISSIONING,NHS ROTHERHAM CCG GP PRACTICE,35238523,"10,845.57"
Department of Health,NHS Rotherham CCG,31/01/2021,C&M-PMS Funding Differential Review,PRC DELEGATED CO-COMMISSIONING,NHS ROTHERHAM CCG GP PRACTICE,35270969,"28,583.40"
Department of Health,NHS Rotherham CCG,31/01/2021,C&M-PMS Funding Differential Review,PRC DELEGATED CO-COMMISSIONING,NHS ROTHERHAM CCG GP PRACTICE,35270971,"28,583.40"
Department of Health,NHS Rotherham CCG,31/01/2021,C&M-PMS PCO Other,GP FORWARD VIEW,NHS ROTHERHAM CCG GP PRACTICE,35270976,"34,902.19"
Department of Health,NHS Rotherham CCG,31/01/2021,C&M-PMS Additional Staff Payments,PRC DELEGATED CO-COMMISSIONING,NHS ROTHERHAM CCG GP PRACTICE,35271008,"36,442.59"
Department of Health,NHS Rotherham CCG,31/01/2021,C&M-PMS Cost of Drugs -Dispensing,LOCAL ENHANCED SERVICES,NHS ROTHERHAM CCG GP PRACTICE,35438662,"-43,329.15"
Department of Health,NHS Rotherham CCG,31/01/2021,C&M-PMS Prsc Chrgs Cll&Rmttd by GPs,PRC DELEGATED CO-COMMISSIONING,NHS ROTHERHAM CCG GP PRACTICE,35438662,"-1,573.80"
Department of Health,NHS Rotherham CCG,31/01/2021,C&M-PMS Cost of Drugs -Dispensing,LOCAL ENHANCED SERVICES,NHS ROTHERHAM CCG GP PRACTICE,35438663,"85,774.18"
Department of Health,NHS Rotherham CCG,31/01/2021,C&M-PMS Prof fees Dispensing,PRC DELEGATED CO-COMMISSIONING,NHS ROTHERHAM CCG GP PRACTICE,35438663,"16,205.14"
Department of Health,NHS Rotherham CCG,31/01/2021,C&M-PMS Prsc Chrgs Cll&Rmttd by GPs,LOCAL ENHANCED SERVICES,NHS ROTHERHAM CCG GP PRACTICE,35438663,"1,573.80"
Department of Health,NHS Rotherham CCG,31/01/2021,C&M-GMS Other Addtl Staff Paymts,PRC DELEGATED CO-COMMISSIONING,NHS ROTHERHAM CCG GP PRACTICE,35270989,"37,706.65"
Department of Health,NHS Rotherham CCG,31/01/2021,C&M-GMS Global Sum,PRC DELEGATED CO-COMMISSIONING,NHS ROTHERHAM CCG GP PRACTICE,35423389,"95,374.70"
Department of Health,NHS Rotherham CCG,31/01/2021,C&M-GMS PCN DES Participation,PRC DELEGATED CO-COMMISSIONING,NHS ROTHERHAM CCG GP PRACTICE,35423389,"3,701.55"
Department of Health,NHS Rotherham CCG,31/01/2021,C&M-GMS Prem Cost Rent,PRC DELEGATED CO-COMMISSIONING,NHS ROTHERHAM CCG GP PRACTICE,35423389,762.92
Department of Health,NHS Rotherham CCG,31/01/2021,C&M-GMS Prem Notional Rent,PRC DELEGATED CO-COMMISSIONING,NHS ROTHERHAM CCG GP PRACTICE,35423389,"9,116.66"
Department of Health,NHS Rotherham CCG,31/01/2021,C&M-GMS Prem Rates,PRC DELEGATED CO-COMMISSIONING,NHS ROTHERHAM CCG GP PRACTICE,35423389,"1,601.00"
Department of Health,NHS Rotherham CCG,31/01/2021,C&M-GMS Prem Water Rates,PRC DELEGATED CO-COMMISSIONING,NHS ROTHERHAM CCG GP PRACTICE,35423389,203.94
Department of Health,NHS Rotherham CCG,31/01/2021,C&M-GMS QOF Aspiration,PRC DELEGATED CO-COMMISSIONING,NHS ROTHERHAM CCG GP PRACTICE,35423389,"9,316.04"
Department of Health,NHS Rotherham CCG,31/01/2021,C&M-GMS Cost of Drugs -Dispensing,LOCAL ENHANCED SERVICES,NHS ROTHERHAM CCG GP PRACTICE,35438669,"27,880.91"
Department of Health,NHS Rotherham CCG,31/01/2021,C&M-GMS Prof Fees Dispensing,PRC DELEGATED CO-COMMISSIONING,NHS ROTHERHAM CCG GP PRACTICE,35438669,"4,418.81"
Department of Health,NHS Rotherham CCG,31/01/2021,C&M-GMS PrscrptnChrgsColl&RmttdbyGP,LOCAL ENHANCED SERVICES,NHS ROTHERHAM CCG GP PRACTICE,35438669,356.85
Department of Health,NHS Rotherham CCG,31/01/2021,C&M-PMS Contract Value,PRC DELEGATED CO-COMMISSIONING,NHS ROTHERHAM CCG GP PRACTICE,35238530,-949.39
Department of Health,NHS Rotherham CCG,31/01/2021,C&M-PMS GP Statutory Levy,PRC DELEGATED CO-COMMISSIONING,NHS ROTHERHAM CCG GP PRACTICE,35238530,-420.64
Department of Health,NHS Rotherham CCG,31/01/2021,C&M-PMS Out of Hours Opt Outs,PRC DELEGATED CO-COMMISSIONING,NHS ROTHERHAM CCG GP PRACTICE,35238530,"-5,870.43"
Department of Health,NHS Rotherham CCG,31/01/2021,C&M-PMS PCN DES Participation,PRC DELEGATED CO-COMMISSIONING,NHS ROTHERHAM CCG GP PRACTICE,35238530,"-2,312.30"
Department of Health,NHS Rotherham CCG,31/01/2021,C&M-PMS Voluntary Levy,PRC DELEGATED CO-COMMISSIONING,NHS ROTHERHAM CCG GP PRACTICE,35238530,-61.86
Department of Health,NHS Rotherham CCG,31/01/2021,ME-PMS GP Pension EEs-PMS,PRC DELEGATED CO-COMMISSIONING,NHS ROTHERHAM CCG GP PRACTICE,35238530,"-8,838.28"
Department of Health,NHS Rotherham CCG,31/01/2021,ME-PMS GP Pension ERs Adjs - PMS,PRC DELEGATED CO-COMMISSIONING,NHS ROTHERHAM CCG GP PRACTICE,35238530,"-9,297.22"
Department of Health,NHS Rotherham CCG,31/01/2021,C&M-PMS Contract Value,PRC DELEGATED CO-COMMISSIONING,NHS ROTHERHAM CCG GP PRACTICE,35238531,"123,199.39"
Department of Health,NHS Rotherham CCG,31/01/2021,C&M-PMS Out of Hours Opt Outs,PRC DELEGATED CO-COMMISSIONING,NHS ROTHERHAM CCG GP PRACTICE,35238531,45.3
Department of Health,NHS Rotherham CCG,31/01/2021,C&M-PMS PCN DES Participation,PRC DELEGATED CO-COMMISSIONING,NHS ROTHERHAM CCG GP PRACTICE,35238531,"4,368.71"
Department of Health,NHS Rotherham CCG,31/01/2021,C&M-PMS Prem Notional Rent,PRC DELEGATED CO-COMMISSIONING,NHS ROTHERHAM CCG GP PRACTICE,35238531,"10,391.67"
Department of Health,NHS Rotherham CCG,31/01/2021,C&M-PMS Prem Rates,PRC DELEGATED CO-COMMISSIONING,NHS ROTHERHAM CCG GP PRACTICE,35238531,"2,333.00"
Department of Health,NHS Rotherham CCG,31/01/2021,C&M-PMS QOF Aspiration,PRC DELEGATED CO-COMMISSIONING,NHS ROTHERHAM CCG GP PRACTICE,35238531,"11,535.01"
Department of Health,NHS Rotherham CCG,31/01/2021,C&M-PMS Additional Staff Payments,PRC DELEGATED CO-COMMISSIONING,NHS ROTHERHAM CCG GP PRACTICE,35271004,"47,087.38"
Department of Health,NHS Rotherham CCG,31/01/2021,C&M-PMS Contract Value,PRC DELEGATED CO-COMMISSIONING,NHS ROTHERHAM CCG GP PRACTICE,35238528,"-1,495.21"
Department of Health,NHS Rotherham CCG,31/01/2021,C&M-PMS DES Extended Hours Access,PRC DELEGATED CO-COMMISSIONING,NHS ROTHERHAM CCG GP PRACTICE,35238528,"-7,349.27"
Department of Health,NHS Rotherham CCG,31/01/2021,C&M-PMS GP Statutory Levy,PRC DELEGATED CO-COMMISSIONING,NHS ROTHERHAM CCG GP PRACTICE,35238528,-503.88
Department of Health,NHS Rotherham CCG,31/01/2021,C&M-PMS Out of Hours Opt Outs,PRC DELEGATED CO-COMMISSIONING,NHS ROTHERHAM CCG GP PRACTICE,35238528,"-7,445.51"
Department of Health,NHS Rotherham CCG,31/01/2021,C&M-PMS PCN DES Clinical Director,PRC DELEGATED CO-COMMISSIONING,NHS ROTHERHAM CCG GP PRACTICE,35238528,"-3,384.15"
Department of Health,NHS Rotherham CCG,31/01/2021,C&M-PMS PCN DES PCN support,LOCAL ENHANCED SERVICES,NHS ROTHERHAM CCG GP PRACTICE,35238528,"-7,602.71"
Department of Health,NHS Rotherham CCG,31/01/2021,C&M-PMS PCN DES Participation,PRC DELEGATED CO-COMMISSIONING,NHS ROTHERHAM CCG GP PRACTICE,35238528,"-2,919.57"
Department of Health,NHS Rotherham CCG,31/01/2021,C&M-PMS Prem Healthcentre Rent,PRC DELEGATED CO-COMMISSIONING,NHS ROTHERHAM CCG GP PRACTICE,35238528,-117.38
Department of Health,NHS Rotherham CCG,31/01/2021,C&M-PMS Voluntary Levy,PRC DELEGATED CO-COMMISSIONING,NHS ROTHERHAM CCG GP PRACTICE,35238528,-74.1
Department of Health,NHS Rotherham CCG,31/01/2021,ME - PMS TPS Added Years Adj EEs,PRC DELEGATED CO-COMMISSIONING,NHS ROTHERHAM CCG GP PRACTICE,35238528,-176.27
Department of Health,NHS Rotherham CCG,31/01/2021,ME-PMS GP Pension EEs Adjs - PMS,PRC DELEGATED CO-COMMISSIONING,NHS ROTHERHAM CCG GP PRACTICE,35238528,-989.58
Department of Health,NHS Rotherham CCG,31/01/2021,ME-PMS GP Pension EEs-PMS,PRC DELEGATED CO-COMMISSIONING,NHS ROTHERHAM CCG GP PRACTICE,35238528,"-4,150.41"
Department of Health,NHS Rotherham CCG,31/01/2021,ME-PMS GP Pension ERs Adjs - PMS,PRC DELEGATED CO-COMMISSIONING,NHS ROTHERHAM CCG GP PRACTICE,35238528,"-8,481.44"
Department of Health,NHS Rotherham CCG,31/01/2021,C&M-PMS Contract Value,PRC DELEGATED CO-COMMISSIONING,NHS ROTHERHAM CCG GP PRACTICE,35238529,"156,271.77"
Department of Health,NHS Rotherham CCG,31/01/2021,C&M-PMS DES Extended Hours Access,PRC DELEGATED CO-COMMISSIONING,NHS ROTHERHAM CCG GP PRACTICE,35238529,"10,663.34"
Department of Health,NHS Rotherham CCG,31/01/2021,C&M-PMS Out of Hours Opt Outs,PRC DELEGATED CO-COMMISSIONING,NHS ROTHERHAM CCG GP PRACTICE,35238529,71.34
Department of Health,NHS Rotherham CCG,31/01/2021,C&M-PMS PCN DES Clinical Director,PRC DELEGATED CO-COMMISSIONING,NHS ROTHERHAM CCG GP PRACTICE,35238529,"4,621.86"
Department of Health,NHS Rotherham CCG,31/01/2021,C&M-PMS PCN DES PCN support,LOCAL ENHANCED SERVICES,NHS ROTHERHAM CCG GP PRACTICE,35238529,"6,459.92"
Department of Health,NHS Rotherham CCG,31/01/2021,C&M-PMS PCN DES Participation,PRC DELEGATED CO-COMMISSIONING,NHS ROTHERHAM CCG GP PRACTICE,35238529,"5,844.12"
Department of Health,NHS Rotherham CCG,31/01/2021,C&M-PMS PCO Other,PRC DELEGATED CO-COMMISSIONING,NHS ROTHERHAM CCG GP PRACTICE,35238529,"1,060.10"
Department of Health,NHS Rotherham CCG,31/01/2021,C&M-PMS Prem Healthcentre Rent,PRC DELEGATED CO-COMMISSIONING,NHS ROTHERHAM CCG GP PRACTICE,35238529,537.32
Department of Health,NHS Rotherham CCG,31/01/2021,C&M-PMS Prem Notional Rent,PRC DELEGATED CO-COMMISSIONING,NHS ROTHERHAM CCG GP PRACTICE,35238529,"21,573.33"
Department of Health,NHS Rotherham CCG,31/01/2021,C&M-PMS Prem Rates,PRC DELEGATED CO-COMMISSIONING,NHS ROTHERHAM CCG GP PRACTICE,35238529,"6,795.00"
Department of Health,NHS Rotherham CCG,31/01/2021,C&M-PMS QOF Aspiration,PRC DELEGATED CO-COMMISSIONING,NHS ROTHERHAM CCG GP PRACTICE,35238529,"15,287.25"
Department of Health,NHS Rotherham CCG,31/01/2021,C&M-PMS Additional Staff Payments,PRC DELEGATED CO-COMMISSIONING,NHS ROTHERHAM CCG GP PRACTICE,35270979,"56,265.35"
Department of Health,NHS Rotherham CCG,31/01/2021,C&M-PMS Cost of Drugs -Prescribing,LOCAL ENHANCED SERVICES,NHS ROTHERHAM CCG GP PRACTICE,35438667,"24,420.22"
Department of Health,NHS Rotherham CCG,31/01/2021,C&M-PMS Prof fees Prescribing,PRC DELEGATED CO-COMMISSIONING,NHS ROTHERHAM CCG GP PRACTICE,35438667,"6,429.61"
Department of Health,NHS Rotherham CCG,31/01/2021,C&M-PMS Contract Value,PRC DELEGATED CO-COMMISSIONING,NHS ROTHERHAM CCG GP PRACTICE,35238553,"58,394.86"
Department of Health,NHS Rotherham CCG,31/01/2021,C&M-PMS Out of Hours Opt Outs,PRC DELEGATED CO-COMMISSIONING,NHS ROTHERHAM CCG GP PRACTICE,35238553,16.96
Department of Health,NHS Rotherham CCG,31/01/2021,C&M-PMS PCN DES Participation,PRC DELEGATED CO-COMMISSIONING,NHS ROTHERHAM CCG GP PRACTICE,35238553,"2,180.19"
Department of Health,NHS Rotherham CCG,31/01/2021,C&M-PMS PCO Other,PRC DELEGATED CO-COMMISSIONING,NHS ROTHERHAM CCG GP PRACTICE,35238553,448.4
Department of Health,NHS Rotherham CCG,31/01/2021,C&M-PMS Prem Healthcentre Rent,PRC DELEGATED CO-COMMISSIONING,NHS ROTHERHAM CCG GP PRACTICE,35238553,"4,085.87"
Department of Health,NHS Rotherham CCG,31/01/2021,C&M-PMS QOF Aspiration,PRC DELEGATED CO-COMMISSIONING,NHS ROTHERHAM CCG GP PRACTICE,35238553,"5,451.30"
Department of Health,NHS Rotherham CCG,31/01/2021,C&M-GMS Cost of Drugs -Prescribing,LOCAL ENHANCED SERVICES,NHS ROTHERHAM CCG GP PRACTICE,35172264,"3,322.25"
Department of Health,NHS Rotherham CCG,31/01/2021,C&M-GMS GP Statutory Levy,PRC DELEGATED CO-COMMISSIONING,NHS ROTHERHAM CCG GP PRACTICE,35172264,-97.27
Department of Health,NHS Rotherham CCG,31/01/2021,C&M-GMS Global Sum,PRC DELEGATED CO-COMMISSIONING,NHS ROTHERHAM CCG GP PRACTICE,35172264,"28,671.23"
Department of Health,NHS Rotherham CCG,31/01/2021,C&M-GMS PCN DES Participation,PRC DELEGATED CO-COMMISSIONING,NHS ROTHERHAM CCG GP PRACTICE,35172264,570.13
Department of Health,NHS Rotherham CCG,31/01/2021,C&M-GMS Prem Healthcentre Rent,PRC DELEGATED CO-COMMISSIONING,NHS ROTHERHAM CCG GP PRACTICE,35172264,"2,821.50"
Department of Health,NHS Rotherham CCG,31/01/2021,C&M-GMS Prof Fees Prescribing,PRC DELEGATED CO-COMMISSIONING,NHS ROTHERHAM CCG GP PRACTICE,35172264,939.49
Department of Health,NHS Rotherham CCG,31/01/2021,C&M-GMS QOF Aspiration,PRC DELEGATED CO-COMMISSIONING,NHS ROTHERHAM CCG GP PRACTICE,35172264,"3,104.13"
Department of Health,NHS Rotherham CCG,31/01/2021,C&M-GMS Voluntary Levy,PRC DELEGATED CO-COMMISSIONING,NHS ROTHERHAM CCG GP PRACTICE,35172264,-14.3
Department of Health,NHS Rotherham CCG,31/01/2021,ME-GMS GP Pension EEs,PRC DELEGATED CO-COMMISSIONING,NHS ROTHERHAM CCG GP PRACTICE,35172264,"-1,350.00"
Department of Health,NHS Rotherham CCG,31/01/2021,ME-GMS GP Pension ERs Adjustments,PRC DELEGATED CO-COMMISSIONING,NHS ROTHERHAM CCG GP PRACTICE,35172264,"-1,438.00"
Department of Health,NHS Rotherham CCG,31/01/2021,C&M-GMS Global Sum,PRC DELEGATED CO-COMMISSIONING,NHS ROTHERHAM CCG GP PRACTICE,35426583,"28,599.61"
Department of Health,NHS Rotherham CCG,31/01/2021,C&M-GMS PCN DES Participation,PRC DELEGATED CO-COMMISSIONING,NHS ROTHERHAM CCG GP PRACTICE,35426583,"1,139.30"
Department of Health,NHS Rotherham CCG,31/01/2021,C&M-GMS PCO Other,PRC DELEGATED CO-COMMISSIONING,NHS ROTHERHAM CCG GP PRACTICE,35426583,"2,444.00"
Department of Health,NHS Rotherham CCG,31/01/2021,C&M-GMS Prem Healthcentre Rent,PRC DELEGATED CO-COMMISSIONING,NHS ROTHERHAM CCG GP PRACTICE,35426583,"2,720.73"
Department of Health,NHS Rotherham CCG,31/01/2021,C&M-GMS QOF Aspiration,PRC DELEGATED CO-COMMISSIONING,NHS ROTHERHAM CCG GP PRACTICE,35426583,"3,104.13"
Department of Health,NHS Rotherham CCG,31/01/2021,C&M-PMS Contract Value,PRC DELEGATED CO-COMMISSIONING,NHS ROTHERHAM CCG GP PRACTICE,35238533,"29,224.44"
Department of Health,NHS Rotherham CCG,31/01/2021,C&M-PMS Out of Hours Opt Outs,PRC DELEGATED CO-COMMISSIONING,NHS ROTHERHAM CCG GP PRACTICE,35238533,14.78
Department of Health,NHS Rotherham CCG,31/01/2021,C&M-PMS PCN DES Participation,PRC DELEGATED CO-COMMISSIONING,NHS ROTHERHAM CCG GP PRACTICE,35238533,"1,089.79"
Department of Health,NHS Rotherham CCG,31/01/2021,C&M-PMS Prem Notional Rent,PRC DELEGATED CO-COMMISSIONING,NHS ROTHERHAM CCG GP PRACTICE,35238533,"3,100.00"
Department of Health,NHS Rotherham CCG,31/01/2021,C&M-PMS Prem Rates,PRC DELEGATED CO-COMMISSIONING,NHS ROTHERHAM CCG GP PRACTICE,35238533,672
Department of Health,NHS Rotherham CCG,31/01/2021,C&M-PMS QOF Aspiration,PRC DELEGATED CO-COMMISSIONING,NHS ROTHERHAM CCG GP PRACTICE,35238533,"2,894.88"
Department of Health,NHS Rotherham CCG,31/01/2021,C&M-PMS Contract Value,PRC DELEGATED CO-COMMISSIONING,NHS ROTHERHAM CCG GP PRACTICE,35238541,"55,641.76"
Department of Health,NHS Rotherham CCG,31/01/2021,C&M-PMS Out of Hours Opt Outs,PRC DELEGATED CO-COMMISSIONING,NHS ROTHERHAM CCG GP PRACTICE,35238541,15.67
Department of Health,NHS Rotherham CCG,31/01/2021,C&M-PMS PCN DES Participation,PRC DELEGATED CO-COMMISSIONING,NHS ROTHERHAM CCG GP PRACTICE,35238541,"2,093.16"
Department of Health,NHS Rotherham CCG,31/01/2021,C&M-PMS Prem Notional Rent,PRC DELEGATED CO-COMMISSIONING,NHS ROTHERHAM CCG GP PRACTICE,35238541,"6,791.67"
Department of Health,NHS Rotherham CCG,31/01/2021,C&M-PMS QOF Aspiration,PRC DELEGATED CO-COMMISSIONING,NHS ROTHERHAM CCG GP PRACTICE,35238541,"5,316.88"
Department of Health,NHS Rotherham CCG,31/01/2021,C&M-GMS Other Addtl Staff Paymts,PRC DELEGATED CO-COMMISSIONING,NHS ROTHERHAM CCG GP PRACTICE,35271016,"29,060.93"
Department of Health,NHS Rotherham CCG,31/01/2021,C&M-GMS Global Sum,PRC DELEGATED CO-COMMISSIONING,NHS ROTHERHAM CCG GP PRACTICE,35423391,"76,901.25"
Department of Health,NHS Rotherham CCG,31/01/2021,C&M-GMS PCN DES Participation,PRC DELEGATED CO-COMMISSIONING,NHS ROTHERHAM CCG GP PRACTICE,35423391,"3,023.57"
Department of Health,NHS Rotherham CCG,31/01/2021,C&M-GMS Prem Notional Rent,PRC DELEGATED CO-COMMISSIONING,NHS ROTHERHAM CCG GP PRACTICE,35423391,"6,225.00"
Department of Health,NHS Rotherham CCG,31/01/2021,C&M-GMS Prem Rates,PRC DELEGATED CO-COMMISSIONING,NHS ROTHERHAM CCG GP PRACTICE,35423391,"1,092.00"
Department of Health,NHS Rotherham CCG,31/01/2021,C&M-GMS Prem Water Rates,PRC DELEGATED CO-COMMISSIONING,NHS ROTHERHAM CCG GP PRACTICE,35423391,190.73
Department of Health,NHS Rotherham CCG,31/01/2021,C&M-GMS QOF Aspiration,PRC DELEGATED CO-COMMISSIONING,NHS ROTHERHAM CCG GP PRACTICE,35423391,"7,813.95"
Department of Health,NHS Rotherham CCG,31/01/2021,ME-GMS GP Pension EEs Adjustments,PRC DELEGATED CO-COMMISSIONING,NHS ROTHERHAM CCG GP PRACTICE,35423391,891.03
Department of Health,NHS Rotherham CCG,31/01/2021,ME-GMS GP Prior Year EEs,PRC DELEGATED CO-COMMISSIONING,NHS ROTHERHAM CCG GP PRACTICE,35423391,440.12
Department of Health,NHS Rotherham CCG,31/01/2021,C&M-GMS Global Sum,PRC DELEGATED CO-COMMISSIONING,NHS ROTHERHAM CCG GP PRACTICE,35423393,"30,366.05"
Department of Health,NHS Rotherham CCG,31/01/2021,C&M-GMS PCN DES Participation,PRC DELEGATED CO-COMMISSIONING,NHS ROTHERHAM CCG GP PRACTICE,35423393,"1,224.75"
Department of Health,NHS Rotherham CCG,31/01/2021,C&M-GMS Prem Healthcentre Rent,PRC DELEGATED CO-COMMISSIONING,NHS ROTHERHAM CCG GP PRACTICE,35423393,"3,808.94"
Department of Health,NHS Rotherham CCG,31/01/2021,C&M-GMS QOF Aspiration,PRC DELEGATED CO-COMMISSIONING,NHS ROTHERHAM CCG GP PRACTICE,35423393,"2,694.87"
Department of Health,NHS Rotherham CCG,31/01/2021,C&M-PMS Contract Value,PRC DELEGATED CO-COMMISSIONING,NHS ROTHERHAM CCG GP PRACTICE,35238537,"70,230.15"
Department of Health,NHS Rotherham CCG,31/01/2021,C&M-PMS Out of Hours Opt Outs,PRC DELEGATED CO-COMMISSIONING,NHS ROTHERHAM CCG GP PRACTICE,35238537,94.23
Department of Health,NHS Rotherham CCG,31/01/2021,C&M-PMS PCN DES Participation,PRC DELEGATED CO-COMMISSIONING,NHS ROTHERHAM CCG GP PRACTICE,35238537,"2,609.32"
Department of Health,NHS Rotherham CCG,31/01/2021,C&M-PMS PCO Other,PRC DELEGATED CO-COMMISSIONING,NHS ROTHERHAM CCG GP PRACTICE,35238537,511.7
Department of Health,NHS Rotherham CCG,31/01/2021,C&M-PMS Prem Notional Rent,PRC DELEGATED CO-COMMISSIONING,NHS ROTHERHAM CCG GP PRACTICE,35238537,"4,779.16"
Department of Health,NHS Rotherham CCG,31/01/2021,C&M-PMS Prem Rates,PRC DELEGATED CO-COMMISSIONING,NHS ROTHERHAM CCG GP PRACTICE,35238537,"2,491.60"
Department of Health,NHS Rotherham CCG,31/01/2021,C&M-PMS QOF Aspiration,PRC DELEGATED CO-COMMISSIONING,NHS ROTHERHAM CCG GP PRACTICE,35238537,"6,336.39"
Department of Health,NHS Rotherham CCG,31/01/2021,C&M-PMS Additional Staff Payments,PRC DELEGATED CO-COMMISSIONING,NHS ROTHERHAM CCG GP PRACTICE,35271010,"25,414.45"
Department of Health,NHS Rotherham CCG,31/01/2021,C&M-PMS Contract Value,PRC DELEGATED CO-COMMISSIONING,NHS ROTHERHAM CCG GP PRACTICE,35242729,"52,607.34"
Department of Health,NHS Rotherham CCG,31/01/2021,C&M-PMS Out of Hours Opt Outs,PRC DELEGATED CO-COMMISSIONING,NHS ROTHERHAM CCG GP PRACTICE,35242729,34.37
Department of Health,NHS Rotherham CCG,31/01/2021,C&M-PMS PCN DES Participation,PRC DELEGATED CO-COMMISSIONING,NHS ROTHERHAM CCG GP PRACTICE,35242729,"1,974.90"
Department of Health,NHS Rotherham CCG,31/01/2021,C&M-PMS Prem Notional Rent,PRC DELEGATED CO-COMMISSIONING,NHS ROTHERHAM CCG GP PRACTICE,35242729,"3,645.83"
Department of Health,NHS Rotherham CCG,31/01/2021,C&M-PMS Prem Rates,PRC DELEGATED CO-COMMISSIONING,NHS ROTHERHAM CCG GP PRACTICE,35242729,723
Department of Health,NHS Rotherham CCG,31/01/2021,C&M-PMS QOF Aspiration,PRC DELEGATED CO-COMMISSIONING,NHS ROTHERHAM CCG GP PRACTICE,35242729,"5,288.60"
Department of Health,NHS Rotherham CCG,31/01/2021,C&M-PMS Contract Value,PRC DELEGATED CO-COMMISSIONING,NHS ROTHERHAM CCG GP PRACTICE,35242732,"71,234.07"
Department of Health,NHS Rotherham CCG,31/01/2021,C&M-PMS Out of Hours Opt Outs,PRC DELEGATED CO-COMMISSIONING,NHS ROTHERHAM CCG GP PRACTICE,35242732,55.47
Department of Health,NHS Rotherham CCG,31/01/2021,C&M-PMS PCN DES Participation,PRC DELEGATED CO-COMMISSIONING,NHS ROTHERHAM CCG GP PRACTICE,35242732,"2,671.96"
Department of Health,NHS Rotherham CCG,31/01/2021,C&M-PMS PCO Other,PRC DELEGATED CO-COMMISSIONING,NHS ROTHERHAM CCG GP PRACTICE,35242732,512.7
Department of Health,NHS Rotherham CCG,31/01/2021,C&M-PMS Prem Healthcentre Rent,PRC DELEGATED CO-COMMISSIONING,NHS ROTHERHAM CCG GP PRACTICE,35242732,893.3
Department of Health,NHS Rotherham CCG,31/01/2021,C&M-PMS Prem Notional Rent,PRC DELEGATED CO-COMMISSIONING,NHS ROTHERHAM CCG GP PRACTICE,35242732,"3,402.08"
Department of Health,NHS Rotherham CCG,31/01/2021,C&M-PMS Prem Rates,PRC DELEGATED CO-COMMISSIONING,NHS ROTHERHAM CCG GP PRACTICE,35242732,906
Department of Health,NHS Rotherham CCG,31/01/2021,C&M-PMS QOF Aspiration,PRC DELEGATED CO-COMMISSIONING,NHS ROTHERHAM CCG GP PRACTICE,35242732,"6,040.09"
Department of Health,NHS Rotherham CCG,31/01/2021,C&M-PMS Additional Staff Payments,PRC DELEGATED CO-COMMISSIONING,NHS ROTHERHAM CCG GP PRACTICE,35271014,"25,268.72"
Department of Health,NHS Rotherham CCG,31/01/2021,C&M-PMS Contract Value,PRC DELEGATED CO-COMMISSIONING,NHS ROTHERHAM CCG GP PRACTICE,35242727,"53,840.27"
Department of Health,NHS Rotherham CCG,31/01/2021,C&M-PMS Out of Hours Opt Outs,PRC DELEGATED CO-COMMISSIONING,NHS ROTHERHAM CCG GP PRACTICE,35242727,22.34
Department of Health,NHS Rotherham CCG,31/01/2021,C&M-PMS PCN DES Participation,PRC DELEGATED CO-COMMISSIONING,NHS ROTHERHAM CCG GP PRACTICE,35242727,"1,950.55"
Department of Health,NHS Rotherham CCG,31/01/2021,C&M-PMS PCO Other,PRC DELEGATED CO-COMMISSIONING,NHS ROTHERHAM CCG GP PRACTICE,35242727,441.2
Department of Health,NHS Rotherham CCG,31/01/2021,C&M-PMS Prem Healthcentre Rent,PRC DELEGATED CO-COMMISSIONING,NHS ROTHERHAM CCG GP PRACTICE,35242727,"1,979.17"
Department of Health,NHS Rotherham CCG,31/01/2021,C&M-PMS Prem Water Rates,PRC DELEGATED CO-COMMISSIONING,NHS ROTHERHAM CCG GP PRACTICE,35242727,140.43
Department of Health,NHS Rotherham CCG,31/01/2021,C&M-PMS QOF Aspiration,PRC DELEGATED CO-COMMISSIONING,NHS ROTHERHAM CCG GP PRACTICE,35242727,"4,399.19"
Department of Health,NHS Rotherham CCG,31/01/2021,C&M-PMS Contract Value,PRC DELEGATED CO-COMMISSIONING,NHS ROTHERHAM CCG GP PRACTICE,35238535,"48,388.21"
Department of Health,NHS Rotherham CCG,31/01/2021,C&M-PMS Out of Hours Opt Outs,PRC DELEGATED CO-COMMISSIONING,NHS ROTHERHAM CCG GP PRACTICE,35238535,23.77
Department of Health,NHS Rotherham CCG,31/01/2021,C&M-PMS PCN DES Participation,PRC DELEGATED CO-COMMISSIONING,NHS ROTHERHAM CCG GP PRACTICE,35238535,"1,795.72"
Department of Health,NHS Rotherham CCG,31/01/2021,C&M-PMS Prem Notional Rent,PRC DELEGATED CO-COMMISSIONING,NHS ROTHERHAM CCG GP PRACTICE,35238535,"7,100.09"
Department of Health,NHS Rotherham CCG,31/01/2021,C&M-PMS QOF Aspiration,PRC DELEGATED CO-COMMISSIONING,NHS ROTHERHAM CCG GP PRACTICE,35238535,"3,965.40"
Department of Health,NHS Rotherham CCG,31/01/2021,C&M-PMS Contract Value,PRC DELEGATED CO-COMMISSIONING,NHS ROTHERHAM CCG GP PRACTICE,35238543,"38,499.94"
Department of Health,NHS Rotherham CCG,31/01/2021,C&M-PMS Out of Hours Opt Outs,PRC DELEGATED CO-COMMISSIONING,NHS ROTHERHAM CCG GP PRACTICE,35238543,18.8
Department of Health,NHS Rotherham CCG,31/01/2021,C&M-PMS PCN DES Participation,PRC DELEGATED CO-COMMISSIONING,NHS ROTHERHAM CCG GP PRACTICE,35238543,"2,173.50"
Department of Health,NHS Rotherham CCG,31/01/2021,C&M-PMS Prem Notional Rent,PRC DELEGATED CO-COMMISSIONING,NHS ROTHERHAM CCG GP PRACTICE,35238543,"4,304.17"
Department of Health,NHS Rotherham CCG,31/01/2021,C&M-PMS QOF Aspiration,PRC DELEGATED CO-COMMISSIONING,NHS ROTHERHAM CCG GP PRACTICE,35238543,"3,453.75"
Department of Health,NHS Rotherham CCG,31/01/2021,C&M-PMS Contract Value,PRC DELEGATED CO-COMMISSIONING,NHS ROTHERHAM CCG GP PRACTICE,35238545,"81,638.09"
Department of Health,NHS Rotherham CCG,31/01/2021,C&M-PMS Out of Hours Opt Outs,PRC DELEGATED CO-COMMISSIONING,NHS ROTHERHAM CCG GP PRACTICE,35238545,15.62
Department of Health,NHS Rotherham CCG,31/01/2021,C&M-PMS PCN DES Participation,PRC DELEGATED CO-COMMISSIONING,NHS ROTHERHAM CCG GP PRACTICE,35238545,"3,031.70"
Department of Health,NHS Rotherham CCG,31/01/2021,C&M-PMS PCO Other,PRC DELEGATED CO-COMMISSIONING,NHS ROTHERHAM CCG GP PRACTICE,35238545,630.6
Department of Health,NHS Rotherham CCG,31/01/2021,C&M-PMS Prem Notional Rent,PRC DELEGATED CO-COMMISSIONING,NHS ROTHERHAM CCG GP PRACTICE,35238545,"6,512.50"
Department of Health,NHS Rotherham CCG,31/01/2021,C&M-PMS Prem Rates,PRC DELEGATED CO-COMMISSIONING,NHS ROTHERHAM CCG GP PRACTICE,35238545,"2,023.00"
Department of Health,NHS Rotherham CCG,31/01/2021,C&M-PMS Prem Water Rates,PRC DELEGATED CO-COMMISSIONING,NHS ROTHERHAM CCG GP PRACTICE,35238545,132.56
Department of Health,NHS Rotherham CCG,31/01/2021,C&M-PMS QOF Aspiration,PRC DELEGATED CO-COMMISSIONING,NHS ROTHERHAM CCG GP PRACTICE,35238545,"7,694.78"
Department of Health,NHS Rotherham CCG,31/01/2021,C&M-PMS Additional Staff Payments,PRC DELEGATED CO-COMMISSIONING,NHS ROTHERHAM CCG GP PRACTICE,35270999,"32,596.52"
Department of Health,NHS Rotherham CCG,31/01/2021,Prescribing,MEDICINES MANAGEMENT - CLINICAL,FRESENIUS KABI LTD,35429161,4.44
Department of Health,NHS Rotherham CCG,31/01/2021,Prescribing,MEDICINES MANAGEMENT - CLINICAL,FRESENIUS KABI LTD,35429161,"36,002.28"
Department of Health,NHS Rotherham CCG,31/01/2021,C&M-APMS Contract Value,PRC DELEGATED CO-COMMISSIONING,NHS ROTHERHAM CCG GP PRACTICE,35238547,"65,170.44"
Department of Health,NHS Rotherham CCG,31/01/2021,C&M-APMS DES Violent Patients,PRC DELEGATED CO-COMMISSIONING,NHS ROTHERHAM CCG GP PRACTICE,35238547,604.17
Department of Health,NHS Rotherham CCG,31/01/2021,C&M-APMS OOH Opt Outs,PRC DELEGATED CO-COMMISSIONING,NHS ROTHERHAM CCG GP PRACTICE,35238547,156.48
Department of Health,NHS Rotherham CCG,31/01/2021,C&M-APMS Other FDR Payment,PRC DELEGATED CO-COMMISSIONING,NHS ROTHERHAM CCG GP PRACTICE,35238547,"12,840.67"
Department of Health,NHS Rotherham CCG,31/01/2021,C&M-APMS PCN DES Participation,PRC DELEGATED CO-COMMISSIONING,NHS ROTHERHAM CCG GP PRACTICE,35238547,"1,198.60"
Department of Health,NHS Rotherham CCG,31/01/2021,C&M-APMS Prem Actual Rent,PRC DELEGATED CO-COMMISSIONING,NHS ROTHERHAM CCG GP PRACTICE,35238547,"2,083.33"
Department of Health,NHS Rotherham CCG,31/01/2021,C&M-APMS Prem Healthcentre Rent,PRC DELEGATED CO-COMMISSIONING,NHS ROTHERHAM CCG GP PRACTICE,35238547,"4,500.00"
Department of Health,NHS Rotherham CCG,31/01/2021,C&M-APMS QOF Aspiration,PRC DELEGATED CO-COMMISSIONING,NHS ROTHERHAM CCG GP PRACTICE,35238547,36.09
Department of Health,NHS Rotherham CCG,31/01/2021,C&M-PMS PCN DES Participation,PRC DELEGATED CO-COMMISSIONING,NHS ROTHERHAM CCG GP PRACTICE,35238547,"1,200.64"
Department of Health,NHS Rotherham CCG,31/01/2021,C&M-PMS Prem Rates,PRC DELEGATED CO-COMMISSIONING,NHS ROTHERHAM CCG GP PRACTICE,35238547,478
Department of Health,NHS Rotherham CCG,31/01/2021,C&M-PMS QOF Aspiration,PRC DELEGATED CO-COMMISSIONING,NHS ROTHERHAM CCG GP PRACTICE,35238547,"5,440.34"
Department of Health,NHS Rotherham CCG,31/01/2021,C&M-APMS Other Addtl Staff Paymts,PRC DELEGATED CO-COMMISSIONING,NHS ROTHERHAM CCG GP PRACTICE,35271002,"26,944.64"
Department of Health,NHS Rotherham CCG,31/01/2021,Apprenticeship Levy Payable,BALANCE SHEET,HMRC,35308346,800
Department of Health,NHS Rotherham CCG,31/01/2021,Income tax <1Yr,BALANCE SHEET,HMRC,35308346,"61,055.45"
Department of Health,NHS Rotherham CCG,31/01/2021,Income tax <1Yr-Student Loans,BALANCE SHEET,HMRC,35308346,473
Department of Health,NHS Rotherham CCG,31/01/2021,National Insurance < 1 yr-NI- ERS,BALANCE SHEET,HMRC,35308346,"43,695.89"
Department of Health,NHS Rotherham CCG,31/01/2021,National Insurance < 1 yr-NI-EES,BALANCE SHEET,HMRC,35308346,"32,015.65"
Department of Health,NHS Rotherham CCG,31/01/2021,Statutory Mat Pay < 1 yr,BALANCE SHEET,HMRC,35308346,-556.4
Department of Health,NHS Rotherham CCG,31/01/2021,Clinical&Medical-Commercial Sector,MENTAL HEALTH SERVICES - OTHER,IESO DIGITAL HEALTH LTD,35280240,"109,698.00"
Department of Health,NHS Rotherham CCG,31/01/2021,C&M-PMS Contract Value,PRC DELEGATED CO-COMMISSIONING,NHS ROTHERHAM CCG GP PRACTICE,35242733,"-1,687.19"
Department of Health,NHS Rotherham CCG,31/01/2021,C&M-PMS GP Statutory Levy,PRC DELEGATED CO-COMMISSIONING,NHS ROTHERHAM CCG GP PRACTICE,35242733,-391.68
Department of Health,NHS Rotherham CCG,31/01/2021,C&M-PMS Out of Hours Opt Outs,PRC DELEGATED CO-COMMISSIONING,NHS ROTHERHAM CCG GP PRACTICE,35242733,"-5,920.79"
Department of Health,NHS Rotherham CCG,31/01/2021,C&M-PMS PCN DES Participation,PRC DELEGATED CO-COMMISSIONING,NHS ROTHERHAM CCG GP PRACTICE,35242733,"-2,314.16"
Department of Health,NHS Rotherham CCG,31/01/2021,C&M-PMS Prem Healthcentre Rent,PRC DELEGATED CO-COMMISSIONING,NHS ROTHERHAM CCG GP PRACTICE,35242733,-210.73
Department of Health,NHS Rotherham CCG,31/01/2021,C&M-PMS Voluntary Levy,PRC DELEGATED CO-COMMISSIONING,NHS ROTHERHAM CCG GP PRACTICE,35242733,-57.6
Department of Health,NHS Rotherham CCG,31/01/2021,ME-PMS GP Pension EEs Adjs - PMS,PRC DELEGATED CO-COMMISSIONING,NHS ROTHERHAM CCG GP PRACTICE,35242733,"-1,909.55"
Department of Health,NHS Rotherham CCG,31/01/2021,ME-PMS GP Pension EEs-PMS,PRC DELEGATED CO-COMMISSIONING,NHS ROTHERHAM CCG GP PRACTICE,35242733,"-7,834.98"
Department of Health,NHS Rotherham CCG,31/01/2021,ME-PMS GP Pension ERs Adjs - PMS,PRC DELEGATED CO-COMMISSIONING,NHS ROTHERHAM CCG GP PRACTICE,35242733,"-11,080.23"
Department of Health,NHS Rotherham CCG,31/01/2021,C&M-PMS Contract Value,PRC DELEGATED CO-COMMISSIONING,NHS ROTHERHAM CCG GP PRACTICE,35242734,"124,224.36"
Department of Health,NHS Rotherham CCG,31/01/2021,C&M-PMS Out of Hours Opt Outs,PRC DELEGATED CO-COMMISSIONING,NHS ROTHERHAM CCG GP PRACTICE,35242734,80.52
Department of Health,NHS Rotherham CCG,31/01/2021,C&M-PMS PCN DES Participation,PRC DELEGATED CO-COMMISSIONING,NHS ROTHERHAM CCG GP PRACTICE,35242734,"9,260.58"
Department of Health,NHS Rotherham CCG,31/01/2021,C&M-PMS PCO Other,PRC DELEGATED CO-COMMISSIONING,NHS ROTHERHAM CCG GP PRACTICE,35242734,838
Department of Health,NHS Rotherham CCG,31/01/2021,C&M-PMS Prem Actual Rent,PRC DELEGATED CO-COMMISSIONING,NHS ROTHERHAM CCG GP PRACTICE,35242734,"11,987.51"
Department of Health,NHS Rotherham CCG,31/01/2021,C&M-PMS Prem Healthcentre Rent,PRC DELEGATED CO-COMMISSIONING,NHS ROTHERHAM CCG GP PRACTICE,35242734,"1,185.09"
Department of Health,NHS Rotherham CCG,31/01/2021,C&M-PMS Prem Notional Rent,PRC DELEGATED CO-COMMISSIONING,NHS ROTHERHAM CCG GP PRACTICE,35242734,"9,783.34"
Department of Health,NHS Rotherham CCG,31/01/2021,C&M-PMS Prem Rates,PRC DELEGATED CO-COMMISSIONING,NHS ROTHERHAM CCG GP PRACTICE,35242734,"4,480.00"
Department of Health,NHS Rotherham CCG,31/01/2021,C&M-PMS QOF Aspiration,PRC DELEGATED CO-COMMISSIONING,NHS ROTHERHAM CCG GP PRACTICE,35242734,"12,088.28"
Department of Health,NHS Rotherham CCG,31/01/2021,C&M-PMS Additional Staff Payments,PRC DELEGATED CO-COMMISSIONING,NHS ROTHERHAM CCG GP PRACTICE,35271011,"43,764.05"
Department of Health,NHS Rotherham CCG,31/01/2021,C&M-PMS Contract Value,PRC DELEGATED CO-COMMISSIONING,NHS ROTHERHAM CCG GP PRACTICE,35238551,"55,185.40"
Department of Health,NHS Rotherham CCG,31/01/2021,C&M-PMS Out of Hours Opt Outs,PRC DELEGATED CO-COMMISSIONING,NHS ROTHERHAM CCG GP PRACTICE,35238551,11.05
Department of Health,NHS Rotherham CCG,31/01/2021,C&M-PMS PCN DES Participation,PRC DELEGATED CO-COMMISSIONING,NHS ROTHERHAM CCG GP PRACTICE,35238551,"2,062.87"
Department of Health,NHS Rotherham CCG,31/01/2021,C&M-PMS Prem Healthcentre Rent,PRC DELEGATED CO-COMMISSIONING,NHS ROTHERHAM CCG GP PRACTICE,35238551,"4,207.64"
Department of Health,NHS Rotherham CCG,31/01/2021,C&M-PMS QOF Aspiration,PRC DELEGATED CO-COMMISSIONING,NHS ROTHERHAM CCG GP PRACTICE,35238551,"5,821.35"
Department of Health,NHS Rotherham CCG,31/01/2021,Clinical&Medical-Commercial Sector,WHEELCHAIR SERVICE,MEDEQUIP ASSISTIVE TECHNOLOGY LTD,35295393,"193,646.40"
Department of Health,NHS Rotherham CCG,31/01/2021,Clinical&Medical-Commercial Sector,LEARNING DIFFICULTIES,MOORVILLE RESIDENTIAL,35458628,"28,576.73"
Department of Health,NHS Rotherham CCG,31/01/2021,Hcare Srv Rec NHS CCG-Non Contract,CONTINUING HEALTHCARE ASSESSMENT & SUPPORT,NHS DONCASTER CCG,35244108,"235,910.00"
Department of Health,NHS Rotherham CCG,31/01/2021,Oth Travel Costs-Patient Transport,PATIENT TRANSPORT,NHS DONCASTER CCG,35282381,"41,505.00"
Department of Health,NHS Rotherham CCG,31/01/2021,C&M-GMS Prem Other,PRC DELEGATED CO-COMMISSIONING,NHS ENGLAND,35368269,"7,971.29"
Department of Health,NHS Rotherham CCG,31/01/2021,Contract- Refuse & Clinical Waste,PRC DELEGATED CO-COMMISSIONING,NHS ENGLAND,35368269,"16,529.82"
Department of Health,NHS Rotherham CCG,31/01/2021,legal fees,PRC DELEGATED CO-COMMISSIONING,NHS ENGLAND,35368269,"2,422.89"
Department of Health,NHS Rotherham CCG,31/01/2021,Computer Network Costs,NON RECURRENT PROGRAMMES,NHS MIDLANDS AND LANCASHIRE CSU,35469044,"69,950.00"
Department of Health,NHS Rotherham CCG,31/01/2021,Computer Network Costs,NON RECURRENT PROGRAMMES,NHS MIDLANDS AND LANCASHIRE CSU,35469054,"-41,050.00"
Department of Health,NHS Rotherham CCG,31/01/2021,Clinical&Medical-Commercial Sector,ACUTE COMMISSIONING,ONEHEALTH GROUP,35139760,"25,593.51"
Department of Health,NHS Rotherham CCG,31/01/2021,Oth Travel Costs-Patient Transport,PATIENT TRANSPORT,PREMIER CARE DIRECT LTD,35181624,"47,297.42"
Department of Health,NHS Rotherham CCG,31/01/2021,Cont Care- Palliative Care,CHC ADULT FULLY FUNDED,ROCHE ABBEY CARE HOME,35311441,"6,479.09"
Department of Health,NHS Rotherham CCG,31/01/2021,Cont Care-Interim Funding(Pre Panel),CHC ADULT FULLY FUNDED,ROCHE ABBEY CARE HOME,35311441,"8,234.49"
Department of Health,NHS Rotherham CCG,31/01/2021,Cont Care-Mental Health (65+),CHC ADULT FULLY FUNDED,ROCHE ABBEY CARE HOME,35311441,"1,571.43"
Department of Health,NHS Rotherham CCG,31/01/2021,Cont Care-Mental Health (<65),CHC ADULT FULLY FUNDED,ROCHE ABBEY CARE HOME,35311441,"2,320.87"
Department of Health,NHS Rotherham CCG,31/01/2021,Cont Care-Physical Disab (65+),CHC ADULT FULLY FUNDED,ROCHE ABBEY CARE HOME,35311441,"13,073.67"
Department of Health,NHS Rotherham CCG,31/01/2021,Cont Care-Physical Disab (<65),CHC ADULT FULLY FUNDED,ROCHE ABBEY CARE HOME,35311441,"2,030.76"
Department of Health,NHS Rotherham CCG,31/01/2021,Hcare Srv Rec Fdtn Trust-Contract Baseline,MENTAL HEALTH CONTRACTS,ROTHERHAM DONCASTER AND SOUTH HUMBER NHS FOUNDATION TRUST,35204317,"2,960,731.00"
Department of Health,NHS Rotherham CCG,31/01/2021,Cont Care- Prior Year Payments,CHC ADULT FULLY FUNDED,ROTHERHAM METROPOLITAN BOROUGH COUNCIL,35181678,"8,880.57"
Department of Health,NHS Rotherham CCG,31/01/2021,Cont Care-Learning Disab(<65),CHC ADULT FULLY FUNDED,ROTHERHAM METROPOLITAN BOROUGH COUNCIL,35181678,"31,293.84"
Department of Health,NHS Rotherham CCG,31/01/2021,Cont Care- Children,CHC CHILDREN,ROTHERHAM METROPOLITAN BOROUGH COUNCIL,35193713,"41,088.00"
Department of Health,NHS Rotherham CCG,31/01/2021,Cont Care- Children,CHC CHILDREN,ROTHERHAM METROPOLITAN BOROUGH COUNCIL,35193714,"39,160.00"
Department of Health,NHS Rotherham CCG,31/01/2021,Cont Care- Children,CHC CHILDREN,ROTHERHAM METROPOLITAN BOROUGH COUNCIL,35244145,"84,578.00"
Department of Health,NHS Rotherham CCG,31/01/2021,Clinical&Medical-Othe Public Sector,INTERMEDIATE CARE,ROTHERHAM METROPOLITAN BOROUGH COUNCIL,35429187,"904,250.00"
Department of Health,NHS Rotherham CCG,31/01/2021,Social Care-Direct Payments,REABLEMENT,ROTHERHAM METROPOLITAN BOROUGH COUNCIL,35429191,"977,371.00"
Department of Health,NHS Rotherham CCG,31/01/2021,Clinical&Medical-Othe Public Sector,CARERS,ROTHERHAM METROPOLITAN BOROUGH COUNCIL,35429192,"150,000.00"
Department of Health,NHS Rotherham CCG,31/01/2021,Social Care-Direct Payments,COMMISSIONING - NON ACUTE,ROTHERHAM METROPOLITAN BOROUGH COUNCIL,35429193,"229,348.00"
Department of Health,NHS Rotherham CCG,31/01/2021,Cont Care-FNC Client Continence Allow,FUNDED NURSING CARE,ROTHERHAM METROPOLITAN BOROUGH COUNCIL,35458842,"163,067.00"
Department of Health,NHS Rotherham CCG,31/01/2021,Cont Care-Funded Nursing Care Allow,FUNDED NURSING CARE,ROTHERHAM METROPOLITAN BOROUGH COUNCIL,35458842,"836,208.00"
Department of Health,NHS Rotherham CCG,31/01/2021,Hcare Srv Rec Fdtn Trust-Contract Baseline,ACUTE COMMISSIONING,ROTHERHAM NHS FOUNDATION TRUST,35204327,"16,854,504.00"
Department of Health,NHS Rotherham CCG,31/01/2021,Hcare Srv Rec Fdtn Trust-Contract Baseline,ACUTE COMMISSIONING,ROTHERHAM NHS FOUNDATION TRUST,35204329,"3,329,934.00"
Department of Health,NHS Rotherham CCG,31/01/2021,Hcare Srv Rec Fdtn Trust-Contract Baseline,ACUTE COMMISSIONING,SHEFFIELD CHILDRENS NHS FOUNDATION TRUST,35204321,"198,638.00"
Department of Health,NHS Rotherham CCG,31/01/2021,Hcare Srv Rec Fdtn Trust-Contract Baseline,MENTAL HEALTH CONTRACTS,SHEFFIELD HEALTH & SOCIAL CARE NHS FOUNDATION TRUST,35204323,"57,294.00"
Department of Health,NHS Rotherham CCG,31/01/2021,Hcare Srv Rec Fdtn Trust-Contract Baseline,ACUTE COMMISSIONING,SHEFFIELD TEACHING HOSPITALS NHS FOUNDATION TRUST,35204325,"2,224,428.00"
Department of Health,NHS Rotherham CCG,31/01/2021,C&M-PMS Contract Value,PRC DELEGATED CO-COMMISSIONING,NHS ROTHERHAM CCG GP PRACTICE,35238548,-328.51
Department of Health,NHS Rotherham CCG,31/01/2021,C&M-PMS GP Statutory Levy,PRC DELEGATED CO-COMMISSIONING,NHS ROTHERHAM CCG GP PRACTICE,35238548,-465.91
Department of Health,NHS Rotherham CCG,31/01/2021,C&M-PMS Out of Hours Opt Outs,PRC DELEGATED CO-COMMISSIONING,NHS ROTHERHAM CCG GP PRACTICE,35238548,"-6,191.76"
Department of Health,NHS Rotherham CCG,31/01/2021,C&M-PMS PCN DES Participation,PRC DELEGATED CO-COMMISSIONING,NHS ROTHERHAM CCG GP PRACTICE,35238548,"-2,438.91"
Department of Health,NHS Rotherham CCG,31/01/2021,C&M-PMS Voluntary Levy,PRC DELEGATED CO-COMMISSIONING,NHS ROTHERHAM CCG GP PRACTICE,35238548,-68.52
Department of Health,NHS Rotherham CCG,31/01/2021,ME-PMS GP Pension EEs Adjs - PMS,PRC DELEGATED CO-COMMISSIONING,NHS ROTHERHAM CCG GP PRACTICE,35238548,-186
Department of Health,NHS Rotherham CCG,31/01/2021,ME-PMS GP Pension EEs-PMS,PRC DELEGATED CO-COMMISSIONING,NHS ROTHERHAM CCG GP PRACTICE,35238548,"-9,491.54"
Department of Health,NHS Rotherham CCG,31/01/2021,ME-PMS GP Pension ERs Adjs - PMS,PRC DELEGATED CO-COMMISSIONING,NHS ROTHERHAM CCG GP PRACTICE,35238548,"-10,503.39"
Department of Health,NHS Rotherham CCG,31/01/2021,C&M-PMS Contract Value,PRC DELEGATED CO-COMMISSIONING,NHS ROTHERHAM CCG GP PRACTICE,35238549,"129,946.59"
Department of Health,NHS Rotherham CCG,31/01/2021,C&M-PMS DES Learn Dsblty Hlth Chk,PRC DELEGATED CO-COMMISSIONING,NHS ROTHERHAM CCG GP PRACTICE,35238549,280
Department of Health,NHS Rotherham CCG,31/01/2021,C&M-PMS Out of Hours Opt Outs,PRC DELEGATED CO-COMMISSIONING,NHS ROTHERHAM CCG GP PRACTICE,35238549,15.67
Department of Health,NHS Rotherham CCG,31/01/2021,C&M-PMS PCN DES Participation,PRC DELEGATED CO-COMMISSIONING,NHS ROTHERHAM CCG GP PRACTICE,35238549,"4,881.98"
Department of Health,NHS Rotherham CCG,31/01/2021,C&M-PMS PCO Locum Adop/Pat/Mat,PRC DELEGATED CO-COMMISSIONING,NHS ROTHERHAM CCG GP PRACTICE,35238549,"2,202.95"
Department of Health,NHS Rotherham CCG,31/01/2021,C&M-PMS PCO Other,PRC DELEGATED CO-COMMISSIONING,NHS ROTHERHAM CCG GP PRACTICE,35238549,993.7
Department of Health,NHS Rotherham CCG,31/01/2021,C&M-PMS Prem Healthcentre Rent,PRC DELEGATED CO-COMMISSIONING,NHS ROTHERHAM CCG GP PRACTICE,35238549,"1,175.76"
Department of Health,NHS Rotherham CCG,31/01/2021,C&M-PMS QOF Aspiration,PRC DELEGATED CO-COMMISSIONING,NHS ROTHERHAM CCG GP PRACTICE,35238549,"13,153.85"
Department of Health,NHS Rotherham CCG,31/01/2021,C&M-PMS Additional Staff Payments,PRC DELEGATED CO-COMMISSIONING,NHS ROTHERHAM CCG GP PRACTICE,35271009,"52,207.02"
Department of Health,NHS Rotherham CCG,31/01/2021,Clinical&Medical-Voluntary Sector,COUNSELLING SERVICES,VOLUNTARY ACTION ROTHERHAM,35407147,"193,926.50"
Department of Health,NHS Rotherham CCG,31/01/2021,Hcare Srv Rec NHS Trust-Contract Baseline,AMBULANCE SERVICES,YORKSHIRE AMBULANCE SERVICE NHS TRUST,35204332,"1,026,054.50"
,,,,,,,"37,454,862.57"
