Department Family,Entity,Date,Expense Type,Expense Area,Supplier,Transaction Number,AP Amount,Description,Supplier Postcode,Supplier type,Contract Number,Project code,Expenditure type,VAT Registration Number,Purchase Invoice Number
Department of Health,NHS Rotherham CCG,11/30/2020,Clinical&Medical-Commercial Sector,WHEELCHAIR SERVICE,MEDEQUIP ASSISTIVE TECHNOLOGY LTD,34448888,"193,646.40",,UB7 0LJ,,,,,218788662,47316
Department of Health,NHS Rotherham CCG,11/30/2020,Oth Travel Costs-Patient Transport,PATIENT TRANSPORT,PREMIER CARE DIRECT LTD,34460372,"47,297.42",https://nww.einvoice-prod.sbs.nhs.uk:8179/invoicepdf/5eabd997-7733-528f-aee7-30b10119e71e,DN5 9TJ,,,,,,1808
Department of Health,NHS Rotherham CCG,11/30/2020,Clinical&Medical-Commercial Sector,WHEELCHAIR SERVICE,MEDEQUIP ASSISTIVE TECHNOLOGY LTD,34468536,"193,646.40",,UB7 0LJ,,,,,218788662,47399
Department of Health,NHS Rotherham CCG,11/30/2020,Hcare Srv Rec Fdtn Trust-Contract Baseline,ACUTE COMMISSIONING,BARNSLEY HOSPITAL NHS FOUNDATION TRUST,34483296,"177,735.00",Dec Block Payment paid Nov,S75 2EP,,,,,654911819,03LBARNDEC20
Department of Health,NHS Rotherham CCG,11/30/2020,Hlthcre-Foundation Trsts,LEARNING DIFFICULTIES,CUMBRIA NORTHUMBERLAND TYNE AND WEAR NHS FOUNDATION TRUST,34483297,"67,050.00",Dec Block Payment paid Nov,NE3 3XT,,,,,,03LCUMBDEC20
Department of Health,NHS Rotherham CCG,11/30/2020,Hcare Srv Rec Fdtn Trust-Contract Baseline,ACUTE COMMISSIONING,DONCASTER AND BASSETLAW HOSPITALS NHS FOUNDATION TRUST,34483298,"842,299.00",Dec Block Payment paid Nov,WF3 1WE,,,,,654400067,03LD&BDEC20
Department of Health,NHS Rotherham CCG,11/30/2020,Hcare Srv Rec Fdtn Trust-Contract Baseline,MENTAL HEALTH CONTRACTS,ROTHERHAM DONCASTER AND SOUTH HUMBER NHS FOUNDATION TRUST,34483299,"2,793,272.00",Dec Block Payment paid Nov,DN4 8QN,,,,,GB654972302,03LRDASDEC20
Department of Health,NHS Rotherham CCG,11/30/2020,Hcare Srv Rec Fdtn Trust-Contract Baseline,ACUTE COMMISSIONING,SHEFFIELD CHILDRENS NHS FOUNDATION TRUST,34483300,"198,638.00",Dec Block Payment paid Nov,S10 2TH,,,,,654940418,03LSCHDEC20
Department of Health,NHS Rotherham CCG,11/30/2020,Hcare Srv Rec Fdtn Trust-Contract Baseline,MENTAL HEALTH CONTRACTS,SHEFFIELD HEALTH & SOCIAL CARE NHS FOUNDATION TRUST,34483301,"57,294.00",Dec Block Payment paid Nov,S10 3TH,,,,,654917213,03LSHCDEC20
Department of Health,NHS Rotherham CCG,11/30/2020,Hcare Srv Rec Fdtn Trust-Contract Baseline,ACUTE COMMISSIONING,SHEFFIELD TEACHING HOSPITALS NHS FOUNDATION TRUST,34483302,"2,224,428.00",Dec Block Payment paid Nov,S5 7AU,,,,,654400165,03LSTHDEC20
Department of Health,NHS Rotherham CCG,11/30/2020,Hcare Srv Rec Fdtn Trust-Contract Baseline,ACUTE COMMISSIONING,ROTHERHAM NHS FOUNDATION TRUST,34483303,"16,258,504.00",Dec Block Payment paid Nov,S60 2UD,,,,,654938300,03LRFTDEC20
Department of Health,NHS Rotherham CCG,11/30/2020,Hcare Srv Rec Fdtn Trust-Contract Baseline,ACUTE COMMISSIONING,ROTHERHAM NHS FOUNDATION TRUST,34483304,"4,389,901.00",Dec Block Payment paid Nov,S60 2UD,,,,,654938300,03LRFTDEC20A
Department of Health,NHS Rotherham CCG,11/30/2020,Hcare Srv Rec NHS Trust-Contract Baseline,AMBULANCE SERVICES,YORKSHIRE AMBULANCE SERVICE NHS TRUST,34483305,"1,015,342.00",Dec Block Payment paid Nov,WF2 0XQ,,,,,654971305,03LYASDEC20
Department of Health,NHS Rotherham CCG,11/30/2020,Cont Care- Palliative Care,CHC ADULT FULLY FUNDED,ROCHE ABBEY CARE HOME,34494652,"6,865.91",,S66 7LZ,,,,,,7202021
Department of Health,NHS Rotherham CCG,11/30/2020,Cont Care-Interim Funding(Pre Panel),CHC ADULT FULLY FUNDED,ROCHE ABBEY CARE HOME,34494652,"11,108.37",,S66 7LZ,,,,,,7202021
Department of Health,NHS Rotherham CCG,11/30/2020,Cont Care-Learning Disab(65+),CHC ADULT FULLY FUNDED,ROCHE ABBEY CARE HOME,34494652,967.03,,S66 7LZ,,,,,,7202021
Department of Health,NHS Rotherham CCG,11/30/2020,Cont Care-Physical Disab (65+),CHC ADULT FULLY FUNDED,ROCHE ABBEY CARE HOME,34494652,"15,162.01",,S66 7LZ,,,,,,7202021
Department of Health,NHS Rotherham CCG,11/30/2020,Cont Care-Physical Disab (<65),CHC ADULT FULLY FUNDED,ROCHE ABBEY CARE HOME,34494652,"2,997.79",,S66 7LZ,,,,,,7202021
Department of Health,NHS Rotherham CCG,11/30/2020,C&M-PMS Contract Value,PRC DELEGATED CO-COMMISSIONING,DR ABBEY & PARTNERS,34516687,"101,892.93",BABALP,S60 4JW,,,,,,ROT000013708
Department of Health,NHS Rotherham CCG,11/30/2020,C&M-PMS DES Learn Dsblty Hlth Chk,PRC DELEGATED CO-COMMISSIONING,DR ABBEY & PARTNERS,34516687,840,LEARNP,S60 4JW,,,,,,ROT000013708
Department of Health,NHS Rotherham CCG,11/30/2020,C&M-PMS Out of Hours Opt Outs,PRC DELEGATED CO-COMMISSIONING,DR ABBEY & PARTNERS,34516687,84.82,APMOOH,S60 4JW,,,,,,ROT000013708
Department of Health,NHS Rotherham CCG,11/30/2020,C&M-PMS PCN DES Participation,PRC DELEGATED CO-COMMISSIONING,DR ABBEY & PARTNERS,34516687,"3,804.38",PARTIP,S60 4JW,,,,,,ROT000013708
Department of Health,NHS Rotherham CCG,11/30/2020,C&M-PMS PCO Other,PRC DELEGATED CO-COMMISSIONING,DR ABBEY & PARTNERS,34516687,718.8,CQCRP,S60 4JW,,,,,,ROT000013708
Department of Health,NHS Rotherham CCG,11/30/2020,C&M-PMS Prem Notional Rent,PRC DELEGATED CO-COMMISSIONING,DR ABBEY & PARTNERS,34516687,"7,331.33",NRENT,S60 4JW,,,,,,ROT000013708
Department of Health,NHS Rotherham CCG,11/30/2020,C&M-PMS Prem Rates,PRC DELEGATED CO-COMMISSIONING,DR ABBEY & PARTNERS,34516687,"2,532.00",RANDRP,S60 4JW,,,,,,ROT000013708
Department of Health,NHS Rotherham CCG,11/30/2020,C&M-PMS QOF Aspiration,PRC DELEGATED CO-COMMISSIONING,DR ABBEY & PARTNERS,34516687,"10,477.63",QUASPP,S60 4JW,,,,,,ROT000013708
Department of Health,NHS Rotherham CCG,11/30/2020,C&M-PMS Contract Value,PRC DELEGATED CO-COMMISSIONING,DR A U H GONI,34516689,"38,869.58",BABALP,S65 1QY,,,,,,ROT000013710
Department of Health,NHS Rotherham CCG,11/30/2020,C&M-PMS DES Learn Dsblty Hlth Chk,PRC DELEGATED CO-COMMISSIONING,DR A U H GONI,34516689,"2,240.00",LEARNP,S65 1QY,,,,,,ROT000013710
Department of Health,NHS Rotherham CCG,11/30/2020,C&M-PMS Out of Hours Opt Outs,PRC DELEGATED CO-COMMISSIONING,DR A U H GONI,34516689,0.14,APMOOH,S65 1QY,,,,,,ROT000013710
Department of Health,NHS Rotherham CCG,11/30/2020,C&M-PMS PCN DES Participation,PRC DELEGATED CO-COMMISSIONING,DR A U H GONI,34516689,"1,457.04",PARTIP,S65 1QY,,,,,,ROT000013710
Department of Health,NHS Rotherham CCG,11/30/2020,C&M-PMS Prem Healthcentre Rent,PRC DELEGATED CO-COMMISSIONING,DR A U H GONI,34516689,991.45,HEALTH,S65 1QY,,,,,,ROT000013710
Department of Health,NHS Rotherham CCG,11/30/2020,C&M-PMS Prem Notional Rent,PRC DELEGATED CO-COMMISSIONING,DR A U H GONI,34516689,"2,833.33",NRENT,S65 1QY,,,,,,ROT000013710
Department of Health,NHS Rotherham CCG,11/30/2020,C&M-PMS Prem Rates,PRC DELEGATED CO-COMMISSIONING,DR A U H GONI,34516689,774,RANDRP,S65 1QY,,,,,,ROT000013710
Department of Health,NHS Rotherham CCG,11/30/2020,C&M-PMS QOF Aspiration,PRC DELEGATED CO-COMMISSIONING,DR A U H GONI,34516689,"3,184.66",QUASPP,S65 1QY,,,,,,ROT000013710
Department of Health,NHS Rotherham CCG,11/30/2020,C&M-PMS Contract Value,PRC DELEGATED CO-COMMISSIONING,DR AJ COLE & PARTNERS,34516690,-461.92,BABALP,S61 1AH,,,,,,ROT000013711
Department of Health,NHS Rotherham CCG,11/30/2020,C&M-PMS GP Statutory Levy,PRC DELEGATED CO-COMMISSIONING,DR AJ COLE & PARTNERS,34516690,-314.3,STATL,S61 1AH,,,,,,ROT000013711
Department of Health,NHS Rotherham CCG,11/30/2020,C&M-PMS Out of Hours Opt Outs,PRC DELEGATED CO-COMMISSIONING,DR AJ COLE & PARTNERS,34516690,"-4,495.36",APMOOH,S61 1AH,,,,,,ROT000013711
Department of Health,NHS Rotherham CCG,11/30/2020,C&M-PMS PCN DES Participation,PRC DELEGATED CO-COMMISSIONING,DR AJ COLE & PARTNERS,34516690,"-1,764.97",PARTIP,S61 1AH,,,,,,ROT000013711
Department of Health,NHS Rotherham CCG,11/30/2020,C&M-PMS Prem Actual Rent,PRC DELEGATED CO-COMMISSIONING,DR AJ COLE & PARTNERS,34516690,"-26,516.50",RENT,S61 1AH,,,,,,ROT000013711
Department of Health,NHS Rotherham CCG,11/30/2020,C&M-PMS Prem Rates,PRC DELEGATED CO-COMMISSIONING,DR AJ COLE & PARTNERS,34516690,"-5,239.00",RANDRP,S61 1AH,,,,,,ROT000013711
Department of Health,NHS Rotherham CCG,11/30/2020,C&M-PMS Voluntary Levy,PRC DELEGATED CO-COMMISSIONING,DR AJ COLE & PARTNERS,34516690,-46.22,VOLL,S61 1AH,,,,,,ROT000013711
Department of Health,NHS Rotherham CCG,11/30/2020,ME-PMS GP Pension EEs-PMS,PRC DELEGATED CO-COMMISSIONING,DR AJ COLE & PARTNERS,34516690,"-3,284.26",SUPCEE,S61 1AH,,,,,,ROT000013711
Department of Health,NHS Rotherham CCG,11/30/2020,ME-PMS GP Pension ERs Adjs - PMS,PRC DELEGATED CO-COMMISSIONING,DR AJ COLE & PARTNERS,34516690,"-3,541.88",SUPCER,S61 1AH,,,,,,ROT000013711
Department of Health,NHS Rotherham CCG,11/30/2020,C&M-PMS Contract Value,PRC DELEGATED CO-COMMISSIONING,DR AJ COLE & PARTNERS,34516691,"94,351.47",BABALP,S61 1AH,,,,,,ROT000013712
Department of Health,NHS Rotherham CCG,11/30/2020,C&M-PMS Out of Hours Opt Outs,PRC DELEGATED CO-COMMISSIONING,DR AJ COLE & PARTNERS,34516691,22.05,APMOOH,S61 1AH,,,,,,ROT000013712
Department of Health,NHS Rotherham CCG,11/30/2020,C&M-PMS PCN DES Participation,PRC DELEGATED CO-COMMISSIONING,DR AJ COLE & PARTNERS,34516691,"3,532.95",PARTIP,S61 1AH,,,,,,ROT000013712
Department of Health,NHS Rotherham CCG,11/30/2020,C&M-PMS Prem Rates,PRC DELEGATED CO-COMMISSIONING,DR AJ COLE & PARTNERS,34516691,948,RANDRP,S61 1AH,,,,,,ROT000013712
Department of Health,NHS Rotherham CCG,11/30/2020,C&M-PMS QOF Aspiration,PRC DELEGATED CO-COMMISSIONING,DR AJ COLE & PARTNERS,34516691,"8,761.49",QUASPP,S61 1AH,,,,,,ROT000013712
Department of Health,NHS Rotherham CCG,11/30/2020,C&M-PMS Contract Value,PRC DELEGATED CO-COMMISSIONING,DR DT SAY AND PARTNERS,34516692,-442.7,BABALP,S26 6QU,,,,,,ROT000013713
Department of Health,NHS Rotherham CCG,11/30/2020,C&M-PMS DES Extended Hours Access,PRC DELEGATED CO-COMMISSIONING,DR DT SAY AND PARTNERS,34516692,"-6,873.00",EXTHDP,S26 6QU,,,,,,ROT000013713
Department of Health,NHS Rotherham CCG,11/30/2020,C&M-PMS GP Statutory Levy,PRC DELEGATED CO-COMMISSIONING,DR DT SAY AND PARTNERS,34516692,-325.92,STATL,S26 6QU,,,,,,ROT000013713
Department of Health,NHS Rotherham CCG,11/30/2020,C&M-PMS PCN DES Clinical Director,PRC DELEGATED CO-COMMISSIONING,DR DT SAY AND PARTNERS,34516692,"-3,326.00",CLINDP,S26 6QU,,,,,,ROT000013713
Department of Health,NHS Rotherham CCG,11/30/2020,C&M-PMS PCN DES PCN support,LOCAL ENHANCED SERVICES,DR DT SAY AND PARTNERS,34516692,"-7,110.08",PCNSUP,S26 6QU,,,,,,ROT000013713
Department of Health,NHS Rotherham CCG,11/30/2020,C&M-PMS PCN DES Participation,PRC DELEGATED CO-COMMISSIONING,DR DT SAY AND PARTNERS,34516692,"-1,834.73",PARTIP,S26 6QU,,,,,,ROT000013713
Department of Health,NHS Rotherham CCG,11/30/2020,C&M-PMS Prem Rates,PRC DELEGATED CO-COMMISSIONING,DR DT SAY AND PARTNERS,34516692,"-3,195.00",RANDRP,S26 6QU,,,,,,ROT000013713
Department of Health,NHS Rotherham CCG,11/30/2020,C&M-PMS Voluntary Levy,PRC DELEGATED CO-COMMISSIONING,DR DT SAY AND PARTNERS,34516692,-47.93,VOLL,S26 6QU,,,,,,ROT000013713
Department of Health,NHS Rotherham CCG,11/30/2020,ME-PMS GP Pension EEs-PMS,PRC DELEGATED CO-COMMISSIONING,DR DT SAY AND PARTNERS,34516692,"-11,915.77",SUPCEE,S26 6QU,,,,,,ROT000013713
Department of Health,NHS Rotherham CCG,11/30/2020,ME-PMS GP Pension ERs Adjs - PMS,PRC DELEGATED CO-COMMISSIONING,DR DT SAY AND PARTNERS,34516692,"-11,360.41",SUPCER,S26 6QU,,,,,,ROT000013713
Department of Health,NHS Rotherham CCG,11/30/2020,C&M-PMS Contract Value,PRC DELEGATED CO-COMMISSIONING,DR DT SAY AND PARTNERS,34516693,"98,030.86",BABALP,S26 6QU,,,,,,ROT000013714
Department of Health,NHS Rotherham CCG,11/30/2020,C&M-PMS DES Extended Hours Access,PRC DELEGATED CO-COMMISSIONING,DR DT SAY AND PARTNERS,34516693,"6,873.00",EXTHDP,S26 6QU,,,,,,ROT000013714
Department of Health,NHS Rotherham CCG,11/30/2020,C&M-PMS DES Learn Dsblty Hlth Chk,PRC DELEGATED CO-COMMISSIONING,DR DT SAY AND PARTNERS,34516693,"1,400.00",LEARNP,S26 6QU,,,,,,ROT000013714
Department of Health,NHS Rotherham CCG,11/30/2020,C&M-PMS PCN DES Clinical Director,PRC DELEGATED CO-COMMISSIONING,DR DT SAY AND PARTNERS,34516693,"3,999.96",CLINDP,S26 6QU,,,,,,ROT000013714
Department of Health,NHS Rotherham CCG,11/30/2020,C&M-PMS PCN DES PCN support,LOCAL ENHANCED SERVICES,DR DT SAY AND PARTNERS,34516693,"7,110.08",PCNSUP,S26 6QU,,,,,,ROT000013714
Department of Health,NHS Rotherham CCG,11/30/2020,C&M-PMS PCN DES Participation,PRC DELEGATED CO-COMMISSIONING,DR DT SAY AND PARTNERS,34516693,"3,672.58",PARTIP,S26 6QU,,,,,,ROT000013714
Department of Health,NHS Rotherham CCG,11/30/2020,C&M-PMS Prem Notional Rent,PRC DELEGATED CO-COMMISSIONING,DR DT SAY AND PARTNERS,34516693,"19,824.82",NRENT,S26 6QU,,,,,,ROT000013714
Department of Health,NHS Rotherham CCG,11/30/2020,C&M-PMS Prem Rates,PRC DELEGATED CO-COMMISSIONING,DR DT SAY AND PARTNERS,34516693,"3,195.00",RANDRP,S26 6QU,,,,,,ROT000013714
Department of Health,NHS Rotherham CCG,11/30/2020,C&M-PMS QOF Aspiration,PRC DELEGATED CO-COMMISSIONING,DR DT SAY AND PARTNERS,34516693,"10,845.57",QUASPP,S26 6QU,,,,,,ROT000013714
Department of Health,NHS Rotherham CCG,11/30/2020,ME - PMS GP Prior Year ERs,PRC DELEGATED CO-COMMISSIONING,DR DT SAY AND PARTNERS,34516693,"3,100.41",PRYERP,S26 6QU,,,,,,ROT000013714
Department of Health,NHS Rotherham CCG,11/30/2020,ME-PMS GP Prior Year EEs,PRC DELEGATED CO-COMMISSIONING,DR DT SAY AND PARTNERS,34516693,"3,126.28",PRYEEP,S26 6QU,,,,,,ROT000013714
Department of Health,NHS Rotherham CCG,11/30/2020,C&M-PMS Contract Value,PRC DELEGATED CO-COMMISSIONING,DR DOUGLAS & PARTNERS,34516694,-191.44,BABALP,S25 2EZ,,,,,,ROT000013715
Department of Health,NHS Rotherham CCG,11/30/2020,C&M-PMS GP Statutory Levy,PRC DELEGATED CO-COMMISSIONING,DR DOUGLAS & PARTNERS,34516694,-586.56,STATL,S25 2EZ,,,,,,ROT000013715
Department of Health,NHS Rotherham CCG,11/30/2020,C&M-PMS Out of Hours Opt Outs,PRC DELEGATED CO-COMMISSIONING,DR DOUGLAS & PARTNERS,34516694,"-8,327.42",APMOOH,S25 2EZ,,,,,,ROT000013715
Department of Health,NHS Rotherham CCG,11/30/2020,C&M-PMS PCN DES Participation,PRC DELEGATED CO-COMMISSIONING,DR DOUGLAS & PARTNERS,34516694,"-3,284.92",PARTIP,S25 2EZ,,,,,,ROT000013715
Department of Health,NHS Rotherham CCG,11/30/2020,C&M-PMS Prem Rates,PRC DELEGATED CO-COMMISSIONING,DR DOUGLAS & PARTNERS,34516694,"-8,091.25",RANDRP,S25 2EZ,,,,,,ROT000013715
Department of Health,NHS Rotherham CCG,11/30/2020,C&M-PMS Prem Water Rates,PRC DELEGATED CO-COMMISSIONING,DR DOUGLAS & PARTNERS,34516694,-169,RAMWP,S25 2EZ,,,,,,ROT000013715
Department of Health,NHS Rotherham CCG,11/30/2020,C&M-PMS Voluntary Levy,PRC DELEGATED CO-COMMISSIONING,DR DOUGLAS & PARTNERS,34516694,-86.26,VOLL,S25 2EZ,,,,,,ROT000013715
Department of Health,NHS Rotherham CCG,11/30/2020,ME - PMS GP Prior Year ERs,PRC DELEGATED CO-COMMISSIONING,DR DOUGLAS & PARTNERS,34516694,"-5,695.13",PRYERP,S25 2EZ,,,,,,ROT000013715
Department of Health,NHS Rotherham CCG,11/30/2020,ME - PMS TPS Added Years Adj EEs,PRC DELEGATED CO-COMMISSIONING,DR DOUGLAS & PARTNERS,34516694,-654.12,URLS,S25 2EZ,,,,,,ROT000013715
Department of Health,NHS Rotherham CCG,11/30/2020,ME-PMS GP Pension EEs Adjs - PMS,PRC DELEGATED CO-COMMISSIONING,DR DOUGLAS & PARTNERS,34516694,"-1,667.50",PENEEP,S25 2EZ,,,,,,ROT000013715
Department of Health,NHS Rotherham CCG,11/30/2020,ME-PMS GP Pension EEs-PMS,PRC DELEGATED CO-COMMISSIONING,DR DOUGLAS & PARTNERS,34516694,"-22,874.63",SUPCEE,S25 2EZ,,,,,,ROT000013715
Department of Health,NHS Rotherham CCG,11/30/2020,ME-PMS GP Pension ERs Adjs - PMS,PRC DELEGATED CO-COMMISSIONING,DR DOUGLAS & PARTNERS,34516694,"-23,221.12","SUPCER,PENERP",S25 2EZ,,,,,,ROT000013715
Department of Health,NHS Rotherham CCG,11/30/2020,ME-PMS GP Prior Year EEs,PRC DELEGATED CO-COMMISSIONING,DR DOUGLAS & PARTNERS,34516694,"-4,696.76",PRYEEP,S25 2EZ,,,,,,ROT000013715
Department of Health,NHS Rotherham CCG,11/30/2020,C&M-PMS Contract Value,PRC DELEGATED CO-COMMISSIONING,DR DOUGLAS & PARTNERS,34516695,"174,772.59",BABALP,S25 2EZ,,,,,,ROT000013716
Department of Health,NHS Rotherham CCG,11/30/2020,C&M-PMS DES Learn Dsblty Hlth Chk,PRC DELEGATED CO-COMMISSIONING,DR DOUGLAS & PARTNERS,34516695,"1,260.00",LEARNP,S25 2EZ,,,,,,ROT000013716
Department of Health,NHS Rotherham CCG,11/30/2020,C&M-PMS Out of Hours Opt Outs,PRC DELEGATED CO-COMMISSIONING,DR DOUGLAS & PARTNERS,34516695,9.14,APMOOH,S25 2EZ,,,,,,ROT000013716
Department of Health,NHS Rotherham CCG,11/30/2020,C&M-PMS PCN DES Participation,PRC DELEGATED CO-COMMISSIONING,DR DOUGLAS & PARTNERS,34516695,"6,575.43",PARTIP,S25 2EZ,,,,,,ROT000013716
Department of Health,NHS Rotherham CCG,11/30/2020,C&M-PMS Prem Actual Rent,PRC DELEGATED CO-COMMISSIONING,DR DOUGLAS & PARTNERS,34516695,"12,725.00",RENT,S25 2EZ,,,,,,ROT000013716
Department of Health,NHS Rotherham CCG,11/30/2020,C&M-PMS Prem Notional Rent,PRC DELEGATED CO-COMMISSIONING,DR DOUGLAS & PARTNERS,34516695,"7,477.08",NRENT,S25 2EZ,,,,,,ROT000013716
Department of Health,NHS Rotherham CCG,11/30/2020,C&M-PMS Prem Rates,PRC DELEGATED CO-COMMISSIONING,DR DOUGLAS & PARTNERS,34516695,"3,447.00",RANDRP,S25 2EZ,,,,,,ROT000013716
Department of Health,NHS Rotherham CCG,11/30/2020,C&M-PMS Prem Water Rates,PRC DELEGATED CO-COMMISSIONING,DR DOUGLAS & PARTNERS,34516695,"2,535.40",RAMWP,S25 2EZ,,,,,,ROT000013716
Department of Health,NHS Rotherham CCG,11/30/2020,C&M-PMS QOF Aspiration,PRC DELEGATED CO-COMMISSIONING,DR DOUGLAS & PARTNERS,34516695,"19,637.46",QUASPP,S25 2EZ,,,,,,ROT000013716
Department of Health,NHS Rotherham CCG,11/30/2020,C&M-PMS Contract Value,PRC DELEGATED CO-COMMISSIONING,DR COOPER & PARTNERS ROTHERHAM,34516697,"112,518.77",BABALP,S65 1DA,,,,,,ROT000013718
Department of Health,NHS Rotherham CCG,11/30/2020,C&M-PMS DES Learn Dsblty Hlth Chk,PRC DELEGATED CO-COMMISSIONING,DR COOPER & PARTNERS ROTHERHAM,34516697,280,LEARNP,S65 1DA,,,,,,ROT000013718
Department of Health,NHS Rotherham CCG,11/30/2020,C&M-PMS Out of Hours Opt Outs,PRC DELEGATED CO-COMMISSIONING,DR COOPER & PARTNERS ROTHERHAM,34516697,77.16,APMOOH,S65 1DA,,,,,,ROT000013718
Department of Health,NHS Rotherham CCG,11/30/2020,C&M-PMS PCN DES Participation,PRC DELEGATED CO-COMMISSIONING,DR COOPER & PARTNERS ROTHERHAM,34516697,"4,211.58",PARTIP,S65 1DA,,,,,,ROT000013718
Department of Health,NHS Rotherham CCG,11/30/2020,C&M-PMS Prem Healthcentre Rent,PRC DELEGATED CO-COMMISSIONING,DR COOPER & PARTNERS ROTHERHAM,34516697,"1,789.21",HEALTH,S65 1DA,,,,,,ROT000013718
Department of Health,NHS Rotherham CCG,11/30/2020,C&M-PMS QOF Aspiration,PRC DELEGATED CO-COMMISSIONING,DR COOPER & PARTNERS ROTHERHAM,34516697,"9,297.19",QUASPP,S65 1DA,,,,,,ROT000013718
Department of Health,NHS Rotherham CCG,11/30/2020,ME - PMS GP Prior Year ERs,PRC DELEGATED CO-COMMISSIONING,DR COOPER & PARTNERS ROTHERHAM,34516697,"1,390.56",PRYERP,S65 1DA,,,,,,ROT000013718
Department of Health,NHS Rotherham CCG,11/30/2020,ME-PMS GP Prior Year EEs,PRC DELEGATED CO-COMMISSIONING,DR COOPER & PARTNERS ROTHERHAM,34516697,"2,409.63",PRYEEP,S65 1DA,,,,,,ROT000013718
Department of Health,NHS Rotherham CCG,11/30/2020,C&M-PMS Contract Value,PRC DELEGATED CO-COMMISSIONING,DR OWEN & PARTNERS,34516698,"-1,495.21",BABALP,S65 1DW,,,,,,ROT000013721
Department of Health,NHS Rotherham CCG,11/30/2020,C&M-PMS DES Extended Hours Access,PRC DELEGATED CO-COMMISSIONING,DR OWEN & PARTNERS,34516698,"-7,349.27",EXTHDP,S65 1DW,,,,,,ROT000013721
Department of Health,NHS Rotherham CCG,11/30/2020,C&M-PMS GP Statutory Levy,PRC DELEGATED CO-COMMISSIONING,DR OWEN & PARTNERS,34516698,-503.2,STATL,S65 1DW,,,,,,ROT000013721
Department of Health,NHS Rotherham CCG,11/30/2020,C&M-PMS Out of Hours Opt Outs,PRC DELEGATED CO-COMMISSIONING,DR OWEN & PARTNERS,34516698,"-7,429.27",APMOOH,S65 1DW,,,,,,ROT000013721
Department of Health,NHS Rotherham CCG,11/30/2020,C&M-PMS PCN DES Clinical Director,PRC DELEGATED CO-COMMISSIONING,DR OWEN & PARTNERS,34516698,"-3,384.15",CLINDP,S65 1DW,,,,,,ROT000013721
Department of Health,NHS Rotherham CCG,11/30/2020,C&M-PMS PCN DES PCN support,LOCAL ENHANCED SERVICES,DR OWEN & PARTNERS,34516698,"-7,602.71",PCNSUP,S65 1DW,,,,,,ROT000013721
Department of Health,NHS Rotherham CCG,11/30/2020,C&M-PMS PCN DES Participation,PRC DELEGATED CO-COMMISSIONING,DR OWEN & PARTNERS,34516698,"-2,919.57",PARTIP,S65 1DW,,,,,,ROT000013721
Department of Health,NHS Rotherham CCG,11/30/2020,C&M-PMS PCO Other,PRC DELEGATED CO-COMMISSIONING,DR OWEN & PARTNERS,34516698,"-1,060.10",CQCRP,S65 1DW,,,,,,ROT000013721
Department of Health,NHS Rotherham CCG,11/30/2020,C&M-PMS Prem Rates,PRC DELEGATED CO-COMMISSIONING,DR OWEN & PARTNERS,34516698,"-6,795.00",RANDRP,S65 1DW,,,,,,ROT000013721
Department of Health,NHS Rotherham CCG,11/30/2020,C&M-PMS Voluntary Levy,PRC DELEGATED CO-COMMISSIONING,DR OWEN & PARTNERS,34516698,-74,VOLL,S65 1DW,,,,,,ROT000013721
Department of Health,NHS Rotherham CCG,11/30/2020,ME - PMS TPS Added Years Adj EEs,PRC DELEGATED CO-COMMISSIONING,DR OWEN & PARTNERS,34516698,-176.27,URLS,S65 1DW,,,,,,ROT000013721
Department of Health,NHS Rotherham CCG,11/30/2020,ME-PMS GP Pension EEs-PMS,PRC DELEGATED CO-COMMISSIONING,DR OWEN & PARTNERS,34516698,"-9,800.37",SUPCEE,S65 1DW,,,,,,ROT000013721
Department of Health,NHS Rotherham CCG,11/30/2020,ME-PMS GP Pension ERs Adjs - PMS,PRC DELEGATED CO-COMMISSIONING,DR OWEN & PARTNERS,34516698,"-10,646.81",SUPCER,S65 1DW,,,,,,ROT000013721
Department of Health,NHS Rotherham CCG,11/30/2020,C&M-PMS Contract Value,PRC DELEGATED CO-COMMISSIONING,DR OWEN & PARTNERS,34516699,"155,931.50",BABALP,S65 1DW,,,,,,ROT000013722
Department of Health,NHS Rotherham CCG,11/30/2020,C&M-PMS DES Extended Hours Access,PRC DELEGATED CO-COMMISSIONING,DR OWEN & PARTNERS,34516699,"6,244.58",EXTHDP,S65 1DW,,,,,,ROT000013722
Department of Health,NHS Rotherham CCG,11/30/2020,C&M-PMS DES Learn Dsblty Hlth Chk,PRC DELEGATED CO-COMMISSIONING,DR OWEN & PARTNERS,34516699,840,LEARNP,S65 1DW,,,,,,ROT000013722
Department of Health,NHS Rotherham CCG,11/30/2020,C&M-PMS Out of Hours Opt Outs,PRC DELEGATED CO-COMMISSIONING,DR OWEN & PARTNERS,34516699,71.34,APMOOH,S65 1DW,,,,,,ROT000013722
Department of Health,NHS Rotherham CCG,11/30/2020,C&M-PMS PCN DES Clinical Director,PRC DELEGATED CO-COMMISSIONING,DR OWEN & PARTNERS,34516699,"2,971.58",CLINDP,S65 1DW,,,,,,ROT000013722
Department of Health,NHS Rotherham CCG,11/30/2020,C&M-PMS PCN DES PCN support,LOCAL ENHANCED SERVICES,DR OWEN & PARTNERS,34516699,"6,459.92",PCNSUP,S65 1DW,,,,,,ROT000013722
Department of Health,NHS Rotherham CCG,11/30/2020,C&M-PMS PCN DES Participation,PRC DELEGATED CO-COMMISSIONING,DR OWEN & PARTNERS,34516699,"5,844.12",PARTIP,S65 1DW,,,,,,ROT000013722
Department of Health,NHS Rotherham CCG,11/30/2020,C&M-PMS PCO Other,PRC DELEGATED CO-COMMISSIONING,DR OWEN & PARTNERS,34516699,"1,060.10",CQCRP,S65 1DW,,,,,,ROT000013722
Department of Health,NHS Rotherham CCG,11/30/2020,C&M-PMS Prem Healthcentre Rent,PRC DELEGATED CO-COMMISSIONING,DR OWEN & PARTNERS,34516699,537.32,HEALTH,S65 1DW,,,,,,ROT000013722
Department of Health,NHS Rotherham CCG,11/30/2020,C&M-PMS Prem Notional Rent,PRC DELEGATED CO-COMMISSIONING,DR OWEN & PARTNERS,34516699,"21,573.33",NRENT,S65 1DW,,,,,,ROT000013722
Department of Health,NHS Rotherham CCG,11/30/2020,C&M-PMS Prem Rates,PRC DELEGATED CO-COMMISSIONING,DR OWEN & PARTNERS,34516699,"6,795.00",RANDRP,S65 1DW,,,,,,ROT000013722
Department of Health,NHS Rotherham CCG,11/30/2020,C&M-PMS QOF Aspiration,PRC DELEGATED CO-COMMISSIONING,DR OWEN & PARTNERS,34516699,"15,287.25",QUASPP,S65 1DW,,,,,,ROT000013722
Department of Health,NHS Rotherham CCG,11/30/2020,C&M-PMS Contract Value,PRC DELEGATED CO-COMMISSIONING,DR N PATEL & PARTNERS ROTHERHAM,34516700,-523.52,BABALP,S60 3EW,,,,,,ROT000013725
Department of Health,NHS Rotherham CCG,11/30/2020,C&M-PMS GP Statutory Levy,PRC DELEGATED CO-COMMISSIONING,DR N PATEL & PARTNERS ROTHERHAM,34516700,-421.12,STATL,S60 3EW,,,,,,ROT000013725
Department of Health,NHS Rotherham CCG,11/30/2020,C&M-PMS Out of Hours Opt Outs,PRC DELEGATED CO-COMMISSIONING,DR N PATEL & PARTNERS ROTHERHAM,34516700,"-5,870.43",APMOOH,S60 3EW,,,,,,ROT000013725
Department of Health,NHS Rotherham CCG,11/30/2020,C&M-PMS PCN DES Participation,PRC DELEGATED CO-COMMISSIONING,DR N PATEL & PARTNERS ROTHERHAM,34516700,"-2,312.30",PARTIP,S60 3EW,,,,,,ROT000013725
Department of Health,NHS Rotherham CCG,11/30/2020,C&M-PMS Prem Rates,PRC DELEGATED CO-COMMISSIONING,DR N PATEL & PARTNERS ROTHERHAM,34516700,"-2,333.00",RANDRP,S60 3EW,,,,,,ROT000013725
Department of Health,NHS Rotherham CCG,11/30/2020,C&M-PMS QOF Achievement,PRC DELEGATED CO-COMMISSIONING,DR N PATEL & PARTNERS ROTHERHAM,34516700,"-3,379.75",QUACHP,S60 3EW,,,,,,ROT000013725
Department of Health,NHS Rotherham CCG,11/30/2020,C&M-PMS Voluntary Levy,PRC DELEGATED CO-COMMISSIONING,DR N PATEL & PARTNERS ROTHERHAM,34516700,-61.93,VOLL,S60 3EW,,,,,,ROT000013725
Department of Health,NHS Rotherham CCG,11/30/2020,ME-PMS GP Pension EEs-PMS,PRC DELEGATED CO-COMMISSIONING,DR N PATEL & PARTNERS ROTHERHAM,34516700,"-8,838.28",SUPCEE,S60 3EW,,,,,,ROT000013725
Department of Health,NHS Rotherham CCG,11/30/2020,ME-PMS GP Pension ERs Adjs - PMS,PRC DELEGATED CO-COMMISSIONING,DR N PATEL & PARTNERS ROTHERHAM,34516700,"-9,297.22",SUPCER,S60 3EW,,,,,,ROT000013725
Department of Health,NHS Rotherham CCG,11/30/2020,C&M-PMS Contract Value,PRC DELEGATED CO-COMMISSIONING,DR N PATEL & PARTNERS ROTHERHAM,34516701,"123,199.39",BABALP,S60 3EW,,,,,,ROT000013726
Department of Health,NHS Rotherham CCG,11/30/2020,C&M-PMS Out of Hours Opt Outs,PRC DELEGATED CO-COMMISSIONING,DR N PATEL & PARTNERS ROTHERHAM,34516701,24.98,APMOOH,S60 3EW,,,,,,ROT000013726
Department of Health,NHS Rotherham CCG,11/30/2020,C&M-PMS PCN DES Participation,PRC DELEGATED CO-COMMISSIONING,DR N PATEL & PARTNERS ROTHERHAM,34516701,"4,368.71",PARTIP,S60 3EW,,,,,,ROT000013726
Department of Health,NHS Rotherham CCG,11/30/2020,C&M-PMS Prem Notional Rent,PRC DELEGATED CO-COMMISSIONING,DR N PATEL & PARTNERS ROTHERHAM,34516701,"10,391.67",NRENT,S60 3EW,,,,,,ROT000013726
Department of Health,NHS Rotherham CCG,11/30/2020,C&M-PMS Prem Rates,PRC DELEGATED CO-COMMISSIONING,DR N PATEL & PARTNERS ROTHERHAM,34516701,"2,333.00",RANDRP,S60 3EW,,,,,,ROT000013726
Department of Health,NHS Rotherham CCG,11/30/2020,C&M-PMS QOF Aspiration,PRC DELEGATED CO-COMMISSIONING,DR N PATEL & PARTNERS ROTHERHAM,34516701,"11,535.01",QUASPP,S60 3EW,,,,,,ROT000013726
Department of Health,NHS Rotherham CCG,11/30/2020,C&M-PMS Contract Value,PRC DELEGATED CO-COMMISSIONING,DR S RAVULA,34516703,"29,224.44",BABALP,S61 4RB,,,,,,ROT000013728
Department of Health,NHS Rotherham CCG,11/30/2020,C&M-PMS Cost of Drugs -Prescribing,LOCAL ENHANCED SERVICES,DR S RAVULA,34516703,487.98,DRGP,S61 4RB,,,,,,ROT000013728
Department of Health,NHS Rotherham CCG,11/30/2020,C&M-PMS Out of Hours Opt Outs,PRC DELEGATED CO-COMMISSIONING,DR S RAVULA,34516703,1.89,APMOOH,S61 4RB,,,,,,ROT000013728
Department of Health,NHS Rotherham CCG,11/30/2020,C&M-PMS PCN DES Participation,PRC DELEGATED CO-COMMISSIONING,DR S RAVULA,34516703,"1,089.79",PARTIP,S61 4RB,,,,,,ROT000013728
Department of Health,NHS Rotherham CCG,11/30/2020,C&M-PMS PCO Locum Sickness,PRC DELEGATED CO-COMMISSIONING,DR S RAVULA,34516703,"13,140.00",SICKS,S61 4RB,,,,,,ROT000013728
Department of Health,NHS Rotherham CCG,11/30/2020,C&M-PMS Prem Notional Rent,PRC DELEGATED CO-COMMISSIONING,DR S RAVULA,34516703,"3,100.00",NRENT,S61 4RB,,,,,,ROT000013728
Department of Health,NHS Rotherham CCG,11/30/2020,C&M-PMS Prem Rates,PRC DELEGATED CO-COMMISSIONING,DR S RAVULA,34516703,672,RANDRP,S61 4RB,,,,,,ROT000013728
Department of Health,NHS Rotherham CCG,11/30/2020,C&M-PMS Prof fees Prescribing,PRC DELEGATED CO-COMMISSIONING,DR S RAVULA,34516703,244.12,DRGPPF,S61 4RB,,,,,,ROT000013728
Department of Health,NHS Rotherham CCG,11/30/2020,C&M-PMS QOF Aspiration,PRC DELEGATED CO-COMMISSIONING,DR S RAVULA,34516703,"2,894.88",QUASPP,S61 4RB,,,,,,ROT000013728
Department of Health,NHS Rotherham CCG,11/30/2020,C&M-PMS Contract Value,PRC DELEGATED CO-COMMISSIONING,DRS PAGE & SAHU,34516705,"48,117.10",BABALP,S61 2QP,,,,,,ROT000013732
Department of Health,NHS Rotherham CCG,11/30/2020,C&M-PMS Out of Hours Opt Outs,PRC DELEGATED CO-COMMISSIONING,DRS PAGE & SAHU,34516705,23.77,APMOOH,S61 2QP,,,,,,ROT000013732
Department of Health,NHS Rotherham CCG,11/30/2020,C&M-PMS PCN DES Participation,PRC DELEGATED CO-COMMISSIONING,DRS PAGE & SAHU,34516705,"1,795.72",PARTIP,S61 2QP,,,,,,ROT000013732
Department of Health,NHS Rotherham CCG,11/30/2020,C&M-PMS Prem Notional Rent,PRC DELEGATED CO-COMMISSIONING,DRS PAGE & SAHU,34516705,"7,100.09",NRENT,S61 2QP,,,,,,ROT000013732
Department of Health,NHS Rotherham CCG,11/30/2020,C&M-PMS Prem Water Rates,PRC DELEGATED CO-COMMISSIONING,DRS PAGE & SAHU,34516705,136.22,RAMWP,S61 2QP,,,,,,ROT000013732
Department of Health,NHS Rotherham CCG,11/30/2020,C&M-PMS QOF Aspiration,PRC DELEGATED CO-COMMISSIONING,DRS PAGE & SAHU,34516705,"3,965.40",QUASPP,S61 2QP,,,,,,ROT000013732
Department of Health,NHS Rotherham CCG,11/30/2020,C&M-PMS Contract Value,PRC DELEGATED CO-COMMISSIONING,DR WILSON & PARTNERS ROTHERHAM,34516707,"70,017.84",BABALP,S66 9LP,,,,,,ROT000013734
Department of Health,NHS Rotherham CCG,11/30/2020,C&M-PMS DES Learn Dsblty Hlth Chk,PRC DELEGATED CO-COMMISSIONING,DR WILSON & PARTNERS ROTHERHAM,34516707,"1,260.00",LEARNP,S66 9LP,,,,,,ROT000013734
Department of Health,NHS Rotherham CCG,11/30/2020,C&M-PMS Out of Hours Opt Outs,PRC DELEGATED CO-COMMISSIONING,DR WILSON & PARTNERS ROTHERHAM,34516707,94.23,APMOOH,S66 9LP,,,,,,ROT000013734
Department of Health,NHS Rotherham CCG,11/30/2020,C&M-PMS PCN DES Participation,PRC DELEGATED CO-COMMISSIONING,DR WILSON & PARTNERS ROTHERHAM,34516707,"2,609.32",PARTIP,S66 9LP,,,,,,ROT000013734
Department of Health,NHS Rotherham CCG,11/30/2020,C&M-PMS PCO Other,PRC DELEGATED CO-COMMISSIONING,DR WILSON & PARTNERS ROTHERHAM,34516707,511.7,CQCRP,S66 9LP,,,,,,ROT000013734
Department of Health,NHS Rotherham CCG,11/30/2020,C&M-PMS Prem Notional Rent,PRC DELEGATED CO-COMMISSIONING,DR WILSON & PARTNERS ROTHERHAM,34516707,"7,095.80",NRENT,S66 9LP,,,,,,ROT000013734
Department of Health,NHS Rotherham CCG,11/30/2020,C&M-PMS Prem Rates,PRC DELEGATED CO-COMMISSIONING,DR WILSON & PARTNERS ROTHERHAM,34516707,"3,433.10",RANDRP,S66 9LP,,,,,,ROT000013734
Department of Health,NHS Rotherham CCG,11/30/2020,C&M-PMS QOF Aspiration,PRC DELEGATED CO-COMMISSIONING,DR WILSON & PARTNERS ROTHERHAM,34516707,"6,336.39",QUASPP,S66 9LP,,,,,,ROT000013734
Department of Health,NHS Rotherham CCG,11/30/2020,C&M-PMS Contract Value,PRC DELEGATED CO-COMMISSIONING,DR THOMAS & PARTNER,34516710,"55,641.76",BABALP,S62 6AW,,,,,,ROT000013738
Department of Health,NHS Rotherham CCG,11/30/2020,C&M-PMS DES Learn Dsblty Hlth Chk,PRC DELEGATED CO-COMMISSIONING,DR THOMAS & PARTNER,34516710,"2,800.00",LEARNP,S62 6AW,,,,,,ROT000013738
Department of Health,NHS Rotherham CCG,11/30/2020,C&M-PMS Out of Hours Opt Outs,PRC DELEGATED CO-COMMISSIONING,DR THOMAS & PARTNER,34516710,5.72,APMOOH,S62 6AW,,,,,,ROT000013738
Department of Health,NHS Rotherham CCG,11/30/2020,C&M-PMS PCN DES Participation,PRC DELEGATED CO-COMMISSIONING,DR THOMAS & PARTNER,34516710,"2,093.16",PARTIP,S62 6AW,,,,,,ROT000013738
Department of Health,NHS Rotherham CCG,11/30/2020,C&M-PMS Prem Notional Rent,PRC DELEGATED CO-COMMISSIONING,DR THOMAS & PARTNER,34516710,"6,791.67",NRENT,S62 6AW,,,,,,ROT000013738
Department of Health,NHS Rotherham CCG,11/30/2020,C&M-PMS QOF Aspiration,PRC DELEGATED CO-COMMISSIONING,DR THOMAS & PARTNER,34516710,"5,316.88",QUASPP,S62 6AW,,,,,,ROT000013738
Department of Health,NHS Rotherham CCG,11/30/2020,C&M-PMS Contract Value,PRC DELEGATED CO-COMMISSIONING,DRS VASAN & ANAND,34516712,"38,499.94",BABALP,S65 1PW,,,,,,ROT000013740
Department of Health,NHS Rotherham CCG,11/30/2020,C&M-PMS Out of Hours Opt Outs,PRC DELEGATED CO-COMMISSIONING,DRS VASAN & ANAND,34516712,11.28,APMOOH,S65 1PW,,,,,,ROT000013740
Department of Health,NHS Rotherham CCG,11/30/2020,C&M-PMS PCN DES Participation,PRC DELEGATED CO-COMMISSIONING,DRS VASAN & ANAND,34516712,724.09,PARTIP,S65 1PW,,,,,,ROT000013740
Department of Health,NHS Rotherham CCG,11/30/2020,C&M-PMS Prem Notional Rent,PRC DELEGATED CO-COMMISSIONING,DRS VASAN & ANAND,34516712,"3,904.17",NRENT,S65 1PW,,,,,,ROT000013740
Department of Health,NHS Rotherham CCG,11/30/2020,C&M-PMS QOF Aspiration,PRC DELEGATED CO-COMMISSIONING,DRS VASAN & ANAND,34516712,"3,453.75",QUASPP,S65 1PW,,,,,,ROT000013740
Department of Health,NHS Rotherham CCG,11/30/2020,C&M-PMS Contract Value,PRC DELEGATED CO-COMMISSIONING,DRS VENKATRAMAN & SINGH,34516714,"81,359.42",BABALP,S60 5ND,,,,,,ROT000013742
Department of Health,NHS Rotherham CCG,11/30/2020,C&M-PMS DES Learn Dsblty Hlth Chk,PRC DELEGATED CO-COMMISSIONING,DRS VENKATRAMAN & SINGH,34516714,"1,120.00",LEARNP,S60 5ND,,,,,,ROT000013742
Department of Health,NHS Rotherham CCG,11/30/2020,C&M-PMS Out of Hours Opt Outs,PRC DELEGATED CO-COMMISSIONING,DRS VENKATRAMAN & SINGH,34516714,15.62,APMOOH,S60 5ND,,,,,,ROT000013742
Department of Health,NHS Rotherham CCG,11/30/2020,C&M-PMS PCN DES Participation,PRC DELEGATED CO-COMMISSIONING,DRS VENKATRAMAN & SINGH,34516714,"3,031.70",PARTIP,S60 5ND,,,,,,ROT000013742
Department of Health,NHS Rotherham CCG,11/30/2020,C&M-PMS PCO Other,PRC DELEGATED CO-COMMISSIONING,DRS VENKATRAMAN & SINGH,34516714,630.6,CQCRP,S60 5ND,,,,,,ROT000013742
Department of Health,NHS Rotherham CCG,11/30/2020,C&M-PMS Prem Notional Rent,PRC DELEGATED CO-COMMISSIONING,DRS VENKATRAMAN & SINGH,34516714,"6,512.50",NRENT,S60 5ND,,,,,,ROT000013742
Department of Health,NHS Rotherham CCG,11/30/2020,C&M-PMS Prem Rates,PRC DELEGATED CO-COMMISSIONING,DRS VENKATRAMAN & SINGH,34516714,"2,023.00",RANDRP,S60 5ND,,,,,,ROT000013742
Department of Health,NHS Rotherham CCG,11/30/2020,C&M-PMS Prem Water Rates,PRC DELEGATED CO-COMMISSIONING,DRS VENKATRAMAN & SINGH,34516714,82.92,RAMWP,S60 5ND,,,,,,ROT000013742
Department of Health,NHS Rotherham CCG,11/30/2020,C&M-PMS QOF Aspiration,PRC DELEGATED CO-COMMISSIONING,DRS VENKATRAMAN & SINGH,34516714,"7,694.78",QUASPP,S60 5ND,,,,,,ROT000013742
Department of Health,NHS Rotherham CCG,11/30/2020,C&M-APMS Contract Value,PRC DELEGATED CO-COMMISSIONING,GATE SURGERY,34516716,"65,170.44",APMADD,S65 1DJ,,,,,,ROT000013744
Department of Health,NHS Rotherham CCG,11/30/2020,C&M-APMS DES Violent Patients,PRC DELEGATED CO-COMMISSIONING,GATE SURGERY,34516716,604.17,DEVIOA,S65 1DJ,,,,,,ROT000013744
Department of Health,NHS Rotherham CCG,11/30/2020,C&M-APMS OOH Opt Outs,PRC DELEGATED CO-COMMISSIONING,GATE SURGERY,34516716,148.22,APMOOA,S65 1DJ,,,,,,ROT000013744
Department of Health,NHS Rotherham CCG,11/30/2020,C&M-APMS Other FDR Payment,PRC DELEGATED CO-COMMISSIONING,GATE SURGERY,34516716,"12,840.67",ZFUNDA,S65 1DJ,,,,,,ROT000013744
Department of Health,NHS Rotherham CCG,11/30/2020,C&M-APMS PCN DES Participation,PRC DELEGATED CO-COMMISSIONING,GATE SURGERY,34516716,"1,198.60",PARTIA,S65 1DJ,,,,,,ROT000013744
Department of Health,NHS Rotherham CCG,11/30/2020,C&M-APMS Prem Actual Rent,PRC DELEGATED CO-COMMISSIONING,GATE SURGERY,34516716,"2,083.33",RENTA,S65 1DJ,,,,,,ROT000013744
Department of Health,NHS Rotherham CCG,11/30/2020,C&M-APMS Prem Healthcentre Rent,PRC DELEGATED CO-COMMISSIONING,GATE SURGERY,34516716,"4,500.00",HEALTA,S65 1DJ,,,,,,ROT000013744
Department of Health,NHS Rotherham CCG,11/30/2020,C&M-APMS QOF Aspiration,PRC DELEGATED CO-COMMISSIONING,GATE SURGERY,34516716,36.09,ASPIRA,S65 1DJ,,,,,,ROT000013744
Department of Health,NHS Rotherham CCG,11/30/2020,C&M-PMS DES Learn Dsblty Hlth Chk,PRC DELEGATED CO-COMMISSIONING,GATE SURGERY,34516716,"1,120.00",LEARNP,S65 1DJ,,,,,,ROT000013744
Department of Health,NHS Rotherham CCG,11/30/2020,C&M-PMS PCN DES Participation,PRC DELEGATED CO-COMMISSIONING,GATE SURGERY,34516716,"1,200.64",PARTIP,S65 1DJ,,,,,,ROT000013744
Department of Health,NHS Rotherham CCG,11/30/2020,C&M-PMS Prem Rates,PRC DELEGATED CO-COMMISSIONING,GATE SURGERY,34516716,478,RANDRP,S65 1DJ,,,,,,ROT000013744
Department of Health,NHS Rotherham CCG,11/30/2020,C&M-PMS QOF Aspiration,PRC DELEGATED CO-COMMISSIONING,GATE SURGERY,34516716,"5,440.34",QUASPP,S65 1DJ,,,,,,ROT000013744
Department of Health,NHS Rotherham CCG,11/30/2020,C&M-PMS Contract Value,PRC DELEGATED CO-COMMISSIONING,SPRINGCLIFFE SURGERY SHEFFIELD,34516717,-286.3,BABALP,S26 4WD,,,,,,ROT000013747
Department of Health,NHS Rotherham CCG,11/30/2020,C&M-PMS GP Statutory Levy,PRC DELEGATED CO-COMMISSIONING,SPRINGCLIFFE SURGERY SHEFFIELD,34516717,-466.91,STATL,S26 4WD,,,,,,ROT000013747
Department of Health,NHS Rotherham CCG,11/30/2020,C&M-PMS Out of Hours Opt Outs,PRC DELEGATED CO-COMMISSIONING,SPRINGCLIFFE SURGERY SHEFFIELD,34516717,"-6,191.76",APMOOH,S26 4WD,,,,,,ROT000013747
Department of Health,NHS Rotherham CCG,11/30/2020,C&M-PMS PCN DES Participation,PRC DELEGATED CO-COMMISSIONING,SPRINGCLIFFE SURGERY SHEFFIELD,34516717,"-2,438.91",PARTIP,S26 4WD,,,,,,ROT000013747
Department of Health,NHS Rotherham CCG,11/30/2020,C&M-PMS PCO Other,PRC DELEGATED CO-COMMISSIONING,SPRINGCLIFFE SURGERY SHEFFIELD,34516717,-993.7,CQCRP,S26 4WD,,,,,,ROT000013747
Department of Health,NHS Rotherham CCG,11/30/2020,C&M-PMS Voluntary Levy,PRC DELEGATED CO-COMMISSIONING,SPRINGCLIFFE SURGERY SHEFFIELD,34516717,-68.66,VOLL,S26 4WD,,,,,,ROT000013747
Department of Health,NHS Rotherham CCG,11/30/2020,ME-PMS GP Pension EEs Adjs - PMS,PRC DELEGATED CO-COMMISSIONING,SPRINGCLIFFE SURGERY SHEFFIELD,34516717,"-2,166.75",PENEEP,S26 4WD,,,,,,ROT000013747
Department of Health,NHS Rotherham CCG,11/30/2020,ME-PMS GP Pension EEs-PMS,PRC DELEGATED CO-COMMISSIONING,SPRINGCLIFFE SURGERY SHEFFIELD,34516717,"-9,468.29",SUPCEE,S26 4WD,,,,,,ROT000013747
Department of Health,NHS Rotherham CCG,11/30/2020,ME-PMS GP Pension ERs Adjs - PMS,PRC DELEGATED CO-COMMISSIONING,SPRINGCLIFFE SURGERY SHEFFIELD,34516717,"-13,091.79","SUPCER,PENERP",S26 4WD,,,,,,ROT000013747
Department of Health,NHS Rotherham CCG,11/30/2020,C&M-PMS Contract Value,PRC DELEGATED CO-COMMISSIONING,SPRINGCLIFFE SURGERY SHEFFIELD,34516718,"129,946.59",BABALP,S26 4WD,,,,,,ROT000013748
Department of Health,NHS Rotherham CCG,11/30/2020,C&M-PMS Out of Hours Opt Outs,PRC DELEGATED CO-COMMISSIONING,SPRINGCLIFFE SURGERY SHEFFIELD,34516718,13.66,APMOOH,S26 4WD,,,,,,ROT000013748
Department of Health,NHS Rotherham CCG,11/30/2020,C&M-PMS PCN DES Participation,PRC DELEGATED CO-COMMISSIONING,SPRINGCLIFFE SURGERY SHEFFIELD,34516718,"4,881.98",PARTIP,S26 4WD,,,,,,ROT000013748
Department of Health,NHS Rotherham CCG,11/30/2020,C&M-PMS PCO Other,PRC DELEGATED CO-COMMISSIONING,SPRINGCLIFFE SURGERY SHEFFIELD,34516718,993.7,CQCRP,S26 4WD,,,,,,ROT000013748
Department of Health,NHS Rotherham CCG,11/30/2020,C&M-PMS Prem Healthcentre Rent,PRC DELEGATED CO-COMMISSIONING,SPRINGCLIFFE SURGERY SHEFFIELD,34516718,993.65,HEALTH,S26 4WD,,,,,,ROT000013748
Department of Health,NHS Rotherham CCG,11/30/2020,C&M-PMS QOF Aspiration,PRC DELEGATED CO-COMMISSIONING,SPRINGCLIFFE SURGERY SHEFFIELD,34516718,"13,153.85",QUASPP,S26 4WD,,,,,,ROT000013748
Department of Health,NHS Rotherham CCG,11/30/2020,C&M-PMS Contract Value,PRC DELEGATED CO-COMMISSIONING,MANORFIELD SURGERY,34516719,-231.55,BABALP,S66 8JE,,,,,,ROT000013749
Department of Health,NHS Rotherham CCG,11/30/2020,C&M-PMS GP Statutory Levy,PRC DELEGATED CO-COMMISSIONING,MANORFIELD SURGERY,34516719,-184,STATL,S66 8JE,,,,,,ROT000013749
Department of Health,NHS Rotherham CCG,11/30/2020,C&M-PMS Out of Hours Opt Outs,PRC DELEGATED CO-COMMISSIONING,MANORFIELD SURGERY,34516719,"-2,614.84",APMOOH,S66 8JE,,,,,,ROT000013749
Department of Health,NHS Rotherham CCG,11/30/2020,C&M-PMS PCN DES Participation,PRC DELEGATED CO-COMMISSIONING,MANORFIELD SURGERY,34516719,"-1,030.56",PARTIP,S66 8JE,,,,,,ROT000013749
Department of Health,NHS Rotherham CCG,11/30/2020,C&M-PMS PCO Locum Adop/Pat/Mat,PRC DELEGATED CO-COMMISSIONING,MANORFIELD SURGERY,34516719,"-22,025.90",SICKC,S66 8JE,,,,,,ROT000013749
Department of Health,NHS Rotherham CCG,11/30/2020,C&M-PMS Voluntary Levy,PRC DELEGATED CO-COMMISSIONING,MANORFIELD SURGERY,34516719,-27.06,VOLL,S66 8JE,,,,,,ROT000013749
Department of Health,NHS Rotherham CCG,11/30/2020,ME-PMS GP Pension EEs-PMS,PRC DELEGATED CO-COMMISSIONING,MANORFIELD SURGERY,34516719,"-3,549.27",SUPCEE,S66 8JE,,,,,,ROT000013749
Department of Health,NHS Rotherham CCG,11/30/2020,ME-PMS GP Pension ERs Adjs - PMS,PRC DELEGATED CO-COMMISSIONING,MANORFIELD SURGERY,34516719,"-3,519.90",SUPCER,S66 8JE,,,,,,ROT000013749
Department of Health,NHS Rotherham CCG,11/30/2020,C&M-PMS Contract Value,PRC DELEGATED CO-COMMISSIONING,MANORFIELD SURGERY,34516720,"54,876.20",BABALP,S66 8JE,,,,,,ROT000013750
Department of Health,NHS Rotherham CCG,11/30/2020,C&M-PMS DES Learn Dsblty Hlth Chk,PRC DELEGATED CO-COMMISSIONING,MANORFIELD SURGERY,34516720,"2,800.00",LEARNP,S66 8JE,,,,,,ROT000013750
Department of Health,NHS Rotherham CCG,11/30/2020,C&M-PMS Out of Hours Opt Outs,PRC DELEGATED CO-COMMISSIONING,MANORFIELD SURGERY,34516720,11.05,APMOOH,S66 8JE,,,,,,ROT000013750
Department of Health,NHS Rotherham CCG,11/30/2020,C&M-PMS PCN DES Participation,PRC DELEGATED CO-COMMISSIONING,MANORFIELD SURGERY,34516720,"2,062.87",PARTIP,S66 8JE,,,,,,ROT000013750
Department of Health,NHS Rotherham CCG,11/30/2020,C&M-PMS Prem Healthcentre Rent,PRC DELEGATED CO-COMMISSIONING,MANORFIELD SURGERY,34516720,"4,036.20",HEALTH,S66 8JE,,,,,,ROT000013750
Department of Health,NHS Rotherham CCG,11/30/2020,C&M-PMS QOF Aspiration,PRC DELEGATED CO-COMMISSIONING,MANORFIELD SURGERY,34516720,"5,821.35",QUASPP,S66 8JE,,,,,,ROT000013750
Department of Health,NHS Rotherham CCG,11/30/2020,ME - PMS GP Prior Year ERs,PRC DELEGATED CO-COMMISSIONING,MANORFIELD SURGERY,34516720,"10,791.84",PRYERP,S66 8JE,,,,,,ROT000013750
Department of Health,NHS Rotherham CCG,11/30/2020,ME-PMS GP Prior Year EEs,PRC DELEGATED CO-COMMISSIONING,MANORFIELD SURGERY,34516720,"13,186.27",PRYEEP,S66 8JE,,,,,,ROT000013750
Department of Health,NHS Rotherham CCG,11/30/2020,C&M-PMS Contract Value,PRC DELEGATED CO-COMMISSIONING,DR PJ CLARKE & PARTNERS,34516722,"58,241.59",BABALP,S66 2JQ,,,,,,ROT000013752
Department of Health,NHS Rotherham CCG,11/30/2020,C&M-PMS Out of Hours Opt Outs,PRC DELEGATED CO-COMMISSIONING,DR PJ CLARKE & PARTNERS,34516722,16.96,APMOOH,S66 2JQ,,,,,,ROT000013752
Department of Health,NHS Rotherham CCG,11/30/2020,C&M-PMS PCN DES Participation,PRC DELEGATED CO-COMMISSIONING,DR PJ CLARKE & PARTNERS,34516722,"2,180.19",PARTIP,S66 2JQ,,,,,,ROT000013752
Department of Health,NHS Rotherham CCG,11/30/2020,C&M-PMS PCO Other,PRC DELEGATED CO-COMMISSIONING,DR PJ CLARKE & PARTNERS,34516722,448.4,CQCRP,S66 2JQ,,,,,,ROT000013752
Department of Health,NHS Rotherham CCG,11/30/2020,C&M-PMS Prem Healthcentre Rent,PRC DELEGATED CO-COMMISSIONING,DR PJ CLARKE & PARTNERS,34516722,"4,085.87",HEALTH,S66 2JQ,,,,,,ROT000013752
Department of Health,NHS Rotherham CCG,11/30/2020,C&M-PMS QOF Aspiration,PRC DELEGATED CO-COMMISSIONING,DR PJ CLARKE & PARTNERS,34516722,"5,451.30",QUASPP,S66 2JQ,,,,,,ROT000013752
Department of Health,NHS Rotherham CCG,11/30/2020,C&M-PMS Contract Value,PRC DELEGATED CO-COMMISSIONING,DRS HUTSON CHANDRAN & DUNCAN,34517811,"53,267.13",BABALP,S60 5PW,,,,,,ROT000013720
Department of Health,NHS Rotherham CCG,11/30/2020,C&M-PMS Out of Hours Opt Outs,PRC DELEGATED CO-COMMISSIONING,DRS HUTSON CHANDRAN & DUNCAN,34517811,22.34,APMOOH,S60 5PW,,,,,,ROT000013720
Department of Health,NHS Rotherham CCG,11/30/2020,C&M-PMS PCN DES Participation,PRC DELEGATED CO-COMMISSIONING,DRS HUTSON CHANDRAN & DUNCAN,34517811,"1,950.55",PARTIP,S60 5PW,,,,,,ROT000013720
Department of Health,NHS Rotherham CCG,11/30/2020,C&M-PMS PCO Other,PRC DELEGATED CO-COMMISSIONING,DRS HUTSON CHANDRAN & DUNCAN,34517811,441.2,CQCRP,S60 5PW,,,,,,ROT000013720
Department of Health,NHS Rotherham CCG,11/30/2020,C&M-PMS Prem Healthcentre Rent,PRC DELEGATED CO-COMMISSIONING,DRS HUTSON CHANDRAN & DUNCAN,34517811,"1,979.17",HEALTH,S60 5PW,,,,,,ROT000013720
Department of Health,NHS Rotherham CCG,11/30/2020,C&M-PMS QOF Aspiration,PRC DELEGATED CO-COMMISSIONING,DRS HUTSON CHANDRAN & DUNCAN,34517811,"4,399.19",QUASPP,S60 5PW,,,,,,ROT000013720
Department of Health,NHS Rotherham CCG,11/30/2020,C&M-PMS Contract Value,PRC DELEGATED CO-COMMISSIONING,DRS CP MYERS & NR RAVI,34517813,"52,607.34",BABALP,S61 4PT,,,,,,ROT000013724
Department of Health,NHS Rotherham CCG,11/30/2020,C&M-PMS DES Learn Dsblty Hlth Chk,PRC DELEGATED CO-COMMISSIONING,DRS CP MYERS & NR RAVI,34517813,"2,100.00",LEARNP,S61 4PT,,,,,,ROT000013724
Department of Health,NHS Rotherham CCG,11/30/2020,C&M-PMS Out of Hours Opt Outs,PRC DELEGATED CO-COMMISSIONING,DRS CP MYERS & NR RAVI,34517813,25.24,APMOOH,S61 4PT,,,,,,ROT000013724
Department of Health,NHS Rotherham CCG,11/30/2020,C&M-PMS PCN DES Participation,PRC DELEGATED CO-COMMISSIONING,DRS CP MYERS & NR RAVI,34517813,"1,974.90",PARTIP,S61 4PT,,,,,,ROT000013724
Department of Health,NHS Rotherham CCG,11/30/2020,C&M-PMS Prem Notional Rent,PRC DELEGATED CO-COMMISSIONING,DRS CP MYERS & NR RAVI,34517813,"3,645.83",NRENT,S61 4PT,,,,,,ROT000013724
Department of Health,NHS Rotherham CCG,11/30/2020,C&M-PMS Prem Rates,PRC DELEGATED CO-COMMISSIONING,DRS CP MYERS & NR RAVI,34517813,723,RANDRP,S61 4PT,,,,,,ROT000013724
Department of Health,NHS Rotherham CCG,11/30/2020,C&M-PMS QOF Aspiration,PRC DELEGATED CO-COMMISSIONING,DRS CP MYERS & NR RAVI,34517813,"5,288.60",QUASPP,S61 4PT,,,,,,ROT000013724
Department of Health,NHS Rotherham CCG,11/30/2020,ME - PMS GP Prior Year ERs,PRC DELEGATED CO-COMMISSIONING,DRS CP MYERS & NR RAVI,34517813,354.59,PRYERP,S61 4PT,,,,,,ROT000013724
Department of Health,NHS Rotherham CCG,11/30/2020,ME-PMS GP Prior Year EEs,PRC DELEGATED CO-COMMISSIONING,DRS CP MYERS & NR RAVI,34517813,310.02,PRYEEP,S61 4PT,,,,,,ROT000013724
Department of Health,NHS Rotherham CCG,11/30/2020,C&M-PMS Contract Value,PRC DELEGATED CO-COMMISSIONING,DRS HILLIER & SUKUMAR,34517815,"71,234.07",BABALP,S62 6LW,,,,,,ROT000013730
Department of Health,NHS Rotherham CCG,11/30/2020,C&M-PMS Cost of Drugs -Prescribing,LOCAL ENHANCED SERVICES,DRS HILLIER & SUKUMAR,34517815,"2,821.58",DRGP,S62 6LW,,,,,,ROT000013730
Department of Health,NHS Rotherham CCG,11/30/2020,C&M-PMS DES Learn Dsblty Hlth Chk,PRC DELEGATED CO-COMMISSIONING,DRS HILLIER & SUKUMAR,34517815,700,LEARNP,S62 6LW,,,,,,ROT000013730
Department of Health,NHS Rotherham CCG,11/30/2020,C&M-PMS Out of Hours Opt Outs,PRC DELEGATED CO-COMMISSIONING,DRS HILLIER & SUKUMAR,34517815,27.46,APMOOH,S62 6LW,,,,,,ROT000013730
Department of Health,NHS Rotherham CCG,11/30/2020,C&M-PMS PCN DES Participation,PRC DELEGATED CO-COMMISSIONING,DRS HILLIER & SUKUMAR,34517815,"2,671.96",PARTIP,S62 6LW,,,,,,ROT000013730
Department of Health,NHS Rotherham CCG,11/30/2020,C&M-PMS PCO Other,PRC DELEGATED CO-COMMISSIONING,DRS HILLIER & SUKUMAR,34517815,512.7,CQCRP,S62 6LW,,,,,,ROT000013730
Department of Health,NHS Rotherham CCG,11/30/2020,C&M-PMS Prem Healthcentre Rent,PRC DELEGATED CO-COMMISSIONING,DRS HILLIER & SUKUMAR,34517815,573.89,HEALTH,S62 6LW,,,,,,ROT000013730
Department of Health,NHS Rotherham CCG,11/30/2020,C&M-PMS Prem Notional Rent,PRC DELEGATED CO-COMMISSIONING,DRS HILLIER & SUKUMAR,34517815,"3,402.08",NRENT,S62 6LW,,,,,,ROT000013730
Department of Health,NHS Rotherham CCG,11/30/2020,C&M-PMS Prem Rates,PRC DELEGATED CO-COMMISSIONING,DRS HILLIER & SUKUMAR,34517815,906,RANDRP,S62 6LW,,,,,,ROT000013730
Department of Health,NHS Rotherham CCG,11/30/2020,C&M-PMS Prem Water Rates,PRC DELEGATED CO-COMMISSIONING,DRS HILLIER & SUKUMAR,34517815,145.28,RAMWP,S62 6LW,,,,,,ROT000013730
Department of Health,NHS Rotherham CCG,11/30/2020,C&M-PMS Prof fees Prescribing,PRC DELEGATED CO-COMMISSIONING,DRS HILLIER & SUKUMAR,34517815,301.7,DRGPPF,S62 6LW,,,,,,ROT000013730
Department of Health,NHS Rotherham CCG,11/30/2020,C&M-PMS QOF Aspiration,PRC DELEGATED CO-COMMISSIONING,DRS HILLIER & SUKUMAR,34517815,"6,040.09",QUASPP,S62 6LW,,,,,,ROT000013730
Department of Health,NHS Rotherham CCG,11/30/2020,C&M-PMS Contract Value,PRC DELEGATED CO-COMMISSIONING,MAGNA GROUP PRACTICE,34517816,-912.64,BABALP,S65 3HD,,,,,,ROT000013745
Department of Health,NHS Rotherham CCG,11/30/2020,C&M-PMS Cost of Drugs -Prescribing,LOCAL ENHANCED SERVICES,MAGNA GROUP PRACTICE,34517816,"-2,821.58",DRGP,S65 3HD,,,,,,ROT000013745
Department of Health,NHS Rotherham CCG,11/30/2020,C&M-PMS GP Statutory Levy,PRC DELEGATED CO-COMMISSIONING,MAGNA GROUP PRACTICE,34517816,-391.4,STATL,S65 3HD,,,,,,ROT000013745
Department of Health,NHS Rotherham CCG,11/30/2020,C&M-PMS Out of Hours Opt Outs,PRC DELEGATED CO-COMMISSIONING,MAGNA GROUP PRACTICE,34517816,"-5,920.79",APMOOH,S65 3HD,,,,,,ROT000013745
Department of Health,NHS Rotherham CCG,11/30/2020,C&M-PMS PCN DES Participation,PRC DELEGATED CO-COMMISSIONING,MAGNA GROUP PRACTICE,34517816,"-2,314.16",PARTIP,S65 3HD,,,,,,ROT000013745
Department of Health,NHS Rotherham CCG,11/30/2020,C&M-PMS PCO Other,PRC DELEGATED CO-COMMISSIONING,MAGNA GROUP PRACTICE,34517816,-838,CQCRP,S65 3HD,,,,,,ROT000013745
Department of Health,NHS Rotherham CCG,11/30/2020,C&M-PMS Prem Healthcentre Rent,PRC DELEGATED CO-COMMISSIONING,MAGNA GROUP PRACTICE,34517816,-17.11,HEALTH,S65 3HD,,,,,,ROT000013745
Department of Health,NHS Rotherham CCG,11/30/2020,C&M-PMS Prem Rates,PRC DELEGATED CO-COMMISSIONING,MAGNA GROUP PRACTICE,34517816,"-1,963.00",RANDRP,S65 3HD,,,,,,ROT000013745
Department of Health,NHS Rotherham CCG,11/30/2020,C&M-PMS Prof fees Prescribing,PRC DELEGATED CO-COMMISSIONING,MAGNA GROUP PRACTICE,34517816,-301.7,DRGPPF,S65 3HD,,,,,,ROT000013745
Department of Health,NHS Rotherham CCG,11/30/2020,C&M-PMS Voluntary Levy,PRC DELEGATED CO-COMMISSIONING,MAGNA GROUP PRACTICE,34517816,-57.56,VOLL,S65 3HD,,,,,,ROT000013745
Department of Health,NHS Rotherham CCG,11/30/2020,ME-PMS GP Pension EEs-PMS,PRC DELEGATED CO-COMMISSIONING,MAGNA GROUP PRACTICE,34517816,"-6,458.87",SUPCEE,S65 3HD,,,,,,ROT000013745
Department of Health,NHS Rotherham CCG,11/30/2020,ME-PMS GP Pension ERs Adjs - PMS,PRC DELEGATED CO-COMMISSIONING,MAGNA GROUP PRACTICE,34517816,"-7,028.74",SUPCER,S65 3HD,,,,,,ROT000013745
Department of Health,NHS Rotherham CCG,11/30/2020,C&M-PMS Contract Value,PRC DELEGATED CO-COMMISSIONING,MAGNA GROUP PRACTICE,34517817,"124,224.36",BABALP,S65 3HD,,,,,,ROT000013746
Department of Health,NHS Rotherham CCG,11/30/2020,C&M-PMS Out of Hours Opt Outs,PRC DELEGATED CO-COMMISSIONING,MAGNA GROUP PRACTICE,34517817,43.56,APMOOH,S65 3HD,,,,,,ROT000013746
Department of Health,NHS Rotherham CCG,11/30/2020,C&M-PMS PCN DES Participation,PRC DELEGATED CO-COMMISSIONING,MAGNA GROUP PRACTICE,34517817,"2,314.16",PARTIP,S65 3HD,,,,,,ROT000013746
Department of Health,NHS Rotherham CCG,11/30/2020,C&M-PMS PCO Other,PRC DELEGATED CO-COMMISSIONING,MAGNA GROUP PRACTICE,34517817,838,CQCRP,S65 3HD,,,,,,ROT000013746
Department of Health,NHS Rotherham CCG,11/30/2020,C&M-PMS Prem Actual Rent,PRC DELEGATED CO-COMMISSIONING,MAGNA GROUP PRACTICE,34517817,"11,987.51",RENT,S65 3HD,,,,,,ROT000013746
Department of Health,NHS Rotherham CCG,11/30/2020,C&M-PMS Prem Healthcentre Rent,PRC DELEGATED CO-COMMISSIONING,MAGNA GROUP PRACTICE,34517817,"1,185.09",HEALTH,S65 3HD,,,,,,ROT000013746
Department of Health,NHS Rotherham CCG,11/30/2020,C&M-PMS Prem Notional Rent,PRC DELEGATED CO-COMMISSIONING,MAGNA GROUP PRACTICE,34517817,"9,783.34",NRENT,S65 3HD,,,,,,ROT000013746
Department of Health,NHS Rotherham CCG,11/30/2020,C&M-PMS Prem Rates,PRC DELEGATED CO-COMMISSIONING,MAGNA GROUP PRACTICE,34517817,"4,480.00",RANDRP,S65 3HD,,,,,,ROT000013746
Department of Health,NHS Rotherham CCG,11/30/2020,C&M-PMS QOF Aspiration,PRC DELEGATED CO-COMMISSIONING,MAGNA GROUP PRACTICE,34517817,"12,088.28",QUASPP,S65 3HD,,,,,,ROT000013746
Department of Health,NHS Rotherham CCG,11/30/2020,Non-PFI Oprtng Lease-Bldgs-Lease Rent,ESTATES AND FACILITIES,NHS PROPERTY SERVICES LTD,34548350,"30,081.78",https://nww.einvoice-prod.sbs.nhs.uk:8179/invoicepdf/f38167ab-ddf4-54bd-a143-370f5f9b4dc6,EC2V 7NG,,,,,156725100,H355858
Department of Health,NHS Rotherham CCG,11/30/2020,Service Charge,ESTATES AND FACILITIES,NHS PROPERTY SERVICES LTD,34548350,"11,061.53",,EC2V 7NG,,,,,156725100,H355858
Department of Health,NHS Rotherham CCG,11/30/2020,Voids and Subsidies,PRC DELEGATED CO-COMMISSIONING,NHS PROPERTY SERVICES LTD,34548371,"31,682.52",https://nww.einvoice-prod.sbs.nhs.uk:8179/invoicepdf/e3999363-4da8-5a8d-b487-fedd620c297a,EC2V 7NG,,,,,156725100,H357271
Department of Health,NHS Rotherham CCG,11/30/2020,Bldg/Eng Equip Maint Cont,ESTATES AND FACILITIES,NHS PROPERTY SERVICES LTD,34548374,"9,696.32",https://nww.einvoice-prod.sbs.nhs.uk:8179/invoicepdf/e3904f8c-bac9-56b3-bc9e-72d871a766b4,EC2V 7NG,,,,,156725100,H357259
Department of Health,NHS Rotherham CCG,11/30/2020,Service Charge,ESTATES AND FACILITIES,NHS PROPERTY SERVICES LTD,34548374,"24,262.92",,EC2V 7NG,,,,,156725100,H357259
Department of Health,NHS Rotherham CCG,11/30/2020,C&M-APMS LES Extended Hours,GP FORWARD VIEW,DR DT SAY AND PARTNERS,34592399,"56,813.00",C87004Kiveton Park,S26 6QY,,,,,,Winter-20/21
Department of Health,NHS Rotherham CCG,11/30/2020,Apprenticeship Levy Payable,BALANCE SHEET,HMRC,34593610,797,,G70 6AA,,,,,654457614,475PL004489782107
Department of Health,NHS Rotherham CCG,11/30/2020,Income tax <1Yr,BALANCE SHEET,HMRC,34593610,"60,531.05",,G70 6AA,,,,,654457614,475PL004489782107
Department of Health,NHS Rotherham CCG,11/30/2020,Income tax <1Yr-Student Loans,BALANCE SHEET,HMRC,34593610,473,,G70 6AA,,,,,654457614,475PL004489782107
Department of Health,NHS Rotherham CCG,11/30/2020,National Insurance < 1 yr-NI- ERS,BALANCE SHEET,HMRC,34593610,"43,521.32",,G70 6AA,,,,,654457614,475PL004489782107
Department of Health,NHS Rotherham CCG,11/30/2020,National Insurance < 1 yr-NI-EES,BALANCE SHEET,HMRC,34593610,"32,071.60",,G70 6AA,,,,,654457614,475PL004489782107
Department of Health,NHS Rotherham CCG,11/30/2020,Statutory Mat Pay < 1 yr,BALANCE SHEET,HMRC,34593610,-556.4,,G70 6AA,,,,,654457614,475PL004489782107
Department of Health,NHS Rotherham CCG,11/30/2020,Clinical&Medical-Commercial Sector,MENTAL HEALTH SERVICES - OTHER,IESO DIGITAL HEALTH LTD,34608381,"109,698.00",https://nww.einvoice-prod.sbs.nhs.uk:8179/invoicepdf/c07fcf39-5524-5183-9fb2-2bf181f230cd,CB4 0DS,,,,,247968939,UK000702
Department of Health,NHS Rotherham CCG,11/30/2020,Clinical&Medical-Commercial Sector,MENTAL HEALTH SERVICES - OTHER,HEALIOS LTD,34634325,"103,118.40",,SO15 1HY,,,,,,1699
Department of Health,NHS Rotherham CCG,11/30/2020,C&M-APMS LES Extended Hours,GP FORWARD VIEW,CONNECT HEALTHCARE ROTHERHAM LTD,34634346,"207,187.00",https://nww.einvoice-prod.sbs.nhs.uk:8179/invoicepdf/71710466-2a78-57a2-a22a-5efd7c472022,S65 3HD,,,,,,CHR132
Department of Health,NHS Rotherham CCG,11/30/2020,C&M- PCN DES CARE HOME PREMIUM,PRC DELEGATED CO-COMMISSIONING,CONNECT HEALTHCARE ROTHERHAM LTD,34634354,"26,730.00",https://nww.einvoice-prod.sbs.nhs.uk:8179/invoicepdf/8afe9e14-885f-51a9-9283-546f91c4f3b8,S65 3HD,,,,,,CHR131
Department of Health,NHS Rotherham CCG,11/30/2020,C&M-APMS LES Care Home/Nursing Home,LOCAL ENHANCED SERVICES,CONNECT HEALTHCARE ROTHERHAM LTD,34634354,"67,581.60",,S65 3HD,,,,,,CHR131
Department of Health,NHS Rotherham CCG,11/30/2020,Prescribing,MEDICINES MANAGEMENT - CLINICAL,FRESENIUS KABI LTD,34651427,8.88,http://nww.docserv.wyss.nhs.uk/synergyiim/dist/?val=2770814_13308751_20201109103713,WA7 1NT,,,,,GB534934726,900041626
Department of Health,NHS Rotherham CCG,11/30/2020,Prescribing,MEDICINES MANAGEMENT - CLINICAL,FRESENIUS KABI LTD,34651427,"30,729.58",,WA7 1NT,,,,,GB534934726,900041626
Department of Health,NHS Rotherham CCG,11/30/2020,Clinical&Medical-Commercial Sector,ACUTE COMMISSIONING,ONEHEALTH GROUP,34683166,"32,730.54",https://nww.einvoice-prod.sbs.nhs.uk:8179/invoicepdf/176a9c03-a4cf-5e27-939c-65a6beb2d16b,S11 8UX,,,,,,2805
Department of Health,NHS Rotherham CCG,11/30/2020,Clinical&Medical-Commercial Sector,ACUTE COMMISSIONING,ONEHEALTH GROUP,34683199,"32,704.26",https://nww.einvoice-prod.sbs.nhs.uk:8179/invoicepdf/4c8b7cd8-7b73-573c-8154-c5bffe85b0f3,S11 8UX,,,,,,2834
Department of Health,NHS Rotherham CCG,11/30/2020,Prescribing,MEDICINES MANAGEMENT - CLINICAL,AMCARE LTD,34683221,"110,319.48",https://nww.einvoice-prod.sbs.nhs.uk:8179/invoicepdf/7662b0e7-1c71-5673-a45a-3ae183fe470d,SR4 6SN,,,,,763769971,OPI735043
Department of Health,NHS Rotherham CCG,11/30/2020,C&M-GMS DES Imp Online Patient Acc,GP FORWARD VIEW,SUBSTRAKT HEALTH LTD,34683265,"242,263.13",,B1 3PE,,,,,233886973,RCH021
Department of Health,NHS Rotherham CCG,11/30/2020,C&M-GMS DES Learn Dsblty Hlth Chk,PRC DELEGATED CO-COMMISSIONING,DR AVERY & PARTNERS,34718726,140,LEARNG,S66 8JD,,,,,,ROT000013788
Department of Health,NHS Rotherham CCG,11/30/2020,C&M-GMS Global Sum,PRC DELEGATED CO-COMMISSIONING,DR AVERY & PARTNERS,34718726,"47,809.05",GSUMG,S66 8JD,,,,,,ROT000013788
Department of Health,NHS Rotherham CCG,11/30/2020,C&M-GMS PCN DES Participation,PRC DELEGATED CO-COMMISSIONING,DR AVERY & PARTNERS,34718726,"1,879.46",PARTIG,S66 8JD,,,,,,ROT000013788
Department of Health,NHS Rotherham CCG,11/30/2020,C&M-GMS Prem Notional Rent,PRC DELEGATED CO-COMMISSIONING,DR AVERY & PARTNERS,34718726,"3,166.67",NRENT,S66 8JD,,,,,,ROT000013788
Department of Health,NHS Rotherham CCG,11/30/2020,C&M-GMS Prem Rates,PRC DELEGATED CO-COMMISSIONING,DR AVERY & PARTNERS,34718726,415,RANDR,S66 8JD,,,,,,ROT000013788
Department of Health,NHS Rotherham CCG,11/30/2020,C&M-GMS QOF Aspiration,PRC DELEGATED CO-COMMISSIONING,DR AVERY & PARTNERS,34718726,"5,285.22",QUASPG,S66 8JD,,,,,,ROT000013788
Department of Health,NHS Rotherham CCG,11/30/2020,C&M-GMS DES Learn Dsblty Hlth Chk,PRC DELEGATED CO-COMMISSIONING,DR D G POLKINGHORN & PARTNERS,34718729,"1,820.00",LEARNG,S63 7RA,,,,,,ROT000013791
Department of Health,NHS Rotherham CCG,11/30/2020,C&M-GMS Global Sum,PRC DELEGATED CO-COMMISSIONING,DR D G POLKINGHORN & PARTNERS,34718729,"92,242.66",GSUMG,S63 7RA,,,,,,ROT000013791
Department of Health,NHS Rotherham CCG,11/30/2020,C&M-GMS PCN DES Participation,PRC DELEGATED CO-COMMISSIONING,DR D G POLKINGHORN & PARTNERS,34718729,"3,653.73",PARTIG,S63 7RA,,,,,,ROT000013791
Department of Health,NHS Rotherham CCG,11/30/2020,C&M-GMS Prem Notional Rent,PRC DELEGATED CO-COMMISSIONING,DR D G POLKINGHORN & PARTNERS,34718729,"7,413.75",NRENT,S63 7RA,,,,,,ROT000013791
Department of Health,NHS Rotherham CCG,11/30/2020,C&M-GMS Prem Rates,PRC DELEGATED CO-COMMISSIONING,DR D G POLKINGHORN & PARTNERS,34718729,"2,495.00",RANDR,S63 7RA,,,,,,ROT000013791
Department of Health,NHS Rotherham CCG,11/30/2020,C&M-GMS QOF Aspiration,PRC DELEGATED CO-COMMISSIONING,DR D G POLKINGHORN & PARTNERS,34718729,"10,106.14",QUASPG,S63 7RA,,,,,,ROT000013791
Department of Health,NHS Rotherham CCG,11/30/2020,C&M-GMS GP Statutory Levy,PRC DELEGATED CO-COMMISSIONING,DR MM BROWN & PARTNERS,34718730,-337.22,STATL,S66 1EU,,,,,878533770,ROT000013792
Department of Health,NHS Rotherham CCG,11/30/2020,C&M-GMS PCN DES Participation,PRC DELEGATED CO-COMMISSIONING,DR MM BROWN & PARTNERS,34718730,"-1,849.20",PARTIG,S66 1EU,,,,,878533770,ROT000013792
Department of Health,NHS Rotherham CCG,11/30/2020,C&M-GMS Prem Rates,PRC DELEGATED CO-COMMISSIONING,DR MM BROWN & PARTNERS,34718730,-288.16,RANDR,S66 1EU,,,,,878533770,ROT000013792
Department of Health,NHS Rotherham CCG,11/30/2020,C&M-GMS Voluntary Levy,PRC DELEGATED CO-COMMISSIONING,DR MM BROWN & PARTNERS,34718730,-49.59,VOLL,S66 1EU,,,,,878533770,ROT000013792
Department of Health,NHS Rotherham CCG,11/30/2020,ME - GMS GP Prior Year ERs,PRC DELEGATED CO-COMMISSIONING,DR MM BROWN & PARTNERS,34718730,"-7,475.87",PRYERG,S66 1EU,,,,,878533770,ROT000013792
Department of Health,NHS Rotherham CCG,11/30/2020,ME - GMS TPS Added Years Adj EEs,PRC DELEGATED CO-COMMISSIONING,DR MM BROWN & PARTNERS,34718730,-339.63,URLS,S66 1EU,,,,,878533770,ROT000013792
Department of Health,NHS Rotherham CCG,11/30/2020,ME-GMS GP Pension EEs,PRC DELEGATED CO-COMMISSIONING,DR MM BROWN & PARTNERS,34718730,"-10,346.59",SUPCEE,S66 1EU,,,,,878533770,ROT000013792
Department of Health,NHS Rotherham CCG,11/30/2020,ME-GMS GP Pension ERs Adjustments,PRC DELEGATED CO-COMMISSIONING,DR MM BROWN & PARTNERS,34718730,"-10,581.29",SUPCER,S66 1EU,,,,,878533770,ROT000013792
Department of Health,NHS Rotherham CCG,11/30/2020,ME-GMS GP Prior Year EEs,PRC DELEGATED CO-COMMISSIONING,DR MM BROWN & PARTNERS,34718730,"-6,248.50",PRYEEG,S66 1EU,,,,,878533770,ROT000013792
Department of Health,NHS Rotherham CCG,11/30/2020,C&M-GMS DES Learn Dsblty Hlth Chk,PRC DELEGATED CO-COMMISSIONING,DR MM BROWN & PARTNERS,34718731,280,LEARNG,S66 1EU,,,,,878533770,ROT000013793
Department of Health,NHS Rotherham CCG,11/30/2020,C&M-GMS Global Sum,PRC DELEGATED CO-COMMISSIONING,DR MM BROWN & PARTNERS,34718731,"94,757.12",GSUMG,S66 1EU,,,,,878533770,ROT000013793
Department of Health,NHS Rotherham CCG,11/30/2020,C&M-GMS PCN DES Participation,PRC DELEGATED CO-COMMISSIONING,DR MM BROWN & PARTNERS,34718731,"3,701.55",PARTIG,S66 1EU,,,,,878533770,ROT000013793
Department of Health,NHS Rotherham CCG,11/30/2020,C&M-GMS Prem Cost Rent,PRC DELEGATED CO-COMMISSIONING,DR MM BROWN & PARTNERS,34718731,762.92,COST,S66 1EU,,,,,878533770,ROT000013793
Department of Health,NHS Rotherham CCG,11/30/2020,C&M-GMS Prem Notional Rent,PRC DELEGATED CO-COMMISSIONING,DR MM BROWN & PARTNERS,34718731,"9,116.66",NRENT,S66 1EU,,,,,878533770,ROT000013793
Department of Health,NHS Rotherham CCG,11/30/2020,C&M-GMS Prem Rates,PRC DELEGATED CO-COMMISSIONING,DR MM BROWN & PARTNERS,34718731,"1,601.00",RANDR,S66 1EU,,,,,878533770,ROT000013793
Department of Health,NHS Rotherham CCG,11/30/2020,C&M-GMS Prem Water Rates,PRC DELEGATED CO-COMMISSIONING,DR MM BROWN & PARTNERS,34718731,389.68,RAMW,S66 1EU,,,,,878533770,ROT000013793
Department of Health,NHS Rotherham CCG,11/30/2020,C&M-GMS QOF Aspiration,PRC DELEGATED CO-COMMISSIONING,DR MM BROWN & PARTNERS,34718731,"9,316.04",QUASPG,S66 1EU,,,,,878533770,ROT000013793
Department of Health,NHS Rotherham CCG,11/30/2020,C&M-GMS Global Sum,PRC DELEGATED CO-COMMISSIONING,DR R SHRIVASTAVA & DR C RAOLU,34718733,"28,671.23",GSUMG,S66 8JE,,,,,,ROT000013795
Department of Health,NHS Rotherham CCG,11/30/2020,C&M-GMS PCN DES Participation,PRC DELEGATED CO-COMMISSIONING,DR R SHRIVASTAVA & DR C RAOLU,34718733,"1,139.30",PARTIG,S66 8JE,,,,,,ROT000013795
Department of Health,NHS Rotherham CCG,11/30/2020,C&M-GMS Prem Healthcentre Rent,PRC DELEGATED CO-COMMISSIONING,DR R SHRIVASTAVA & DR C RAOLU,34718733,"2,708.13",HEALTH,S66 8JE,,,,,,ROT000013795
Department of Health,NHS Rotherham CCG,11/30/2020,C&M-GMS QOF Aspiration,PRC DELEGATED CO-COMMISSIONING,DR R SHRIVASTAVA & DR C RAOLU,34718733,"3,104.13",QUASPG,S66 8JE,,,,,,ROT000013795
Department of Health,NHS Rotherham CCG,11/30/2020,C&M-GMS DES Learn Dsblty Hlth Chk,PRC DELEGATED CO-COMMISSIONING,DR VENABLES & PARTNERS,34718735,560,LEARNG,S64 8NB,,,,,,ROT000013797
Department of Health,NHS Rotherham CCG,11/30/2020,C&M-GMS Global Sum,PRC DELEGATED CO-COMMISSIONING,DR VENABLES & PARTNERS,34718735,"77,153.70",GSUMG,S64 8NB,,,,,,ROT000013797
Department of Health,NHS Rotherham CCG,11/30/2020,C&M-GMS PCN DES Participation,PRC DELEGATED CO-COMMISSIONING,DR VENABLES & PARTNERS,34718735,"3,023.57",PARTIG,S64 8NB,,,,,,ROT000013797
Department of Health,NHS Rotherham CCG,11/30/2020,C&M-GMS Prem Notional Rent,PRC DELEGATED CO-COMMISSIONING,DR VENABLES & PARTNERS,34718735,"6,225.00",NRENT,S64 8NB,,,,,,ROT000013797
Department of Health,NHS Rotherham CCG,11/30/2020,C&M-GMS Prem Rates,PRC DELEGATED CO-COMMISSIONING,DR VENABLES & PARTNERS,34718735,"1,092.00",RANDR,S64 8NB,,,,,,ROT000013797
Department of Health,NHS Rotherham CCG,11/30/2020,C&M-GMS Prem Water Rates,PRC DELEGATED CO-COMMISSIONING,DR VENABLES & PARTNERS,34718735,100.16,RAMW,S64 8NB,,,,,,ROT000013797
Department of Health,NHS Rotherham CCG,11/30/2020,C&M-GMS QOF Aspiration,PRC DELEGATED CO-COMMISSIONING,DR VENABLES & PARTNERS,34718735,"7,813.95",QUASPG,S64 8NB,,,,,,ROT000013797
Department of Health,NHS Rotherham CCG,11/30/2020,C&M-GMS Global Sum,PRC DELEGATED CO-COMMISSIONING,DR VISWESVARIAH & PARTNERS,34718737,"30,263.14",GSUMG,S62 6AE,,,,,,ROT000013799
Department of Health,NHS Rotherham CCG,11/30/2020,C&M-GMS PCN DES Participation,PRC DELEGATED CO-COMMISSIONING,DR VISWESVARIAH & PARTNERS,34718737,"1,224.75",PARTIG,S62 6AE,,,,,,ROT000013799
Department of Health,NHS Rotherham CCG,11/30/2020,C&M-GMS Prem Healthcentre Rent,PRC DELEGATED CO-COMMISSIONING,DR VISWESVARIAH & PARTNERS,34718737,"3,808.94",HEALTH,S62 6AE,,,,,,ROT000013799
Department of Health,NHS Rotherham CCG,11/30/2020,C&M-GMS QOF Aspiration,PRC DELEGATED CO-COMMISSIONING,DR VISWESVARIAH & PARTNERS,34718737,"2,694.87",QUASPG,S62 6AE,,,,,,ROT000013799
Department of Health,NHS Rotherham CCG,11/30/2020,Clinical&Medical-Commercial Sector,ACUTE COMMISSIONING,SPAMEDICA LTD,34724334,"91,054.68",https://nww.einvoice-prod.sbs.nhs.uk:8179/invoicepdf/ffcbfeea-200f-52df-bda4-fb2749e74101,M15 4SQ,,,,,,NHSROT055
Department of Health,NHS Rotherham CCG,11/30/2020,Clinical&Medical-Commercial Sector,MENTAL HEALTH CONTRACTS,ROTHERHAM METROPOLITAN BOROUGH COUNCIL,34724341,"49,680.00",,S60 1AE,,,,,,115070770
Department of Health,NHS Rotherham CCG,11/30/2020,C&M-PMS Cost of Drugs -Dispensing,LOCAL ENHANCED SERVICES,DR DT SAY AND PARTNERS,34734758,"-44,086.20",DRGREC,S26 6QU,,,,,,ROT000013810
Department of Health,NHS Rotherham CCG,11/30/2020,C&M-PMS Prsc Chrgs Cll&Rmttd by GPs,PRC DELEGATED CO-COMMISSIONING,DR DT SAY AND PARTNERS,34734758,"-1,473.15",DRGPRX,S26 6QU,,,,,,ROT000013810
Department of Health,NHS Rotherham CCG,11/30/2020,C&M-PMS Cost of Drugs -Dispensing,LOCAL ENHANCED SERVICES,DR DT SAY AND PARTNERS,34734759,"87,244.38","DRGD,DRGADV",S26 6QU,,,,,,ROT000013811
Department of Health,NHS Rotherham CCG,11/30/2020,C&M-PMS Prof fees Dispensing,PRC DELEGATED CO-COMMISSIONING,DR DT SAY AND PARTNERS,34734759,"13,961.94",DRGDPF,S26 6QU,,,,,,ROT000013811
Department of Health,NHS Rotherham CCG,11/30/2020,C&M-PMS Prsc Chrgs Cll&Rmttd by GPs,LOCAL ENHANCED SERVICES,DR DT SAY AND PARTNERS,34734759,"1,473.15",DRGPR,S26 6QU,,,,,,ROT000013811
Department of Health,NHS Rotherham CCG,11/30/2020,C&M-PMS Cost of Drugs -Dispensing,LOCAL ENHANCED SERVICES,DR DOUGLAS & PARTNERS,34734760,"-27,753.60",DRGREC,S25 2EZ,,,,,,ROT000013812
Department of Health,NHS Rotherham CCG,11/30/2020,C&M-PMS Prsc Chrgs Cll&Rmttd by GPs,PRC DELEGATED CO-COMMISSIONING,DR DOUGLAS & PARTNERS,34734760,-823.5,DRGPRX,S25 2EZ,,,,,,ROT000013812
Department of Health,NHS Rotherham CCG,11/30/2020,C&M-PMS Cost of Drugs -Dispensing,LOCAL ENHANCED SERVICES,DR DOUGLAS & PARTNERS,34734761,"85,426.05","DRGD,DRGADV",S25 2EZ,,,,,,ROT000013813
Department of Health,NHS Rotherham CCG,11/30/2020,C&M-PMS Prof fees Dispensing,PRC DELEGATED CO-COMMISSIONING,DR DOUGLAS & PARTNERS,34734761,"8,301.19",DRGDPF,S25 2EZ,,,,,,ROT000013813
Department of Health,NHS Rotherham CCG,11/30/2020,C&M-PMS Prsc Chrgs Cll&Rmttd by GPs,LOCAL ENHANCED SERVICES,DR DOUGLAS & PARTNERS,34734761,823.5,DRGPR,S25 2EZ,,,,,,ROT000013813
Department of Health,NHS Rotherham CCG,11/30/2020,C&M-GMS Cost of Drugs -Dispensing,LOCAL ENHANCED SERVICES,DR MM BROWN & PARTNERS,34734766,"32,895.44","DRGD,DRGADV",S66 1EU,,,,,878533770,ROT000013819
Department of Health,NHS Rotherham CCG,11/30/2020,C&M-GMS Prof Fees Dispensing,PRC DELEGATED CO-COMMISSIONING,DR MM BROWN & PARTNERS,34734766,"3,719.43",DRGDPF,S66 1EU,,,,,878533770,ROT000013819
Department of Health,NHS Rotherham CCG,11/30/2020,C&M-GMS PrscrptnChrgsColl&RmttdbyGP,LOCAL ENHANCED SERVICES,DR MM BROWN & PARTNERS,34734766,466.65,DRGPR,S66 1EU,,,,,878533770,ROT000013819
Department of Health,NHS Rotherham CCG,11/30/2020,Clinical&Medical-Commercial Sector,LEARNING DIFFICULTIES,MOORVILLE RESIDENTIAL,34752090,"27,654.90",https://nww.einvoice-prod.sbs.nhs.uk:8179/invoicepdf/b1d46f14-de25-57a6-bf51-7467d76e21ba,S10 5FA,,,,,,149
