Department Family,Entity,Date,Expense Type,Expense Area,Supplier,Transaction Number,AP Amount,Description,Supplier Postcode,Supplier type,Contract Number,Project code,Expenditure type,VAT Registration Number
Department of Health,NHS Rotherham CCG,31/07/2020,Prescribing,MEDICINES MANAGEMENT - CLINICAL,AMCARE LTD,33181947,"75,037.44",https://nww.einvoice-prod.sbs.nhs.uk:8179/invoicepdf/49bcea79-5f77-508b-959b-763131c0539b,SR4 6SN,,,,,763769971
Department of Health,NHS Rotherham CCG,31/07/2020,Computer Hardware Purch,NON RECURRENT PROGRAMMES,APOGEE DESK TOP SERVICES,33213696,"22,000.00","apogee desk top engineer to support 2nd line help desk 22,000",ME16 0FZ,,,,,135464509
Department of Health,NHS Rotherham CCG,31/07/2020,Computer Hardware Purch,NON RECURRENT PROGRAMMES,APOGEE DESK TOP SERVICES,33213696,"4,400.00",http://nww.docserv.wyss.nhs.uk/synergyiim/dist/?val=2044028_12286643_20200630153427,ME16 0FZ,,,,,135464509
Department of Health,NHS Rotherham CCG,31/07/2020,Hcare Srv Rec Fdtn Trust-Contract Baseline,ACUTE COMMISSIONING,BARNSLEY HOSPITAL NHS FOUNDATION TRUST,33031085,"177,735.00",Aug Block payment,S75 2EP,,,,,654911819
Department of Health,NHS Rotherham CCG,31/07/2020,C&M-APMS PCN DES Clin Pharmacist,PRC DELEGATED CO-COMMISSIONING,CONNECT HEALTHCARE ROTHERHAM LTD,33237890,"30,976.29",https://nww.einvoice-prod.sbs.nhs.uk:8179/invoicepdf/aa759de4-ef36-5879-b960-d094620aaa2d,S65 3HD,,,,,
Department of Health,NHS Rotherham CCG,31/07/2020,Clinical&Medical-Voluntary Sector,COMMISSIONING - NON ACUTE,CROSSROADS CARE ROTHERHAM,33181954,"42,529.00",,S60 1BP,,,,,
Department of Health,NHS Rotherham CCG,31/07/2020,Clinical&Medical-Voluntary Sector,PROGRAMME PROJECTS,CROSSROADS CARE ROTHERHAM,33237932,"58,268.00",,S60 1BP,,,,,
Department of Health,NHS Rotherham CCG,31/07/2020,Clinical&Medical-Voluntary Sector,PROGRAMME PROJECTS,CROSSROADS CARE ROTHERHAM,33237935,"62,136.00",,S60 1BP,,,,,
Department of Health,NHS Rotherham CCG,31/07/2020,Clinical&Medical-Voluntary Sector,MENTAL HEALTH SERVICES - OTHER,CROSSROADS CARE ROTHERHAM,33360106,"41,366.00",,S60 1BP,,,,,
Department of Health,NHS Rotherham CCG,31/07/2020,Hlthcre-Foundation Trsts,LEARNING DIFFICULTIES,CUMBRIA NORTHUMBERLAND TYNE AND WEAR NHS FOUNDATION TRUST,33031132,"67,050.00",Aug Block payment,NE3 3XT,,,,,
Department of Health,NHS Rotherham CCG,31/07/2020,Hcare Srv Rec Fdtn Trust-Contract Baseline,ACUTE COMMISSIONING,DONCASTER AND BASSETLAW HOSPITALS NHS FOUNDATION TRUST,33031117,"842,299.00",Aug Block payment,WF3 1WE,,,,,654400067
Department of Health,NHS Rotherham CCG,31/07/2020,C&M-PMS Contract Value,PRC DELEGATED CO-COMMISSIONING,NHS ROTHERHAM CCG GP PRACTICE,33073150,"38,867.90",BABALP,S65 1QY,,,,,
Department of Health,NHS Rotherham CCG,31/07/2020,C&M-PMS PCN DES Participation,PRC DELEGATED CO-COMMISSIONING,NHS ROTHERHAM CCG GP PRACTICE,33073150,727.9,PARTIP,S65 1QY,,,,,
Department of Health,NHS Rotherham CCG,31/07/2020,C&M-PMS Prem Healthcentre Rent,PRC DELEGATED CO-COMMISSIONING,NHS ROTHERHAM CCG GP PRACTICE,33073150,991.45,HEALTH,S65 1QY,,,,,
Department of Health,NHS Rotherham CCG,31/07/2020,C&M-PMS Prem Notional Rent,PRC DELEGATED CO-COMMISSIONING,NHS ROTHERHAM CCG GP PRACTICE,33073150,"2,833.33",NRENT,S65 1QY,,,,,
Department of Health,NHS Rotherham CCG,31/07/2020,C&M-PMS Prem Rates,PRC DELEGATED CO-COMMISSIONING,NHS ROTHERHAM CCG GP PRACTICE,33073150,774,RANDRP,S65 1QY,,,,,
Department of Health,NHS Rotherham CCG,31/07/2020,C&M-PMS QOF Aspiration,PRC DELEGATED CO-COMMISSIONING,NHS ROTHERHAM CCG GP PRACTICE,33073150,"3,156.92",QUASPP,S65 1QY,,,,,
Department of Health,NHS Rotherham CCG,31/07/2020,C&M-PMS Contract Value,PRC DELEGATED CO-COMMISSIONING,NHS ROTHERHAM CCG GP PRACTICE,33073148,"101,016.65",BABALP,S60 4JW,,,,,
Department of Health,NHS Rotherham CCG,31/07/2020,C&M-PMS Out of Hours Opt Outs,PRC DELEGATED CO-COMMISSIONING,NHS ROTHERHAM CCG GP PRACTICE,33073148,15.12,APMOOH,S60 4JW,,,,,
Department of Health,NHS Rotherham CCG,31/07/2020,C&M-PMS PCN DES Participation,PRC DELEGATED CO-COMMISSIONING,NHS ROTHERHAM CCG GP PRACTICE,33073148,"1,900.57",PARTIP,S60 4JW,,,,,
Department of Health,NHS Rotherham CCG,31/07/2020,C&M-PMS PCO Other,PRC DELEGATED CO-COMMISSIONING,NHS ROTHERHAM CCG GP PRACTICE,33073148,718.8,CQCRP,S60 4JW,,,,,
Department of Health,NHS Rotherham CCG,31/07/2020,C&M-PMS Prem Notional Rent,PRC DELEGATED CO-COMMISSIONING,NHS ROTHERHAM CCG GP PRACTICE,33073148,"7,331.33",NRENT,S60 4JW,,,,,
Department of Health,NHS Rotherham CCG,31/07/2020,C&M-PMS Prem Rates,PRC DELEGATED CO-COMMISSIONING,NHS ROTHERHAM CCG GP PRACTICE,33073148,"2,532.00",RANDRP,S60 4JW,,,,,
Department of Health,NHS Rotherham CCG,31/07/2020,C&M-PMS QOF Aspiration,PRC DELEGATED CO-COMMISSIONING,NHS ROTHERHAM CCG GP PRACTICE,33073148,"10,351.19",QUASPP,S60 4JW,,,,,
Department of Health,NHS Rotherham CCG,31/07/2020,C&M-PMS Contract Value,PRC DELEGATED CO-COMMISSIONING,NHS ROTHERHAM CCG GP PRACTICE,33073152,"93,821.09",BABALP,S61 1AH,,,,,
Department of Health,NHS Rotherham CCG,31/07/2020,C&M-PMS Out of Hours Opt Outs,PRC DELEGATED CO-COMMISSIONING,NHS ROTHERHAM CCG GP PRACTICE,33073152,6.86,APMOOH,S61 1AH,,,,,
Department of Health,NHS Rotherham CCG,31/07/2020,C&M-PMS PCN DES Participation,PRC DELEGATED CO-COMMISSIONING,NHS ROTHERHAM CCG GP PRACTICE,33073152,"1,764.97",PARTIP,S61 1AH,,,,,
Department of Health,NHS Rotherham CCG,31/07/2020,C&M-PMS Prem Actual Rent,PRC DELEGATED CO-COMMISSIONING,NHS ROTHERHAM CCG GP PRACTICE,33073152,"26,516.50",RENT,S61 1AH,,,,,
Department of Health,NHS Rotherham CCG,31/07/2020,C&M-PMS Prem Rates,PRC DELEGATED CO-COMMISSIONING,NHS ROTHERHAM CCG GP PRACTICE,33073152,"2,021.00",RANDRP,S61 1AH,,,,,
Department of Health,NHS Rotherham CCG,31/07/2020,C&M-PMS QOF Aspiration,PRC DELEGATED CO-COMMISSIONING,NHS ROTHERHAM CCG GP PRACTICE,33073152,"8,761.49",QUASPP,S61 1AH,,,,,
Department of Health,NHS Rotherham CCG,31/07/2020,ME-PMS GP Pension EEs-PMS,PRC DELEGATED CO-COMMISSIONING,NHS ROTHERHAM CCG GP PRACTICE,33073152,"2,005.28",SUPCEE,S61 1AH,,,,,
Department of Health,NHS Rotherham CCG,31/07/2020,C&M-GMS Global Sum,PRC DELEGATED CO-COMMISSIONING,NHS ROTHERHAM CCG GP PRACTICE,33325274,"47,796.22",GSUMG,S66 8JD,,,,,
Department of Health,NHS Rotherham CCG,31/07/2020,C&M-GMS PCN DES Participation,PRC DELEGATED CO-COMMISSIONING,NHS ROTHERHAM CCG GP PRACTICE,33325274,938.93,PARTIG,S66 8JD,,,,,
Department of Health,NHS Rotherham CCG,31/07/2020,C&M-GMS Prem Notional Rent,PRC DELEGATED CO-COMMISSIONING,NHS ROTHERHAM CCG GP PRACTICE,33325274,"4,744.55",NRENT,S66 8JD,,,,,
Department of Health,NHS Rotherham CCG,31/07/2020,C&M-GMS Prem Rates,PRC DELEGATED CO-COMMISSIONING,NHS ROTHERHAM CCG GP PRACTICE,33325274,415,RANDR,S66 8JD,,,,,
Department of Health,NHS Rotherham CCG,31/07/2020,C&M-GMS Prem Water Rates,PRC DELEGATED CO-COMMISSIONING,NHS ROTHERHAM CCG GP PRACTICE,33325274,226.48,RAMW,S66 8JD,,,,,
Department of Health,NHS Rotherham CCG,31/07/2020,C&M-GMS QOF Aspiration,PRC DELEGATED CO-COMMISSIONING,NHS ROTHERHAM CCG GP PRACTICE,33325274,"5,285.22",QUASPG,S66 8JD,,,,,
Department of Health,NHS Rotherham CCG,31/07/2020,C&M-PMS Contract Value,PRC DELEGATED CO-COMMISSIONING,NHS ROTHERHAM CCG GP PRACTICE,33073158,"111,839.69",BABALP,S65 1DA,,,,,
Department of Health,NHS Rotherham CCG,31/07/2020,C&M-PMS Out of Hours Opt Outs,PRC DELEGATED CO-COMMISSIONING,NHS ROTHERHAM CCG GP PRACTICE,33073158,23.14,APMOOH,S65 1DA,,,,,
Department of Health,NHS Rotherham CCG,31/07/2020,C&M-PMS PCN DES Participation,PRC DELEGATED CO-COMMISSIONING,NHS ROTHERHAM CCG GP PRACTICE,33073158,"2,104.00",PARTIP,S65 1DA,,,,,
Department of Health,NHS Rotherham CCG,31/07/2020,C&M-PMS Prem Healthcentre Rent,PRC DELEGATED CO-COMMISSIONING,NHS ROTHERHAM CCG GP PRACTICE,33073158,"1,789.21",HEALTH,S65 1DA,,,,,
Department of Health,NHS Rotherham CCG,31/07/2020,C&M-PMS QOF Aspiration,PRC DELEGATED CO-COMMISSIONING,NHS ROTHERHAM CCG GP PRACTICE,33073158,"8,851.69",QUASPP,S65 1DA,,,,,
Department of Health,NHS Rotherham CCG,31/07/2020,ME - PMS GP Prior Year ERs,PRC DELEGATED CO-COMMISSIONING,NHS ROTHERHAM CCG GP PRACTICE,33073158,"1,617.75",PRYERP,S65 1DA,,,,,
Department of Health,NHS Rotherham CCG,31/07/2020,ME-PMS GP Pension EEs Adjs - PMS,PRC DELEGATED CO-COMMISSIONING,NHS ROTHERHAM CCG GP PRACTICE,33073158,"5,328.75",PENEEP,S65 1DA,,,,,
Department of Health,NHS Rotherham CCG,31/07/2020,ME-PMS GP Pension ERs Adjs - PMS,PRC DELEGATED CO-COMMISSIONING,NHS ROTHERHAM CCG GP PRACTICE,33073158,"5,284.65",PENERP,S65 1DA,,,,,
Department of Health,NHS Rotherham CCG,31/07/2020,ME-PMS GP Prior Year EEs,PRC DELEGATED CO-COMMISSIONING,NHS ROTHERHAM CCG GP PRACTICE,33073158,"1,631.25",PRYEEP,S65 1DA,,,,,
Department of Health,NHS Rotherham CCG,31/07/2020,C&M-GMS Global Sum,PRC DELEGATED CO-COMMISSIONING,NHS ROTHERHAM CCG GP PRACTICE,33325276,"92,738.47",GSUMG,S63 7RA,,,,,
Department of Health,NHS Rotherham CCG,31/07/2020,C&M-GMS PCN DES Participation,PRC DELEGATED CO-COMMISSIONING,NHS ROTHERHAM CCG GP PRACTICE,33325276,"1,825.31",PARTIG,S63 7RA,,,,,
Department of Health,NHS Rotherham CCG,31/07/2020,C&M-GMS Prem Notional Rent,PRC DELEGATED CO-COMMISSIONING,NHS ROTHERHAM CCG GP PRACTICE,33325276,"7,413.75",NRENT,S63 7RA,,,,,
Department of Health,NHS Rotherham CCG,31/07/2020,C&M-GMS Prem Rates,PRC DELEGATED CO-COMMISSIONING,NHS ROTHERHAM CCG GP PRACTICE,33325276,"2,495.00",RANDR,S63 7RA,,,,,
Department of Health,NHS Rotherham CCG,31/07/2020,C&M-GMS QOF Aspiration,PRC DELEGATED CO-COMMISSIONING,NHS ROTHERHAM CCG GP PRACTICE,33325276,"10,106.14",QUASPG,S63 7RA,,,,,
Department of Health,NHS Rotherham CCG,31/07/2020,C&M-PMS GP Statutory Levy,PRC DELEGATED CO-COMMISSIONING,NHS ROTHERHAM CCG GP PRACTICE,33073155,-586.33,STATL,S25 2EZ,,,,,
Department of Health,NHS Rotherham CCG,31/07/2020,C&M-PMS Out of Hours Opt Outs,PRC DELEGATED CO-COMMISSIONING,NHS ROTHERHAM CCG GP PRACTICE,33073155,"-8,321.94",APMOOH,S25 2EZ,,,,,
Department of Health,NHS Rotherham CCG,31/07/2020,C&M-PMS Voluntary Levy,PRC DELEGATED CO-COMMISSIONING,NHS ROTHERHAM CCG GP PRACTICE,33073155,-86.23,VOLL,S25 2EZ,,,,,
Department of Health,NHS Rotherham CCG,31/07/2020,ME - PMS GP Prior Year ERs,PRC DELEGATED CO-COMMISSIONING,NHS ROTHERHAM CCG GP PRACTICE,33073155,"-1,513.38",PRYERP,S25 2EZ,,,,,
Department of Health,NHS Rotherham CCG,31/07/2020,ME - PMS TPS Added Years Adj EEs,PRC DELEGATED CO-COMMISSIONING,NHS ROTHERHAM CCG GP PRACTICE,33073155,-540,URLS,S25 2EZ,,,,,
Department of Health,NHS Rotherham CCG,31/07/2020,ME-PMS GP Pension EEs-PMS,PRC DELEGATED CO-COMMISSIONING,NHS ROTHERHAM CCG GP PRACTICE,33073155,"-10,196.75",SUPCEE,S25 2EZ,,,,,
Department of Health,NHS Rotherham CCG,31/07/2020,ME-PMS GP Pension ERs Adjs - PMS,PRC DELEGATED CO-COMMISSIONING,NHS ROTHERHAM CCG GP PRACTICE,33073155,"-11,036.64",SUPCER,S25 2EZ,,,,,
Department of Health,NHS Rotherham CCG,31/07/2020,ME-PMS GP Prior Year EEs,PRC DELEGATED CO-COMMISSIONING,NHS ROTHERHAM CCG GP PRACTICE,33073155,-978.75,PRYEEP,S25 2EZ,,,,,
Department of Health,NHS Rotherham CCG,31/07/2020,C&M-PMS Contract Value,PRC DELEGATED CO-COMMISSIONING,NHS ROTHERHAM CCG GP PRACTICE,33073156,"174,657.73",BABALP,S25 2EZ,,,,,
Department of Health,NHS Rotherham CCG,31/07/2020,C&M-PMS PCN DES Participation,PRC DELEGATED CO-COMMISSIONING,NHS ROTHERHAM CCG GP PRACTICE,33073156,"3,284.92",PARTIP,S25 2EZ,,,,,
Department of Health,NHS Rotherham CCG,31/07/2020,C&M-PMS Prem Actual Rent,PRC DELEGATED CO-COMMISSIONING,NHS ROTHERHAM CCG GP PRACTICE,33073156,"15,429.80",RENT,S25 2EZ,,,,,
Department of Health,NHS Rotherham CCG,31/07/2020,C&M-PMS Prem Notional Rent,PRC DELEGATED CO-COMMISSIONING,NHS ROTHERHAM CCG GP PRACTICE,33073156,"7,477.08",NRENT,S25 2EZ,,,,,
Department of Health,NHS Rotherham CCG,31/07/2020,C&M-PMS Prem Rates,PRC DELEGATED CO-COMMISSIONING,NHS ROTHERHAM CCG GP PRACTICE,33073156,"5,023.00",RANDRP,S25 2EZ,,,,,
Department of Health,NHS Rotherham CCG,31/07/2020,C&M-PMS QOF Aspiration,PRC DELEGATED CO-COMMISSIONING,NHS ROTHERHAM CCG GP PRACTICE,33073156,"18,841.60",QUASPP,S25 2EZ,,,,,
Department of Health,NHS Rotherham CCG,31/07/2020,ME-PMS GP Pension EEs Adjs - PMS,PRC DELEGATED CO-COMMISSIONING,NHS ROTHERHAM CCG GP PRACTICE,33073156,"3,335.00",PENEEP,S25 2EZ,,,,,
Department of Health,NHS Rotherham CCG,31/07/2020,ME-PMS GP Pension ERs Adjs - PMS,PRC DELEGATED CO-COMMISSIONING,NHS ROTHERHAM CCG GP PRACTICE,33073156,"3,307.40",PENERP,S25 2EZ,,,,,
Department of Health,NHS Rotherham CCG,31/07/2020,C&M-PMS Cost of Drugs -Dispensing,LOCAL ENHANCED SERVICES,NHS ROTHERHAM CCG GP PRACTICE,33348362,"-24,887.98","DRGREC,DRGD",S25 2EZ,,,,,
Department of Health,NHS Rotherham CCG,31/07/2020,C&M-PMS Prsc Chrgs Cll&Rmttd by GPs,PRC DELEGATED CO-COMMISSIONING,NHS ROTHERHAM CCG GP PRACTICE,33348362,-347.7,DRGPRX,S25 2EZ,,,,,
Department of Health,NHS Rotherham CCG,31/07/2020,C&M-PMS Cost of Drugs -Dispensing,LOCAL ENHANCED SERVICES,NHS ROTHERHAM CCG GP PRACTICE,33348363,"39,530.09","DRGD,DRGADV",S25 2EZ,,,,,
Department of Health,NHS Rotherham CCG,31/07/2020,C&M-PMS Prof fees Dispensing,PRC DELEGATED CO-COMMISSIONING,NHS ROTHERHAM CCG GP PRACTICE,33348363,"7,111.81",DRGDPF,S25 2EZ,,,,,
Department of Health,NHS Rotherham CCG,31/07/2020,C&M-PMS Prsc Chrgs Cll&Rmttd by GPs,LOCAL ENHANCED SERVICES,NHS ROTHERHAM CCG GP PRACTICE,33348363,347.7,DRGPR,S25 2EZ,,,,,
Department of Health,NHS Rotherham CCG,31/07/2020,C&M-PMS Funding Differential Review,PRC DELEGATED CO-COMMISSIONING,NHS ROTHERHAM CCG GP PRACTICE,32965141,"28,583.40",C87004Kiveton Park,S26 6QY,,,,,
Department of Health,NHS Rotherham CCG,31/07/2020,C&M-PCN DES Support Payment,PRC DELEGATED CO-COMMISSIONING,NHS ROTHERHAM CCG GP PRACTICE,33073154,"2,717.51",SUPPPP,S26 6QU,,,,,
Department of Health,NHS Rotherham CCG,31/07/2020,C&M-PMS Contract Value,PRC DELEGATED CO-COMMISSIONING,NHS ROTHERHAM CCG GP PRACTICE,33073154,"97,519.78",BABALP,S26 6QU,,,,,
Department of Health,NHS Rotherham CCG,31/07/2020,C&M-PMS DES Extended Hours Access,PRC DELEGATED CO-COMMISSIONING,NHS ROTHERHAM CCG GP PRACTICE,33073154,"6,873.00",EXTHDP,S26 6QU,,,,,
Department of Health,NHS Rotherham CCG,31/07/2020,C&M-PMS PCN DES Clinical Director,PRC DELEGATED CO-COMMISSIONING,NHS ROTHERHAM CCG GP PRACTICE,33073154,"4,481.36",CLINDP,S26 6QU,,,,,
Department of Health,NHS Rotherham CCG,31/07/2020,C&M-PMS PCN DES PCN support,LOCAL ENHANCED SERVICES,NHS ROTHERHAM CCG GP PRACTICE,33073154,"7,110.08",PCNSUP,S26 6QU,,,,,
Department of Health,NHS Rotherham CCG,31/07/2020,C&M-PMS PCN DES Participation,PRC DELEGATED CO-COMMISSIONING,NHS ROTHERHAM CCG GP PRACTICE,33073154,"1,834.73",PARTIP,S26 6QU,,,,,
Department of Health,NHS Rotherham CCG,31/07/2020,C&M-PMS Prem Notional Rent,PRC DELEGATED CO-COMMISSIONING,NHS ROTHERHAM CCG GP PRACTICE,33073154,"14,551.50",NRENT,S26 6QU,,,,,
Department of Health,NHS Rotherham CCG,31/07/2020,C&M-PMS Prem Rates,PRC DELEGATED CO-COMMISSIONING,NHS ROTHERHAM CCG GP PRACTICE,33073154,"3,195.00",RANDRP,S26 6QU,,,,,
Department of Health,NHS Rotherham CCG,31/07/2020,C&M-PMS QOF Aspiration,PRC DELEGATED CO-COMMISSIONING,NHS ROTHERHAM CCG GP PRACTICE,33073154,"10,312.29",QUASPP,S26 6QU,,,,,
Department of Health,NHS Rotherham CCG,31/07/2020,C&M-PMS Cost of Drugs -Dispensing,LOCAL ENHANCED SERVICES,NHS ROTHERHAM CCG GP PRACTICE,33348360,"-28,914.28",DRGREC,S26 6QU,,,,,
Department of Health,NHS Rotherham CCG,31/07/2020,C&M-PMS Prsc Chrgs Cll&Rmttd by GPs,PRC DELEGATED CO-COMMISSIONING,NHS ROTHERHAM CCG GP PRACTICE,33348360,"-1,345.05",DRGPRX,S26 6QU,,,,,
Department of Health,NHS Rotherham CCG,31/07/2020,C&M-PMS Cost of Drugs -Dispensing,LOCAL ENHANCED SERVICES,NHS ROTHERHAM CCG GP PRACTICE,33348361,"59,389.64","DRGD,DRGADV",S26 6QU,,,,,
Department of Health,NHS Rotherham CCG,31/07/2020,C&M-PMS Prof fees Dispensing,PRC DELEGATED CO-COMMISSIONING,NHS ROTHERHAM CCG GP PRACTICE,33348361,"9,995.63",DRGDPF,S26 6QU,,,,,
Department of Health,NHS Rotherham CCG,31/07/2020,C&M-PMS Prsc Chrgs Cll&Rmttd by GPs,LOCAL ENHANCED SERVICES,NHS ROTHERHAM CCG GP PRACTICE,33348361,"1,345.05",DRGPR,S26 6QU,,,,,
Department of Health,NHS Rotherham CCG,31/07/2020,C&M-GMS Global Sum,PRC DELEGATED CO-COMMISSIONING,NHS ROTHERHAM CCG GP PRACTICE,33325278,"93,979.60",GSUMG,S66 1EU,,,,,878533770
Department of Health,NHS Rotherham CCG,31/07/2020,C&M-GMS PCN DES Participation,PRC DELEGATED CO-COMMISSIONING,NHS ROTHERHAM CCG GP PRACTICE,33325278,"1,849.20",PARTIG,S66 1EU,,,,,878533770
Department of Health,NHS Rotherham CCG,31/07/2020,C&M-GMS Prem Cost Rent,PRC DELEGATED CO-COMMISSIONING,NHS ROTHERHAM CCG GP PRACTICE,33325278,762.92,COST,S66 1EU,,,,,878533770
Department of Health,NHS Rotherham CCG,31/07/2020,C&M-GMS Prem Notional Rent,PRC DELEGATED CO-COMMISSIONING,NHS ROTHERHAM CCG GP PRACTICE,33325278,"9,116.66",NRENT,S66 1EU,,,,,878533770
Department of Health,NHS Rotherham CCG,31/07/2020,C&M-GMS Prem Rates,PRC DELEGATED CO-COMMISSIONING,NHS ROTHERHAM CCG GP PRACTICE,33325278,"1,601.00",RANDR,S66 1EU,,,,,878533770
Department of Health,NHS Rotherham CCG,31/07/2020,C&M-GMS Prem Water Rates,PRC DELEGATED CO-COMMISSIONING,NHS ROTHERHAM CCG GP PRACTICE,33325278,429.93,RAMW,S66 1EU,,,,,878533770
Department of Health,NHS Rotherham CCG,31/07/2020,C&M-GMS QOF Aspiration,PRC DELEGATED CO-COMMISSIONING,NHS ROTHERHAM CCG GP PRACTICE,33325278,"8,966.85",QUASPG,S66 1EU,,,,,878533770
Department of Health,NHS Rotherham CCG,31/07/2020,C&M-PMS Contract Value,PRC DELEGATED CO-COMMISSIONING,NHS ROTHERHAM CCG GP PRACTICE,33073162,"122,902.84",BABALP,S60 3EW,,,,,
Department of Health,NHS Rotherham CCG,31/07/2020,C&M-PMS Out of Hours Opt Outs,PRC DELEGATED CO-COMMISSIONING,NHS ROTHERHAM CCG GP PRACTICE,33073162,1.4,APMOOH,S60 3EW,,,,,
Department of Health,NHS Rotherham CCG,31/07/2020,C&M-PMS PCN DES Participation,PRC DELEGATED CO-COMMISSIONING,NHS ROTHERHAM CCG GP PRACTICE,33073162,"2,312.30",PARTIP,S60 3EW,,,,,
Department of Health,NHS Rotherham CCG,31/07/2020,C&M-PMS Prem Notional Rent,PRC DELEGATED CO-COMMISSIONING,NHS ROTHERHAM CCG GP PRACTICE,33073162,"10,391.67",NRENT,S60 3EW,,,,,
Department of Health,NHS Rotherham CCG,31/07/2020,C&M-PMS Prem Rates,PRC DELEGATED CO-COMMISSIONING,NHS ROTHERHAM CCG GP PRACTICE,33073162,"2,333.00",RANDRP,S60 3EW,,,,,
Department of Health,NHS Rotherham CCG,31/07/2020,C&M-PMS QOF Aspiration,PRC DELEGATED CO-COMMISSIONING,NHS ROTHERHAM CCG GP PRACTICE,33073162,"11,535.01",QUASPP,S60 3EW,,,,,
Department of Health,NHS Rotherham CCG,31/07/2020,C&M-PCN DES Support Payment,PRC DELEGATED CO-COMMISSIONING,NHS ROTHERHAM CCG GP PRACTICE,33073159,"-1,389.56",SUPPPP,S65 1DW,,,,,
Department of Health,NHS Rotherham CCG,31/07/2020,C&M-PMS Contract Value,PRC DELEGATED CO-COMMISSIONING,NHS ROTHERHAM CCG GP PRACTICE,33073159,-270.41,BABALP,S65 1DW,,,,,
Department of Health,NHS Rotherham CCG,31/07/2020,C&M-PMS DES Extended Hours Access,PRC DELEGATED CO-COMMISSIONING,NHS ROTHERHAM CCG GP PRACTICE,33073159,"-4,418.76",EXTHDP,S65 1DW,,,,,
Department of Health,NHS Rotherham CCG,31/07/2020,C&M-PMS GP Statutory Levy,PRC DELEGATED CO-COMMISSIONING,NHS ROTHERHAM CCG GP PRACTICE,33073159,-501.73,STATL,S65 1DW,,,,,
Department of Health,NHS Rotherham CCG,31/07/2020,C&M-PMS Out of Hours Opt Outs,PRC DELEGATED CO-COMMISSIONING,NHS ROTHERHAM CCG GP PRACTICE,33073159,"-7,394.20",APMOOH,S65 1DW,,,,,
Department of Health,NHS Rotherham CCG,31/07/2020,C&M-PMS PCN DES Clinical Director,PRC DELEGATED CO-COMMISSIONING,NHS ROTHERHAM CCG GP PRACTICE,33073159,"-1,649.38",CLINDP,S65 1DW,,,,,
Department of Health,NHS Rotherham CCG,31/07/2020,C&M-PMS PCN DES PCN support,LOCAL ENHANCED SERVICES,NHS ROTHERHAM CCG GP PRACTICE,33073159,"-4,571.16",PCNSUP,S65 1DW,,,,,
Department of Health,NHS Rotherham CCG,31/07/2020,C&M-PMS Voluntary Levy,PRC DELEGATED CO-COMMISSIONING,NHS ROTHERHAM CCG GP PRACTICE,33073159,-73.78,VOLL,S65 1DW,,,,,
Department of Health,NHS Rotherham CCG,31/07/2020,ME - PMS TPS Added Years Adj EEs,PRC DELEGATED CO-COMMISSIONING,NHS ROTHERHAM CCG GP PRACTICE,33073159,-176.27,URLS,S65 1DW,,,,,
Department of Health,NHS Rotherham CCG,31/07/2020,ME-PMS GP Pension EEs-PMS,PRC DELEGATED CO-COMMISSIONING,NHS ROTHERHAM CCG GP PRACTICE,33073159,"-7,566.80",SUPCEE,S65 1DW,,,,,
Department of Health,NHS Rotherham CCG,31/07/2020,ME-PMS GP Pension ERs Adjs - PMS,PRC DELEGATED CO-COMMISSIONING,NHS ROTHERHAM CCG GP PRACTICE,33073159,"-9,561.66",SUPCER,S65 1DW,,,,,
Department of Health,NHS Rotherham CCG,31/07/2020,C&M-PCN DES Support Payment,PRC DELEGATED CO-COMMISSIONING,NHS ROTHERHAM CCG GP PRACTICE,33073160,"2,100.16",SUPPPP,S65 1DW,,,,,
Department of Health,NHS Rotherham CCG,31/07/2020,C&M-PMS Contract Value,PRC DELEGATED CO-COMMISSIONING,NHS ROTHERHAM CCG GP PRACTICE,33073160,"155,196.62",BABALP,S65 1DW,,,,,
Department of Health,NHS Rotherham CCG,31/07/2020,C&M-PMS DES Extended Hours Access,PRC DELEGATED CO-COMMISSIONING,NHS ROTHERHAM CCG GP PRACTICE,33073160,"6,244.58",EXTHDP,S65 1DW,,,,,
Department of Health,NHS Rotherham CCG,31/07/2020,C&M-PMS Out of Hours Opt Outs,PRC DELEGATED CO-COMMISSIONING,NHS ROTHERHAM CCG GP PRACTICE,33073160,12.9,APMOOH,S65 1DW,,,,,
Department of Health,NHS Rotherham CCG,31/07/2020,C&M-PMS PCN DES Clinical Director,PRC DELEGATED CO-COMMISSIONING,NHS ROTHERHAM CCG GP PRACTICE,33073160,"2,971.58",CLINDP,S65 1DW,,,,,
Department of Health,NHS Rotherham CCG,31/07/2020,C&M-PMS PCN DES PCN support,LOCAL ENHANCED SERVICES,NHS ROTHERHAM CCG GP PRACTICE,33073160,"6,459.92",PCNSUP,S65 1DW,,,,,
Department of Health,NHS Rotherham CCG,31/07/2020,C&M-PMS PCN DES Participation,PRC DELEGATED CO-COMMISSIONING,NHS ROTHERHAM CCG GP PRACTICE,33073160,"2,919.57",PARTIP,S65 1DW,,,,,
Department of Health,NHS Rotherham CCG,31/07/2020,C&M-PMS Prem Healthcentre Rent,PRC DELEGATED CO-COMMISSIONING,NHS ROTHERHAM CCG GP PRACTICE,33073160,537.32,HEALTH,S65 1DW,,,,,
Department of Health,NHS Rotherham CCG,31/07/2020,C&M-PMS Prem Notional Rent,PRC DELEGATED CO-COMMISSIONING,NHS ROTHERHAM CCG GP PRACTICE,33073160,"21,573.33",NRENT,S65 1DW,,,,,
Department of Health,NHS Rotherham CCG,31/07/2020,C&M-PMS Prem Rates,PRC DELEGATED CO-COMMISSIONING,NHS ROTHERHAM CCG GP PRACTICE,33073160,"6,795.00",RANDRP,S65 1DW,,,,,
Department of Health,NHS Rotherham CCG,31/07/2020,C&M-PMS QOF Aspiration,PRC DELEGATED CO-COMMISSIONING,NHS ROTHERHAM CCG GP PRACTICE,33073160,"15,287.25",QUASPP,S65 1DW,,,,,
Department of Health,NHS Rotherham CCG,31/07/2020,C&M-PMS Contract Value,PRC DELEGATED CO-COMMISSIONING,NHS ROTHERHAM CCG GP PRACTICE,33073184,"58,028.31",BABALP,S66 2JQ,,,,,
Department of Health,NHS Rotherham CCG,31/07/2020,C&M-PMS DES Learn Dsblty Hlth Chk,PRC DELEGATED CO-COMMISSIONING,NHS ROTHERHAM CCG GP PRACTICE,33073184,"1,540.00",LEARNP,S66 2JQ,,,,,
Department of Health,NHS Rotherham CCG,31/07/2020,C&M-PMS PCN DES Participation,PRC DELEGATED CO-COMMISSIONING,NHS ROTHERHAM CCG GP PRACTICE,33073184,"1,089.17",PARTIP,S66 2JQ,,,,,
Department of Health,NHS Rotherham CCG,31/07/2020,C&M-PMS PCO Other,PRC DELEGATED CO-COMMISSIONING,NHS ROTHERHAM CCG GP PRACTICE,33073184,448.4,CQCRP,S66 2JQ,,,,,
Department of Health,NHS Rotherham CCG,31/07/2020,C&M-PMS Prem Healthcentre Rent,PRC DELEGATED CO-COMMISSIONING,NHS ROTHERHAM CCG GP PRACTICE,33073184,"4,085.87",HEALTH,S66 2JQ,,,,,
Department of Health,NHS Rotherham CCG,31/07/2020,C&M-PMS QOF Aspiration,PRC DELEGATED CO-COMMISSIONING,NHS ROTHERHAM CCG GP PRACTICE,33073184,"5,231.99",QUASPP,S66 2JQ,,,,,
Department of Health,NHS Rotherham CCG,31/07/2020,C&M-GMS Global Sum,PRC DELEGATED CO-COMMISSIONING,NHS ROTHERHAM CCG GP PRACTICE,33325280,"28,933.68",GSUMG,S66 8LE,,,,,
Department of Health,NHS Rotherham CCG,31/07/2020,C&M-GMS PCN DES Participation,PRC DELEGATED CO-COMMISSIONING,NHS ROTHERHAM CCG GP PRACTICE,33325280,569.17,PARTIG,S66 8LE,,,,,
Department of Health,NHS Rotherham CCG,31/07/2020,C&M-GMS Prem Healthcentre Rent,PRC DELEGATED CO-COMMISSIONING,NHS ROTHERHAM CCG GP PRACTICE,33325280,"2,708.13",HEALTH,S66 8LE,,,,,
Department of Health,NHS Rotherham CCG,31/07/2020,C&M-GMS QOF Aspiration,PRC DELEGATED CO-COMMISSIONING,NHS ROTHERHAM CCG GP PRACTICE,33325280,"2,896.65",QUASPG,S66 8LE,,,,,
Department of Health,NHS Rotherham CCG,31/07/2020,C&M-PMS Contract Value,PRC DELEGATED CO-COMMISSIONING,NHS ROTHERHAM CCG GP PRACTICE,33073164,"29,158.54",BABALP,S61 4RB,,,,,
Department of Health,NHS Rotherham CCG,31/07/2020,C&M-PMS Cost of Drugs -Prescribing,LOCAL ENHANCED SERVICES,NHS ROTHERHAM CCG GP PRACTICE,33073164,429.79,DRGP,S61 4RB,,,,,
Department of Health,NHS Rotherham CCG,31/07/2020,C&M-PMS PCN DES Participation,PRC DELEGATED CO-COMMISSIONING,NHS ROTHERHAM CCG GP PRACTICE,33073164,544.43,PARTIP,S61 4RB,,,,,
Department of Health,NHS Rotherham CCG,31/07/2020,C&M-PMS Prem Notional Rent,PRC DELEGATED CO-COMMISSIONING,NHS ROTHERHAM CCG GP PRACTICE,33073164,"3,100.00",NRENT,S61 4RB,,,,,
Department of Health,NHS Rotherham CCG,31/07/2020,C&M-PMS Prem Rates,PRC DELEGATED CO-COMMISSIONING,NHS ROTHERHAM CCG GP PRACTICE,33073164,672,RANDRP,S61 4RB,,,,,
Department of Health,NHS Rotherham CCG,31/07/2020,C&M-PMS Prof fees Prescribing,PRC DELEGATED CO-COMMISSIONING,NHS ROTHERHAM CCG GP PRACTICE,33073164,149.7,DRGPPF,S61 4RB,,,,,
Department of Health,NHS Rotherham CCG,31/07/2020,C&M-PMS QOF Aspiration,PRC DELEGATED CO-COMMISSIONING,NHS ROTHERHAM CCG GP PRACTICE,33073164,"2,894.88",QUASPP,S61 4RB,,,,,
Department of Health,NHS Rotherham CCG,31/07/2020,C&M-PMS Contract Value,PRC DELEGATED CO-COMMISSIONING,NHS ROTHERHAM CCG GP PRACTICE,33073171,-83.8,BABALP,S62 6AW,,,,,
Department of Health,NHS Rotherham CCG,31/07/2020,C&M-PMS GP Statutory Levy,PRC DELEGATED CO-COMMISSIONING,NHS ROTHERHAM CCG GP PRACTICE,33073171,-181.87,STATL,S62 6AW,,,,,
Department of Health,NHS Rotherham CCG,31/07/2020,C&M-PMS Out of Hours Opt Outs,PRC DELEGATED CO-COMMISSIONING,NHS ROTHERHAM CCG GP PRACTICE,33073171,"-2,648.36",APMOOH,S62 6AW,,,,,
Department of Health,NHS Rotherham CCG,31/07/2020,C&M-PMS Voluntary Levy,PRC DELEGATED CO-COMMISSIONING,NHS ROTHERHAM CCG GP PRACTICE,33073171,-26.75,VOLL,S62 6AW,,,,,
Department of Health,NHS Rotherham CCG,31/07/2020,ME-PMS GP Pension EEs Adjs - PMS,PRC DELEGATED CO-COMMISSIONING,NHS ROTHERHAM CCG GP PRACTICE,33073171,"-6,887.49",PENEEP,S62 6AW,,,,,
Department of Health,NHS Rotherham CCG,31/07/2020,ME-PMS GP Pension EEs-PMS,PRC DELEGATED CO-COMMISSIONING,NHS ROTHERHAM CCG GP PRACTICE,33073171,"-5,958.74",SUPCEE,S62 6AW,,,,,
Department of Health,NHS Rotherham CCG,31/07/2020,ME-PMS GP Pension ERs Adjs - PMS,PRC DELEGATED CO-COMMISSIONING,NHS ROTHERHAM CCG GP PRACTICE,33073171,"-12,834.13","SUPCER,PENERP",S62 6AW,,,,,
Department of Health,NHS Rotherham CCG,31/07/2020,C&M-PMS Contract Value,PRC DELEGATED CO-COMMISSIONING,NHS ROTHERHAM CCG GP PRACTICE,33073172,"55,581.78",BABALP,S62 6AW,,,,,
Department of Health,NHS Rotherham CCG,31/07/2020,C&M-PMS Out of Hours Opt Outs,PRC DELEGATED CO-COMMISSIONING,NHS ROTHERHAM CCG GP PRACTICE,33073172,4,APMOOH,S62 6AW,,,,,
Department of Health,NHS Rotherham CCG,31/07/2020,C&M-PMS PCN DES Participation,PRC DELEGATED CO-COMMISSIONING,NHS ROTHERHAM CCG GP PRACTICE,33073172,"1,045.69",PARTIP,S62 6AW,,,,,
Department of Health,NHS Rotherham CCG,31/07/2020,C&M-PMS Prem Notional Rent,PRC DELEGATED CO-COMMISSIONING,NHS ROTHERHAM CCG GP PRACTICE,33073172,"6,791.67",NRENT,S62 6AW,,,,,
Department of Health,NHS Rotherham CCG,31/07/2020,C&M-PMS QOF Aspiration,PRC DELEGATED CO-COMMISSIONING,NHS ROTHERHAM CCG GP PRACTICE,33073172,"5,151.65",QUASPP,S62 6AW,,,,,
Department of Health,NHS Rotherham CCG,31/07/2020,C&M-GMS Global Sum,PRC DELEGATED CO-COMMISSIONING,NHS ROTHERHAM CCG GP PRACTICE,33325282,"76,597.32",GSUMG,S64 8NB,,,,,
Department of Health,NHS Rotherham CCG,31/07/2020,C&M-GMS PCN DES Participation,PRC DELEGATED CO-COMMISSIONING,NHS ROTHERHAM CCG GP PRACTICE,33325282,"1,510.50",PARTIG,S64 8NB,,,,,
Department of Health,NHS Rotherham CCG,31/07/2020,C&M-GMS Prem Notional Rent,PRC DELEGATED CO-COMMISSIONING,NHS ROTHERHAM CCG GP PRACTICE,33325282,"6,225.00",NRENT,S64 8NB,,,,,
Department of Health,NHS Rotherham CCG,31/07/2020,C&M-GMS Prem Rates,PRC DELEGATED CO-COMMISSIONING,NHS ROTHERHAM CCG GP PRACTICE,33325282,"1,092.00",RANDR,S64 8NB,,,,,
Department of Health,NHS Rotherham CCG,31/07/2020,C&M-GMS Prem Water Rates,PRC DELEGATED CO-COMMISSIONING,NHS ROTHERHAM CCG GP PRACTICE,33325282,159.87,RAMW,S64 8NB,,,,,
Department of Health,NHS Rotherham CCG,31/07/2020,C&M-GMS QOF Aspiration,PRC DELEGATED CO-COMMISSIONING,NHS ROTHERHAM CCG GP PRACTICE,33325282,"7,813.95",QUASPG,S64 8NB,,,,,
Department of Health,NHS Rotherham CCG,31/07/2020,C&M-GMS Global Sum,PRC DELEGATED CO-COMMISSIONING,NHS ROTHERHAM CCG GP PRACTICE,33325284,"30,410.33",GSUMG,S62 6AE,,,,,
Department of Health,NHS Rotherham CCG,31/07/2020,C&M-GMS PCN DES Participation,PRC DELEGATED CO-COMMISSIONING,NHS ROTHERHAM CCG GP PRACTICE,33325284,611.85,PARTIG,S62 6AE,,,,,
Department of Health,NHS Rotherham CCG,31/07/2020,C&M-GMS Prem Healthcentre Rent,PRC DELEGATED CO-COMMISSIONING,NHS ROTHERHAM CCG GP PRACTICE,33325284,"3,808.94",HEALTH,S62 6AE,,,,,
Department of Health,NHS Rotherham CCG,31/07/2020,C&M-GMS QOF Aspiration,PRC DELEGATED CO-COMMISSIONING,NHS ROTHERHAM CCG GP PRACTICE,33325284,"2,499.88",QUASPG,S62 6AE,,,,,
Department of Health,NHS Rotherham CCG,31/07/2020,ME-GMS GP Prior Year EEs,PRC DELEGATED CO-COMMISSIONING,NHS ROTHERHAM CCG GP PRACTICE,33325284,845.25,PRYEEG,S62 6AE,,,,,
Department of Health,NHS Rotherham CCG,31/07/2020,C&M-PMS Contract Value,PRC DELEGATED CO-COMMISSIONING,NHS ROTHERHAM CCG GP PRACTICE,33073168,"69,276.23",BABALP,S66 9LP,,,,,
Department of Health,NHS Rotherham CCG,31/07/2020,C&M-PMS Out of Hours Opt Outs,PRC DELEGATED CO-COMMISSIONING,NHS ROTHERHAM CCG GP PRACTICE,33073168,35.25,APMOOH,S66 9LP,,,,,
Department of Health,NHS Rotherham CCG,31/07/2020,C&M-PMS PCN DES Participation,PRC DELEGATED CO-COMMISSIONING,NHS ROTHERHAM CCG GP PRACTICE,33073168,"1,303.55",PARTIP,S66 9LP,,,,,
Department of Health,NHS Rotherham CCG,31/07/2020,C&M-PMS PCO Other,PRC DELEGATED CO-COMMISSIONING,NHS ROTHERHAM CCG GP PRACTICE,33073168,511.7,CQCRP,S66 9LP,,,,,
Department of Health,NHS Rotherham CCG,31/07/2020,C&M-PMS Prem Notional Rent,PRC DELEGATED CO-COMMISSIONING,NHS ROTHERHAM CCG GP PRACTICE,33073168,"4,200.00",NRENT,S66 9LP,,,,,
Department of Health,NHS Rotherham CCG,31/07/2020,C&M-PMS Prem Rates,PRC DELEGATED CO-COMMISSIONING,NHS ROTHERHAM CCG GP PRACTICE,33073168,"1,360.00",RANDRP,S66 9LP,,,,,
Department of Health,NHS Rotherham CCG,31/07/2020,C&M-PMS Prem Water Rates,PRC DELEGATED CO-COMMISSIONING,NHS ROTHERHAM CCG GP PRACTICE,33073168,71.05,RAMWP,S66 9LP,,,,,
Department of Health,NHS Rotherham CCG,31/07/2020,C&M-PMS QOF Aspiration,PRC DELEGATED CO-COMMISSIONING,NHS ROTHERHAM CCG GP PRACTICE,33073168,"6,336.39",QUASPP,S66 9LP,,,,,
Department of Health,NHS Rotherham CCG,31/07/2020,C&M-PMS Contract Value,PRC DELEGATED CO-COMMISSIONING,NHS ROTHERHAM CCG GP PRACTICE,33076991,"52,441.26",BABALP,S61 4PT,,,,,
Department of Health,NHS Rotherham CCG,31/07/2020,C&M-PMS Out of Hours Opt Outs,PRC DELEGATED CO-COMMISSIONING,NHS ROTHERHAM CCG GP PRACTICE,33076991,12.02,APMOOH,S61 4PT,,,,,
Department of Health,NHS Rotherham CCG,31/07/2020,C&M-PMS PCN DES Participation,PRC DELEGATED CO-COMMISSIONING,NHS ROTHERHAM CCG GP PRACTICE,33076991,986.61,PARTIP,S61 4PT,,,,,
Department of Health,NHS Rotherham CCG,31/07/2020,C&M-PMS Prem Notional Rent,PRC DELEGATED CO-COMMISSIONING,NHS ROTHERHAM CCG GP PRACTICE,33076991,"3,645.83",NRENT,S61 4PT,,,,,
Department of Health,NHS Rotherham CCG,31/07/2020,C&M-PMS Prem Rates,PRC DELEGATED CO-COMMISSIONING,NHS ROTHERHAM CCG GP PRACTICE,33076991,723,RANDRP,S61 4PT,,,,,
Department of Health,NHS Rotherham CCG,31/07/2020,C&M-PMS QOF Aspiration,PRC DELEGATED CO-COMMISSIONING,NHS ROTHERHAM CCG GP PRACTICE,33076991,"4,906.23",QUASPP,S61 4PT,,,,,
Department of Health,NHS Rotherham CCG,31/07/2020,ME - PMS GP Prior Year ERs,PRC DELEGATED CO-COMMISSIONING,NHS ROTHERHAM CCG GP PRACTICE,33076991,357.18,PRYERP,S61 4PT,,,,,
Department of Health,NHS Rotherham CCG,31/07/2020,ME-PMS GP Pension EEs Adjs - PMS,PRC DELEGATED CO-COMMISSIONING,NHS ROTHERHAM CCG GP PRACTICE,33076991,"2,625.00",PENEEP,S61 4PT,,,,,
Department of Health,NHS Rotherham CCG,31/07/2020,ME-PMS GP Pension ERs Adjs - PMS,PRC DELEGATED CO-COMMISSIONING,NHS ROTHERHAM CCG GP PRACTICE,33076991,"3,019.80",PENERP,S61 4PT,,,,,
Department of Health,NHS Rotherham CCG,31/07/2020,ME-PMS GP Prior Year EEs,PRC DELEGATED CO-COMMISSIONING,NHS ROTHERHAM CCG GP PRACTICE,33076991,310.48,PRYEEP,S61 4PT,,,,,
Department of Health,NHS Rotherham CCG,31/07/2020,C&M-PMS Contract Value,PRC DELEGATED CO-COMMISSIONING,NHS ROTHERHAM CCG GP PRACTICE,33076993,"70,948.08",BABALP,S62 6LW,,,,,
Department of Health,NHS Rotherham CCG,31/07/2020,C&M-PMS Out of Hours Opt Outs,PRC DELEGATED CO-COMMISSIONING,NHS ROTHERHAM CCG GP PRACTICE,33076993,4.72,APMOOH,S62 6LW,,,,,
Department of Health,NHS Rotherham CCG,31/07/2020,C&M-PMS PCN DES Participation,PRC DELEGATED CO-COMMISSIONING,NHS ROTHERHAM CCG GP PRACTICE,33076993,"1,334.84",PARTIP,S62 6LW,,,,,
Department of Health,NHS Rotherham CCG,31/07/2020,C&M-PMS PCO Other,PRC DELEGATED CO-COMMISSIONING,NHS ROTHERHAM CCG GP PRACTICE,33076993,512.7,CQCRP,S62 6LW,,,,,
Department of Health,NHS Rotherham CCG,31/07/2020,C&M-PMS Prem Healthcentre Rent,PRC DELEGATED CO-COMMISSIONING,NHS ROTHERHAM CCG GP PRACTICE,33076993,573.89,HEALTH,S62 6LW,,,,,
Department of Health,NHS Rotherham CCG,31/07/2020,C&M-PMS Prem Notional Rent,PRC DELEGATED CO-COMMISSIONING,NHS ROTHERHAM CCG GP PRACTICE,33076993,"3,402.08",NRENT,S62 6LW,,,,,
Department of Health,NHS Rotherham CCG,31/07/2020,C&M-PMS Prem Rates,PRC DELEGATED CO-COMMISSIONING,NHS ROTHERHAM CCG GP PRACTICE,33076993,906,RANDRP,S62 6LW,,,,,
Department of Health,NHS Rotherham CCG,31/07/2020,C&M-PMS QOF Aspiration,PRC DELEGATED CO-COMMISSIONING,NHS ROTHERHAM CCG GP PRACTICE,33076993,"6,040.09",QUASPP,S62 6LW,,,,,
Department of Health,NHS Rotherham CCG,31/07/2020,C&M-PMS Contract Value,PRC DELEGATED CO-COMMISSIONING,NHS ROTHERHAM CCG GP PRACTICE,33076989,"52,486.73",BABALP,S60 5PW,,,,,
Department of Health,NHS Rotherham CCG,31/07/2020,C&M-PMS DES Learn Dsblty Hlth Chk,PRC DELEGATED CO-COMMISSIONING,NHS ROTHERHAM CCG GP PRACTICE,33076989,"1,680.00",LEARNP,S60 5PW,,,,,
Department of Health,NHS Rotherham CCG,31/07/2020,C&M-PMS PCN DES Participation,PRC DELEGATED CO-COMMISSIONING,NHS ROTHERHAM CCG GP PRACTICE,33076989,974.44,PARTIP,S60 5PW,,,,,
Department of Health,NHS Rotherham CCG,31/07/2020,C&M-PMS PCO Other,PRC DELEGATED CO-COMMISSIONING,NHS ROTHERHAM CCG GP PRACTICE,33076989,441.2,CQCRP,S60 5PW,,,,,
Department of Health,NHS Rotherham CCG,31/07/2020,C&M-PMS Prem Healthcentre Rent,PRC DELEGATED CO-COMMISSIONING,NHS ROTHERHAM CCG GP PRACTICE,33076989,"1,979.17",HEALTH,S60 5PW,,,,,
Department of Health,NHS Rotherham CCG,31/07/2020,C&M-PMS QOF Aspiration,PRC DELEGATED CO-COMMISSIONING,NHS ROTHERHAM CCG GP PRACTICE,33076989,"4,399.19",QUASPP,S60 5PW,,,,,
Department of Health,NHS Rotherham CCG,31/07/2020,C&M-PMS Contract Value,PRC DELEGATED CO-COMMISSIONING,NHS ROTHERHAM CCG GP PRACTICE,33073166,"47,683.28",BABALP,S61 2QP,,,,,
Department of Health,NHS Rotherham CCG,31/07/2020,C&M-PMS Out of Hours Opt Outs,PRC DELEGATED CO-COMMISSIONING,NHS ROTHERHAM CCG GP PRACTICE,33073166,11.35,APMOOH,S61 2QP,,,,,
Department of Health,NHS Rotherham CCG,31/07/2020,C&M-PMS PCN DES Participation,PRC DELEGATED CO-COMMISSIONING,NHS ROTHERHAM CCG GP PRACTICE,33073166,897.1,PARTIP,S61 2QP,,,,,
Department of Health,NHS Rotherham CCG,31/07/2020,C&M-PMS Prem Notional Rent,PRC DELEGATED CO-COMMISSIONING,NHS ROTHERHAM CCG GP PRACTICE,33073166,"7,100.09",NRENT,S61 2QP,,,,,
Department of Health,NHS Rotherham CCG,31/07/2020,C&M-PMS QOF Aspiration,PRC DELEGATED CO-COMMISSIONING,NHS ROTHERHAM CCG GP PRACTICE,33073166,"3,800.92",QUASPP,S61 2QP,,,,,
Department of Health,NHS Rotherham CCG,31/07/2020,C&M-PMS Contract Value,PRC DELEGATED CO-COMMISSIONING,NHS ROTHERHAM CCG GP PRACTICE,33073174,"38,492.46",BABALP,S65 1PW,,,,,
Department of Health,NHS Rotherham CCG,31/07/2020,C&M-PMS Out of Hours Opt Outs,PRC DELEGATED CO-COMMISSIONING,NHS ROTHERHAM CCG GP PRACTICE,33073174,10.68,APMOOH,S65 1PW,,,,,
Department of Health,NHS Rotherham CCG,31/07/2020,C&M-PMS PCN DES Participation,PRC DELEGATED CO-COMMISSIONING,NHS ROTHERHAM CCG GP PRACTICE,33073174,724.09,PARTIP,S65 1PW,,,,,
Department of Health,NHS Rotherham CCG,31/07/2020,C&M-PMS Prem Notional Rent,PRC DELEGATED CO-COMMISSIONING,NHS ROTHERHAM CCG GP PRACTICE,33073174,"3,104.17",NRENT,S65 1PW,,,,,
Department of Health,NHS Rotherham CCG,31/07/2020,C&M-PMS QOF Aspiration,PRC DELEGATED CO-COMMISSIONING,NHS ROTHERHAM CCG GP PRACTICE,33073174,"3,453.75",QUASPP,S65 1PW,,,,,
Department of Health,NHS Rotherham CCG,31/07/2020,C&M-PMS Contract Value,PRC DELEGATED CO-COMMISSIONING,NHS ROTHERHAM CCG GP PRACTICE,33073176,"80,813.92",BABALP,S60 5ND,,,,,
Department of Health,NHS Rotherham CCG,31/07/2020,C&M-PMS PCN DES Participation,PRC DELEGATED CO-COMMISSIONING,NHS ROTHERHAM CCG GP PRACTICE,33073176,"1,514.56",PARTIP,S60 5ND,,,,,
Department of Health,NHS Rotherham CCG,31/07/2020,C&M-PMS PCO Locum Adop/Pat/Mat,PRC DELEGATED CO-COMMISSIONING,NHS ROTHERHAM CCG GP PRACTICE,33073176,"6,514.56",SICKC,S60 5ND,,,,,
Department of Health,NHS Rotherham CCG,31/07/2020,C&M-PMS PCO Other,PRC DELEGATED CO-COMMISSIONING,NHS ROTHERHAM CCG GP PRACTICE,33073176,630.6,CQCRP,S60 5ND,,,,,
Department of Health,NHS Rotherham CCG,31/07/2020,C&M-PMS Prem Notional Rent,PRC DELEGATED CO-COMMISSIONING,NHS ROTHERHAM CCG GP PRACTICE,33073176,"6,512.50",NRENT,S60 5ND,,,,,
Department of Health,NHS Rotherham CCG,31/07/2020,C&M-PMS Prem Rates,PRC DELEGATED CO-COMMISSIONING,NHS ROTHERHAM CCG GP PRACTICE,33073176,"2,023.00",RANDRP,S60 5ND,,,,,
Department of Health,NHS Rotherham CCG,31/07/2020,C&M-PMS Prem Water Rates,PRC DELEGATED CO-COMMISSIONING,NHS ROTHERHAM CCG GP PRACTICE,33073176,67.11,RAMWP,S60 5ND,,,,,
Department of Health,NHS Rotherham CCG,31/07/2020,C&M-PMS QOF Aspiration,PRC DELEGATED CO-COMMISSIONING,NHS ROTHERHAM CCG GP PRACTICE,33073176,"7,694.78",QUASPP,S60 5ND,,,,,
Department of Health,NHS Rotherham CCG,31/07/2020,Prescribing,MEDICINES MANAGEMENT - CLINICAL,FRESENIUS KABI LTD,33224992,40.69,http://nww.docserv.wyss.nhs.uk/synergyiim/dist/?val=2058493_12303573_20200702134455,WA7 1NT,,,,,GB534934726
Department of Health,NHS Rotherham CCG,31/07/2020,Prescribing,MEDICINES MANAGEMENT - CLINICAL,FRESENIUS KABI LTD,33224992,"28,662.23",,WA7 1NT,,,,,GB534934726
Department of Health,NHS Rotherham CCG,31/07/2020,C&M-APMS Contract Value,PRC DELEGATED CO-COMMISSIONING,NHS ROTHERHAM CCG GP PRACTICE,33073178,"63,516.82",APMADD,S65 1DJ,,,,,
Department of Health,NHS Rotherham CCG,31/07/2020,C&M-APMS DES Violent Patients,PRC DELEGATED CO-COMMISSIONING,NHS ROTHERHAM CCG GP PRACTICE,33073178,604.17,DEVIOA,S65 1DJ,,,,,
Department of Health,NHS Rotherham CCG,31/07/2020,C&M-APMS OOH Opt Outs,PRC DELEGATED CO-COMMISSIONING,NHS ROTHERHAM CCG GP PRACTICE,33073178,5.76,APMOOA,S65 1DJ,,,,,
Department of Health,NHS Rotherham CCG,31/07/2020,C&M-APMS Other FDR Payment,PRC DELEGATED CO-COMMISSIONING,NHS ROTHERHAM CCG GP PRACTICE,33073178,"12,840.67",ZFUNDA,S65 1DJ,,,,,
Department of Health,NHS Rotherham CCG,31/07/2020,C&M-APMS PCN DES Participation,PRC DELEGATED CO-COMMISSIONING,NHS ROTHERHAM CCG GP PRACTICE,33073178,"1,198.60",PARTIA,S65 1DJ,,,,,
Department of Health,NHS Rotherham CCG,31/07/2020,C&M-APMS Prem Actual Rent,PRC DELEGATED CO-COMMISSIONING,NHS ROTHERHAM CCG GP PRACTICE,33073178,"2,083.33",RENTA,S65 1DJ,,,,,
Department of Health,NHS Rotherham CCG,31/07/2020,C&M-APMS Prem Healthcentre Rent,PRC DELEGATED CO-COMMISSIONING,NHS ROTHERHAM CCG GP PRACTICE,33073178,"4,500.00",HEALTA,S65 1DJ,,,,,
Department of Health,NHS Rotherham CCG,31/07/2020,C&M-PMS QOF Aspiration,PRC DELEGATED CO-COMMISSIONING,NHS ROTHERHAM CCG GP PRACTICE,33073178,"5,440.34",QUASPP,S65 1DJ,,,,,
Department of Health,NHS Rotherham CCG,31/07/2020,Cont Care- Prior Year Payments,CHC ADULT FULLY FUNDED,GREENSIDE HEALTH CARE LTD,33100869,"36,092.96",,S61 4PT,,,,,
Department of Health,NHS Rotherham CCG,31/07/2020,Cont Care-Physical Disab (<65),CHC ADULT FULLY FUNDED,GREENSIDE HEALTH CARE LTD,33100869,"12,890.34",,S61 4PT,,,,,
Department of Health,NHS Rotherham CCG,31/07/2020,Apprenticeship Levy Payable,BALANCE SHEET,HMRC,33194066,759,,G70 6AA,,,,,654457614
Department of Health,NHS Rotherham CCG,31/07/2020,Income tax <1Yr,BALANCE SHEET,HMRC,33194066,"57,176.20",,G70 6AA,,,,,654457614
Department of Health,NHS Rotherham CCG,31/07/2020,Income tax <1Yr-Student Loans,BALANCE SHEET,HMRC,33194066,427,,G70 6AA,,,,,654457614
Department of Health,NHS Rotherham CCG,31/07/2020,National Insurance < 1 yr-NI- ERS,BALANCE SHEET,HMRC,33194066,"42,792.96",,G70 6AA,,,,,654457614
Department of Health,NHS Rotherham CCG,31/07/2020,National Insurance < 1 yr-NI-EES,BALANCE SHEET,HMRC,33194066,"31,877.33",,G70 6AA,,,,,654457614
Department of Health,NHS Rotherham CCG,31/07/2020,Hcare Srv Rec NHS Trust-Contract Baseline,ACUTE COMMISSIONING,LEEDS TEACHING HOSPITALS NHS TRUST,33031130,"27,643.00",Aug Block payment,LS9 7TF,,,,,654944112
Department of Health,NHS Rotherham CCG,31/07/2020,C&M-PMS Contract Value,PRC DELEGATED CO-COMMISSIONING,NHS ROTHERHAM CCG GP PRACTICE,33076995,"123,676.78",BABALP,S65 3HD,,,,,
Department of Health,NHS Rotherham CCG,31/07/2020,C&M-PMS PCN DES Participation,PRC DELEGATED CO-COMMISSIONING,NHS ROTHERHAM CCG GP PRACTICE,33076995,"2,314.16",PARTIP,S65 3HD,,,,,
Department of Health,NHS Rotherham CCG,31/07/2020,C&M-PMS PCO Other,PRC DELEGATED CO-COMMISSIONING,NHS ROTHERHAM CCG GP PRACTICE,33076995,838,CQCRP,S65 3HD,,,,,
Department of Health,NHS Rotherham CCG,31/07/2020,C&M-PMS Prem Actual Rent,PRC DELEGATED CO-COMMISSIONING,NHS ROTHERHAM CCG GP PRACTICE,33076995,"11,987.51",RENT,S65 3HD,,,,,
Department of Health,NHS Rotherham CCG,31/07/2020,C&M-PMS Prem Healthcentre Rent,PRC DELEGATED CO-COMMISSIONING,NHS ROTHERHAM CCG GP PRACTICE,33076995,"1,185.09",HEALTH,S65 3HD,,,,,
Department of Health,NHS Rotherham CCG,31/07/2020,C&M-PMS Prem Notional Rent,PRC DELEGATED CO-COMMISSIONING,NHS ROTHERHAM CCG GP PRACTICE,33076995,"7,326.17",NRENT,S65 3HD,,,,,
Department of Health,NHS Rotherham CCG,31/07/2020,C&M-PMS Prem Rates,PRC DELEGATED CO-COMMISSIONING,NHS ROTHERHAM CCG GP PRACTICE,33076995,"4,480.00",RANDRP,S65 3HD,,,,,
Department of Health,NHS Rotherham CCG,31/07/2020,C&M-PMS QOF Aspiration,PRC DELEGATED CO-COMMISSIONING,NHS ROTHERHAM CCG GP PRACTICE,33076995,"11,897.43",QUASPP,S65 3HD,,,,,
Department of Health,NHS Rotherham CCG,31/07/2020,C&M-PMS Contract Value,PRC DELEGATED CO-COMMISSIONING,NHS ROTHERHAM CCG GP PRACTICE,33073182,"54,776.38",BABALP,S66 8JE,,,,,
Department of Health,NHS Rotherham CCG,31/07/2020,C&M-PMS Out of Hours Opt Outs,PRC DELEGATED CO-COMMISSIONING,NHS ROTHERHAM CCG GP PRACTICE,33073182,3.11,APMOOH,S66 8JE,,,,,
Department of Health,NHS Rotherham CCG,31/07/2020,C&M-PMS PCN DES Participation,PRC DELEGATED CO-COMMISSIONING,NHS ROTHERHAM CCG GP PRACTICE,33073182,"1,030.56",PARTIP,S66 8JE,,,,,
Department of Health,NHS Rotherham CCG,31/07/2020,C&M-PMS Prem Healthcentre Rent,PRC DELEGATED CO-COMMISSIONING,NHS ROTHERHAM CCG GP PRACTICE,33073182,"4,036.20",HEALTH,S66 8JE,,,,,
Department of Health,NHS Rotherham CCG,31/07/2020,C&M-PMS QOF Aspiration,PRC DELEGATED CO-COMMISSIONING,NHS ROTHERHAM CCG GP PRACTICE,33073182,"5,529.39",QUASPP,S66 8JE,,,,,
Department of Health,NHS Rotherham CCG,31/07/2020,Clinical&Medical-Commercial Sector,WHEELCHAIR SERVICE,MEDEQUIP ASSISTIVE TECHNOLOGY LTD,33277711,"233,646.00",,UB7 0LJ,,,,,218788662
Department of Health,NHS Rotherham CCG,31/07/2020,Clinical&Medical-Commercial Sector,LEARNING DIFFICULTIES,MOORVILLE RESIDENTIAL,33367992,"28,576.73",https://nww.einvoice-prod.sbs.nhs.uk:8179/invoicepdf/bad9caf7-b942-544f-96a9-7d6fc9c7cfcb,S10 5FA,,,,,
Department of Health,NHS Rotherham CCG,30/06/2020,Clinical&Medical-Commercial Sector,LEARNING DIFFICULTIES,MOORVILLE RESIDENTIAL,32953020,"27,654.90",https://nww.einvoice-prod.sbs.nhs.uk:8179/invoicepdf/9eac2f3c-5e9f-5b15-813a-935b8ebccffd,S10 5FA,,,,,
Department of Health,NHS Rotherham CCG,30/06/2020,C&M-GMS Prem Other,PRC DELEGATED CO-COMMISSIONING,NHS ENGLAND,32938855,731.07,,WF3 1WE,,,,,654 442 045
Department of Health,NHS Rotherham CCG,30/06/2020,Contract- Refuse & Clinical Waste,PRC DELEGATED CO-COMMISSIONING,NHS ENGLAND,32938855,"22,293.74",,WF3 1WE,,,,,654 442 045
Department of Health,NHS Rotherham CCG,30/06/2020,legal fees,PRC DELEGATED CO-COMMISSIONING,NHS ENGLAND,32938855,"5,342.71",CCG RECHARGE,WF3 1WE,,,,,654 442 045
Department of Health,NHS Rotherham CCG,31/07/2020,Voids and Subsidies,RECHARGES NHS PROPERTY SERVICES LTD,NHS PROPERTY SERVICES LTD,33151975,"40,740.90",https://nww.einvoice-prod.sbs.nhs.uk:8179/invoicepdf/c9398470-a262-56e0-b0e5-b75d40b0931e,EC2V 7NG,,,,,156725100
Department of Health,NHS Rotherham CCG,31/07/2020,Voids and Subsidies,RECHARGES NHS PROPERTY SERVICES LTD,NHS PROPERTY SERVICES LTD,33151977,"-35,081.00",https://nww.einvoice-prod.sbs.nhs.uk:8179/invoicepdf/35307f86-1a63-5b22-9988-7a29913359c1,EC2V 7NG,,,,,156725100
Department of Health,NHS Rotherham CCG,31/07/2020,Non-PFI Oprtng Lease-Bldgs-Lease Rent,ESTATES AND FACILITIES,NHS PROPERTY SERVICES LTD,33151981,"30,081.78",https://nww.einvoice-prod.sbs.nhs.uk:8179/invoicepdf/9f3536e4-3d10-5d2e-832d-86cddf7c2d51,EC2V 7NG,,,,,156725100
Department of Health,NHS Rotherham CCG,31/07/2020,Service Charge,ESTATES AND FACILITIES,NHS PROPERTY SERVICES LTD,33151981,"11,061.53",,EC2V 7NG,,,,,156725100
Department of Health,NHS Rotherham CCG,31/07/2020,Voids and Subsidies,PRC DELEGATED CO-COMMISSIONING,NHS PROPERTY SERVICES LTD,33154992,"31,682.52",https://nww.einvoice-prod.sbs.nhs.uk:8179/invoicepdf/74d9c8c9-6d38-5366-97dc-57f5c58bead5,EC2V 7NG,,,,,156725100
Department of Health,NHS Rotherham CCG,31/07/2020,Bldg/Eng Equip Maint Cont,ESTATES AND FACILITIES,NHS PROPERTY SERVICES LTD,33155003,"9,696.32",https://nww.einvoice-prod.sbs.nhs.uk:8179/invoicepdf/f1aa6c64-ef9e-59f1-945e-9168fea81f67,EC2V 7NG,,,,,156725100
Department of Health,NHS Rotherham CCG,31/07/2020,Service Charge,ESTATES AND FACILITIES,NHS PROPERTY SERVICES LTD,33155003,"24,262.92",,EC2V 7NG,,,,,156725100
Department of Health,NHS Rotherham CCG,31/07/2020,Oth Travel Costs-Patient Transport,PATIENT TRANSPORT,PREMIER CARE DIRECT LTD,33000375,"47,297.42",https://nww.einvoice-prod.sbs.nhs.uk:8179/invoicepdf/7f72a25b-3311-5883-8f7e-929ae0cb07f5,DN5 9TJ,,,,,
Department of Health,NHS Rotherham CCG,31/07/2020,Clinical&Medical-Commercial Sector,MENTAL HEALTH CONTRACTS,QUARRYFIELDS HEALTH CARE LTD,33290716,"-25,642.59",,DN4 8EP,,,,,
Department of Health,NHS Rotherham CCG,31/07/2020,Hcare Srv Rec Fdtn Trust-Contract Baseline,MENTAL HEALTH CONTRACTS,ROTHERHAM DONCASTER AND SOUTH HUMBER NHS FOUNDATION TRUST,33031120,"2,793,272.00",Aug Block payment,DN4 8QN,,,,,GB654972302
Department of Health,NHS Rotherham CCG,31/07/2020,Clinical&Medical-Voluntary Sector,HOSPICES,ROTHERHAM HOSPICE TRUST (THE),33131164,"31,270.00",,S60 2SW,,,,,
Department of Health,NHS Rotherham CCG,31/07/2020,Hcare Srv Rec Fdtn Trust-Contract Baseline,ACUTE COMMISSIONING,ROTHERHAM NHS FOUNDATION TRUST,33031142,"16,258,504.00",Aug Block payment,S60 2UD,,,,,654938300
Department of Health,NHS Rotherham CCG,31/07/2020,Oth Travel Costs-Training Trav&Subs,MEDICINES MANAGEMENT - CLINICAL,ROTHERHAM NHS FOUNDATION TRUST,33057147,742.28,,S60 2UD,,,,,654938300
Department of Health,NHS Rotherham CCG,31/07/2020,Seconded-Basic Sal-Staff fm oth org,MEDICINES MANAGEMENT - CLINICAL,ROTHERHAM NHS FOUNDATION TRUST,33057147,"38,435.00",,S60 2UD,,,,,654938300
Department of Health,NHS Rotherham CCG,31/07/2020,Stationery,MEDICINES MANAGEMENT - CLINICAL,ROTHERHAM NHS FOUNDATION TRUST,33057147,511.47,,S60 2UD,,,,,654938300
Department of Health,NHS Rotherham CCG,30/06/2020,Hlthcre-Foundation Trsts,COMMUNITY SERVICES,ROTHERHAM NHS FOUNDATION TRUST,32851177,"63,286.00",,S60 2UD,,,,,654938300
Department of Health,NHS Rotherham CCG,30/06/2020,Hlthcre-Foundation Trsts,COMMUNITY SERVICES,ROTHERHAM NHS FOUNDATION TRUST,32851258,"107,107.00",,S60 2UD,,,,,654938300
Department of Health,NHS Rotherham CCG,31/07/2020,Hcare Srv Rec Fdtn Trust-Contract Baseline,ACUTE COMMISSIONING,SHEFFIELD CHILDRENS NHS FOUNDATION TRUST,33031139,"198,638.00",Aug Block payment,S10 2TH,,,,,654940418
Department of Health,NHS Rotherham CCG,31/07/2020,Hcare Srv Rec Fdtn Trust-Contract Baseline,MENTAL HEALTH CONTRACTS,SHEFFIELD HEALTH & SOCIAL CARE NHS FOUNDATION TRUST,33031123,"57,294.00",Aug Block payment,S10 3TH,,,,,654917213
Department of Health,NHS Rotherham CCG,31/07/2020,Hcare Srv Rec Fdtn Trust-Contract Baseline,ACUTE COMMISSIONING,SHEFFIELD TEACHING HOSPITALS NHS FOUNDATION TRUST,33031140,"2,224,428.00",Aug Block payment,S5 7AU,,,,,654400165
Department of Health,NHS Rotherham CCG,31/07/2020,C&M-PMS Contract Value,PRC DELEGATED CO-COMMISSIONING,SPRINGCLIFFE SURGERY SHEFFIELD,33073180,"129,774.81",BABALP,S26 4WD,,,,,
Department of Health,NHS Rotherham CCG,31/07/2020,C&M-PMS PCN DES Participation,PRC DELEGATED CO-COMMISSIONING,SPRINGCLIFFE SURGERY SHEFFIELD,33073180,"2,438.91",PARTIP,S26 4WD,,,,,
Department of Health,NHS Rotherham CCG,31/07/2020,C&M-PMS PCO Other,PRC DELEGATED CO-COMMISSIONING,SPRINGCLIFFE SURGERY SHEFFIELD,33073180,993.7,CQCRP,S26 4WD,,,,,
Department of Health,NHS Rotherham CCG,31/07/2020,C&M-PMS Prem Healthcentre Rent,PRC DELEGATED CO-COMMISSIONING,SPRINGCLIFFE SURGERY SHEFFIELD,33073180,993.65,HEALTH,S26 4WD,,,,,
Department of Health,NHS Rotherham CCG,31/07/2020,C&M-PMS QOF Aspiration,PRC DELEGATED CO-COMMISSIONING,SPRINGCLIFFE SURGERY SHEFFIELD,33073180,"12,955.22",QUASPP,S26 4WD,,,,,
Department of Health,NHS Rotherham CCG,31/07/2020,Hcare Srv Rec NHS Trust-Contract Baseline,AMBULANCE SERVICES,YORKSHIRE AMBULANCE SERVICE NHS TRUST,33031137,"1,015,342.00",Aug Block payment,WF2 0XQ,,,,,654971305
,,,,,,,"27,697,399.30",,,,,,,
