Department family,Entity,Date,Expense Type,Expense area,Supplier,Transaction number,AP Amount (£)
Department of Health,NHS Rotherham CCG,29/02/2020,Hcare Srv Rec Fdtn Trust-Contract Baseline,ACUTE COMMISSIONING,BARNSLEY HOSPITAL NHS FOUNDATION TRUST,30966020,"149,100.00"
Department of Health,NHS Rotherham CCG,29/02/2020,Clinical&Medical-Commercial Sector,ACUTE COMMISSIONING,BMI HEALTHCARE LTD,30966007,"25,613.94"
Department of Health,NHS Rotherham CCG,29/02/2020,Clinical&Medical-Commercial Sector,ACUTE COMMISSIONING,CARE UK CLINICAL SERVICES LTD,30966084,"49,555.00"
Department of Health,NHS Rotherham CCG,29/02/2020,Hcare Srv Rec Fdtn Trust-Contract Baseline,ACUTE COMMISSIONING,CHESTERFIELD ROYAL HOSPITAL NHS FOUNDATION TRUST,30939734,"26,187.00"
Department of Health,NHS Rotherham CCG,29/02/2020,Clinical&Medical-Commercial Sector,ACUTE COMMISSIONING,CLAREMONT HOSPITAL,31112100,"28,938.00"
Department of Health,NHS Rotherham CCG,29/02/2020,Clinical&Medical-Commercial Sector,ACUTE COMMISSIONING,CLAREMONT HOSPITAL,31112347,"47,408.00"
Department of Health,NHS Rotherham CCG,29/02/2020,C&M-GMS Practice Transformational Support,GP FORWARD VIEW,CONNECT HEALTHCARE ROTHERHAM LTD,31170374,"93,151.00"
Department of Health,NHS Rotherham CCG,29/02/2020,C&M-PMS DES Imp Online Patient Acc,GP FORWARD VIEW,CONNECT HEALTHCARE ROTHERHAM LTD,31170374,"73,886.00"
Department of Health,NHS Rotherham CCG,29/02/2020,C&M-PMS GP Training Costs,GP FORWARD VIEW,CONNECT HEALTHCARE ROTHERHAM LTD,31170374,"47,963.00"
Department of Health,NHS Rotherham CCG,29/02/2020,Clinical&Medical- Non NHS LES,PRC DELEGATED CO-COMMISSIONING,CONNECT HEALTHCARE ROTHERHAM LTD,31245122,"50,000.00"
Department of Health,NHS Rotherham CCG,29/02/2020,Clinical&Medical- Non NHS LES,PRC DELEGATED CO-COMMISSIONING,CONNECT HEALTHCARE ROTHERHAM LTD,31245127,"70,000.00"
Department of Health,NHS Rotherham CCG,29/02/2020,C&M-APMS DES Extended Hours Access,PRC DELEGATED CO-COMMISSIONING,CONNECT HEALTHCARE ROTHERHAM LTD,31245133,"19,011.79"
Department of Health,NHS Rotherham CCG,29/02/2020,C&M-APMS PCN DES Clinical Director,PRC DELEGATED CO-COMMISSIONING,CONNECT HEALTHCARE ROTHERHAM LTD,31245133,"8,882.71"
Department of Health,NHS Rotherham CCG,29/02/2020,C&M-APMS PCN DES PCN support,LOCAL ENHANCED SERVICES,CONNECT HEALTHCARE ROTHERHAM LTD,31245133,"19,479.95"
Department of Health,NHS Rotherham CCG,29/02/2020,C&M-PMS LES Extended Hours,GP FORWARD VIEW,CONNECT HEALTHCARE ROTHERHAM LTD,31245213,"303,531.00"
Department of Health,NHS Rotherham CCG,29/02/2020,Clinical&Medical-Voluntary Sector,COMMISSIONING - NON ACUTE,CROSSROADS CARE ROTHERHAM,30920087,"41,941.00"
Department of Health,NHS Rotherham CCG,29/02/2020,Clinical&Medical-Voluntary Sector,PROGRAMME PROJECTS,CROSSROADS CARE ROTHERHAM,31082092,"61,278.00"
Department of Health,NHS Rotherham CCG,29/02/2020,Hlthcre-Foundation Trsts,LEARNING DIFFICULTIES,CUMBRIA NORTHUMBERLAND TYNE AND WEAR NHS FOUNDATION TRUST,31170370,"59,367.48"
Department of Health,NHS Rotherham CCG,29/02/2020,Hlthcre-Foundation Trsts,LEARNING DIFFICULTIES,CUMBRIA NORTHUMBERLAND TYNE AND WEAR NHS FOUNDATION TRUST,31170372,"-59,367.48"
Department of Health,NHS Rotherham CCG,29/02/2020,Clinical&Medical-Commercial Sector,MENTAL HEALTH SERVICES - NOT CONTRACTED ACTIVITY,CYGNET HEALTH CARE LTD,31124360,"25,429.00"
Department of Health,NHS Rotherham CCG,31/01/2020,Hcare Srv Rec Fdtn Trust-Contract Baseline,ACUTE COMMISSIONING,DONCASTER AND BASSETLAW HOSPITALS NHS FOUNDATION TRUST,30674819,"28,756.00"
Department of Health,NHS Rotherham CCG,31/01/2020,Hcare Srv Rec Fdtn Trust-Contract Baseline,ACUTE COMMISSIONING,DONCASTER AND BASSETLAW HOSPITALS NHS FOUNDATION TRUST,30847097,"809,381.00"
Department of Health,NHS Rotherham CCG,29/02/2020,C&M-PMS Contract Value,PRC DELEGATED CO-COMMISSIONING,NHS ROTHERHAM CCG GP PRACTICE,30986624,"38,500.36"
Department of Health,NHS Rotherham CCG,29/02/2020,C&M-PMS Out of Hours Opt Outs,PRC DELEGATED CO-COMMISSIONING,NHS ROTHERHAM CCG GP PRACTICE,30986624,17.63
Department of Health,NHS Rotherham CCG,29/02/2020,C&M-PMS PCN DES Participation,PRC DELEGATED CO-COMMISSIONING,NHS ROTHERHAM CCG GP PRACTICE,30986624,733.15
Department of Health,NHS Rotherham CCG,29/02/2020,C&M-PMS Prem Healthcentre Rent,PRC DELEGATED CO-COMMISSIONING,NHS ROTHERHAM CCG GP PRACTICE,30986624,996.69
Department of Health,NHS Rotherham CCG,29/02/2020,C&M-PMS Prem Notional Rent,PRC DELEGATED CO-COMMISSIONING,NHS ROTHERHAM CCG GP PRACTICE,30986624,"2,833.33"
Department of Health,NHS Rotherham CCG,29/02/2020,C&M-PMS QOF Aspiration,PRC DELEGATED CO-COMMISSIONING,NHS ROTHERHAM CCG GP PRACTICE,30986624,"3,168.86"
Department of Health,NHS Rotherham CCG,29/02/2020,C&M-PMS Contract Value,PRC DELEGATED CO-COMMISSIONING,NHS ROTHERHAM CCG GP PRACTICE,30986622,"99,930.38"
Department of Health,NHS Rotherham CCG,29/02/2020,C&M-PMS DES Learn Dsblty Hlth Chk,PRC DELEGATED CO-COMMISSIONING,NHS ROTHERHAM CCG GP PRACTICE,30986622,"1,820.00"
Department of Health,NHS Rotherham CCG,29/02/2020,C&M-PMS Out of Hours Opt Outs,PRC DELEGATED CO-COMMISSIONING,NHS ROTHERHAM CCG GP PRACTICE,30986622,5.23
Department of Health,NHS Rotherham CCG,29/02/2020,C&M-PMS PCN DES Participation,PRC DELEGATED CO-COMMISSIONING,NHS ROTHERHAM CCG GP PRACTICE,30986622,"1,887.18"
Department of Health,NHS Rotherham CCG,29/02/2020,C&M-PMS Prem Notional Rent,PRC DELEGATED CO-COMMISSIONING,NHS ROTHERHAM CCG GP PRACTICE,30986622,"7,331.33"
Department of Health,NHS Rotherham CCG,29/02/2020,C&M-PMS QOF Aspiration,PRC DELEGATED CO-COMMISSIONING,NHS ROTHERHAM CCG GP PRACTICE,30986622,"10,425.94"
Department of Health,NHS Rotherham CCG,29/02/2020,C&M-PMS Contract Value,PRC DELEGATED CO-COMMISSIONING,NHS ROTHERHAM CCG GP PRACTICE,30986626,"93,862.17"
Department of Health,NHS Rotherham CCG,29/02/2020,C&M-PMS Out of Hours Opt Outs,PRC DELEGATED CO-COMMISSIONING,NHS ROTHERHAM CCG GP PRACTICE,30986626,44.44
Department of Health,NHS Rotherham CCG,29/02/2020,C&M-PMS PCN DES Participation,PRC DELEGATED CO-COMMISSIONING,NHS ROTHERHAM CCG GP PRACTICE,30986626,"1,778.35"
Department of Health,NHS Rotherham CCG,29/02/2020,C&M-PMS QOF Aspiration,PRC DELEGATED CO-COMMISSIONING,NHS ROTHERHAM CCG GP PRACTICE,30986626,"8,615.94"
Department of Health,NHS Rotherham CCG,29/02/2020,C&M-GMS DES Learn Dsblty Hlth Chk,PRC DELEGATED CO-COMMISSIONING,NHS ROTHERHAM CCG GP PRACTICE,31200953,"3,080.00"
Department of Health,NHS Rotherham CCG,29/02/2020,C&M-GMS Global Sum,PRC DELEGATED CO-COMMISSIONING,NHS ROTHERHAM CCG GP PRACTICE,31200953,"45,698.90"
Department of Health,NHS Rotherham CCG,29/02/2020,C&M-GMS MPIG Correction Factor,PRC DELEGATED CO-COMMISSIONING,NHS ROTHERHAM CCG GP PRACTICE,31200953,61.7
Department of Health,NHS Rotherham CCG,29/02/2020,C&M-GMS PCN DES Participation,PRC DELEGATED CO-COMMISSIONING,NHS ROTHERHAM CCG GP PRACTICE,31200953,955.79
Department of Health,NHS Rotherham CCG,29/02/2020,C&M-GMS Prem Notional Rent,PRC DELEGATED CO-COMMISSIONING,NHS ROTHERHAM CCG GP PRACTICE,31200953,"2,991.67"
Department of Health,NHS Rotherham CCG,29/02/2020,C&M-GMS Prem Rates,PRC DELEGATED CO-COMMISSIONING,NHS ROTHERHAM CCG GP PRACTICE,31200953,355.32
Department of Health,NHS Rotherham CCG,29/02/2020,C&M-GMS Prem Water Rates,PRC DELEGATED CO-COMMISSIONING,NHS ROTHERHAM CCG GP PRACTICE,31200953,239.46
Department of Health,NHS Rotherham CCG,29/02/2020,C&M-GMS QOF Aspiration,PRC DELEGATED CO-COMMISSIONING,NHS ROTHERHAM CCG GP PRACTICE,31200953,"5,424.35"
Department of Health,NHS Rotherham CCG,29/02/2020,C&M-PMS Contract Value,PRC DELEGATED CO-COMMISSIONING,NHS ROTHERHAM CCG GP PRACTICE,30986632,"112,114.77"
Department of Health,NHS Rotherham CCG,29/02/2020,C&M-PMS DES Learn Dsblty Hlth Chk,PRC DELEGATED CO-COMMISSIONING,NHS ROTHERHAM CCG GP PRACTICE,30986632,"1,540.00"
Department of Health,NHS Rotherham CCG,29/02/2020,C&M-PMS Out of Hours Opt Outs,PRC DELEGATED CO-COMMISSIONING,NHS ROTHERHAM CCG GP PRACTICE,30986632,110.86
Department of Health,NHS Rotherham CCG,29/02/2020,C&M-PMS PCN DES Participation,PRC DELEGATED CO-COMMISSIONING,NHS ROTHERHAM CCG GP PRACTICE,30986632,"2,122.28"
Department of Health,NHS Rotherham CCG,29/02/2020,C&M-PMS PCO Locum Sickness,PRC DELEGATED CO-COMMISSIONING,NHS ROTHERHAM CCG GP PRACTICE,30986632,"6,988.74"
Department of Health,NHS Rotherham CCG,29/02/2020,C&M-PMS Prem Healthcentre Rent,PRC DELEGATED CO-COMMISSIONING,NHS ROTHERHAM CCG GP PRACTICE,30986632,"1,789.21"
Department of Health,NHS Rotherham CCG,29/02/2020,C&M-PMS QOF Aspiration,PRC DELEGATED CO-COMMISSIONING,NHS ROTHERHAM CCG GP PRACTICE,30986632,"9,254.42"
Department of Health,NHS Rotherham CCG,29/02/2020,C&M-GMS DES Learn Dsblty Hlth Chk,PRC DELEGATED CO-COMMISSIONING,NHS ROTHERHAM CCG GP PRACTICE,31200955,"1,820.00"
Department of Health,NHS Rotherham CCG,29/02/2020,C&M-GMS Global Sum,PRC DELEGATED CO-COMMISSIONING,NHS ROTHERHAM CCG GP PRACTICE,31200955,"88,791.48"
Department of Health,NHS Rotherham CCG,29/02/2020,C&M-GMS MPIG Correction Factor,PRC DELEGATED CO-COMMISSIONING,NHS ROTHERHAM CCG GP PRACTICE,31200955,"1,286.10"
Department of Health,NHS Rotherham CCG,29/02/2020,C&M-GMS PCN DES Participation,PRC DELEGATED CO-COMMISSIONING,NHS ROTHERHAM CCG GP PRACTICE,31200955,"1,813.88"
Department of Health,NHS Rotherham CCG,29/02/2020,C&M-GMS PCO Locum Adop/Pat/Mat,PRC DELEGATED CO-COMMISSIONING,NHS ROTHERHAM CCG GP PRACTICE,31200955,"20,192.88"
Department of Health,NHS Rotherham CCG,29/02/2020,C&M-GMS PCO Locum Sickness,PRC DELEGATED CO-COMMISSIONING,NHS ROTHERHAM CCG GP PRACTICE,31200955,"5,541.30"
Department of Health,NHS Rotherham CCG,29/02/2020,C&M-GMS Prem Notional Rent,PRC DELEGATED CO-COMMISSIONING,NHS ROTHERHAM CCG GP PRACTICE,31200955,"7,413.75"
Department of Health,NHS Rotherham CCG,29/02/2020,C&M-GMS Prem Water Rates,PRC DELEGATED CO-COMMISSIONING,NHS ROTHERHAM CCG GP PRACTICE,31200955,290.26
Department of Health,NHS Rotherham CCG,29/02/2020,C&M-GMS QOF Aspiration,PRC DELEGATED CO-COMMISSIONING,NHS ROTHERHAM CCG GP PRACTICE,31200955,"9,939.77"
Department of Health,NHS Rotherham CCG,29/02/2020,C&M-PMS Contract Value,PRC DELEGATED CO-COMMISSIONING,NHS ROTHERHAM CCG GP PRACTICE,30986629,-264.47
Department of Health,NHS Rotherham CCG,29/02/2020,C&M-PMS GP Statutory Levy,PRC DELEGATED CO-COMMISSIONING,NHS ROTHERHAM CCG GP PRACTICE,30986629,-587.97
Department of Health,NHS Rotherham CCG,29/02/2020,C&M-PMS Out of Hours Opt Outs,PRC DELEGATED CO-COMMISSIONING,NHS ROTHERHAM CCG GP PRACTICE,30986629,"-8,130.73"
Department of Health,NHS Rotherham CCG,29/02/2020,C&M-PMS Voluntary Levy,PRC DELEGATED CO-COMMISSIONING,NHS ROTHERHAM CCG GP PRACTICE,30986629,-86.47
Department of Health,NHS Rotherham CCG,29/02/2020,ME - PMS TPS Added Years Adj EEs,PRC DELEGATED CO-COMMISSIONING,NHS ROTHERHAM CCG GP PRACTICE,30986629,-720
Department of Health,NHS Rotherham CCG,29/02/2020,ME-PMS GP Pension EEs-PMS,PRC DELEGATED CO-COMMISSIONING,NHS ROTHERHAM CCG GP PRACTICE,30986629,"-10,597.22"
Department of Health,NHS Rotherham CCG,29/02/2020,ME-PMS GP Pension ERs Adjs - PMS,PRC DELEGATED CO-COMMISSIONING,NHS ROTHERHAM CCG GP PRACTICE,30986629,"-11,271.88"
Department of Health,NHS Rotherham CCG,29/02/2020,C&M-PMS Contract Value,PRC DELEGATED CO-COMMISSIONING,NHS ROTHERHAM CCG GP PRACTICE,30986630,"173,943.59"
Department of Health,NHS Rotherham CCG,29/02/2020,C&M-PMS DES Learn Dsblty Hlth Chk,PRC DELEGATED CO-COMMISSIONING,NHS ROTHERHAM CCG GP PRACTICE,30986630,840
Department of Health,NHS Rotherham CCG,29/02/2020,C&M-PMS Out of Hours Opt Outs,PRC DELEGATED CO-COMMISSIONING,NHS ROTHERHAM CCG GP PRACTICE,30986630,12.4
Department of Health,NHS Rotherham CCG,29/02/2020,C&M-PMS PCN DES Participation,PRC DELEGATED CO-COMMISSIONING,NHS ROTHERHAM CCG GP PRACTICE,30986630,"3,267.42"
Department of Health,NHS Rotherham CCG,29/02/2020,C&M-PMS Prem Actual Rent,PRC DELEGATED CO-COMMISSIONING,NHS ROTHERHAM CCG GP PRACTICE,30986630,"12,510.33"
Department of Health,NHS Rotherham CCG,29/02/2020,C&M-PMS Prem Notional Rent,PRC DELEGATED CO-COMMISSIONING,NHS ROTHERHAM CCG GP PRACTICE,30986630,"7,477.08"
Department of Health,NHS Rotherham CCG,29/02/2020,C&M-PMS Prem Rates,PRC DELEGATED CO-COMMISSIONING,NHS ROTHERHAM CCG GP PRACTICE,30986630,"1,493.00"
Department of Health,NHS Rotherham CCG,29/02/2020,C&M-PMS Prem Water Rates,PRC DELEGATED CO-COMMISSIONING,NHS ROTHERHAM CCG GP PRACTICE,30986630,"2,954.60"
Department of Health,NHS Rotherham CCG,29/02/2020,C&M-PMS QOF Aspiration,PRC DELEGATED CO-COMMISSIONING,NHS ROTHERHAM CCG GP PRACTICE,30986630,"19,545.78"
Department of Health,NHS Rotherham CCG,29/02/2020,ME-PMS GP Pension EEs Adjs - PMS,PRC DELEGATED CO-COMMISSIONING,NHS ROTHERHAM CCG GP PRACTICE,30986630,"6,235.00"
Department of Health,NHS Rotherham CCG,29/02/2020,ME-PMS GP Pension ERs Adjs - PMS,PRC DELEGATED CO-COMMISSIONING,NHS ROTHERHAM CCG GP PRACTICE,30986630,"6,183.40"
Department of Health,NHS Rotherham CCG,29/02/2020,C&M-PMS Cost of Drugs -Dispensing,LOCAL ENHANCED SERVICES,NHS ROTHERHAM CCG GP PRACTICE,31230280,"-26,332.17"
Department of Health,NHS Rotherham CCG,29/02/2020,C&M-PMS Prsc Chrgs Cll&Rmttd by GPs,PRC DELEGATED CO-COMMISSIONING,NHS ROTHERHAM CCG GP PRACTICE,31230280,-927
Department of Health,NHS Rotherham CCG,29/02/2020,C&M-PMS Cost of Drugs -Dispensing,LOCAL ENHANCED SERVICES,NHS ROTHERHAM CCG GP PRACTICE,31230282,"50,483.10"
Department of Health,NHS Rotherham CCG,29/02/2020,C&M-PMS Prof fees Dispensing,PRC DELEGATED CO-COMMISSIONING,NHS ROTHERHAM CCG GP PRACTICE,31230282,"7,437.72"
Department of Health,NHS Rotherham CCG,29/02/2020,C&M-PMS Prsc Chrgs Cll&Rmttd by GPs,LOCAL ENHANCED SERVICES,NHS ROTHERHAM CCG GP PRACTICE,31230282,927
Department of Health,NHS Rotherham CCG,29/02/2020,C&M-PMS Contract Value,PRC DELEGATED CO-COMMISSIONING,NHS ROTHERHAM CCG GP PRACTICE,30986628,"96,952.03"
Department of Health,NHS Rotherham CCG,29/02/2020,C&M-PMS DES Extended Hours Access,PRC DELEGATED CO-COMMISSIONING,NHS ROTHERHAM CCG GP PRACTICE,30986628,"6,938.02"
Department of Health,NHS Rotherham CCG,29/02/2020,C&M-PMS PCN DES Clin Pharmacist,PRC DELEGATED CO-COMMISSIONING,NHS ROTHERHAM CCG GP PRACTICE,30986628,"10,695.56"
Department of Health,NHS Rotherham CCG,29/02/2020,C&M-PMS PCN DES Clinical Director,PRC DELEGATED CO-COMMISSIONING,NHS ROTHERHAM CCG GP PRACTICE,30986628,"3,241.53"
Department of Health,NHS Rotherham CCG,29/02/2020,C&M-PMS PCN DES PCN support,LOCAL ENHANCED SERVICES,NHS ROTHERHAM CCG GP PRACTICE,30986628,"7,108.63"
Department of Health,NHS Rotherham CCG,29/02/2020,C&M-PMS PCN DES Participation,PRC DELEGATED CO-COMMISSIONING,NHS ROTHERHAM CCG GP PRACTICE,30986628,"1,830.94"
Department of Health,NHS Rotherham CCG,29/02/2020,C&M-PMS Prem Notional Rent,PRC DELEGATED CO-COMMISSIONING,NHS ROTHERHAM CCG GP PRACTICE,30986628,"14,528.58"
Department of Health,NHS Rotherham CCG,29/02/2020,C&M-PMS QOF Aspiration,PRC DELEGATED CO-COMMISSIONING,NHS ROTHERHAM CCG GP PRACTICE,30986628,"10,795.81"
Department of Health,NHS Rotherham CCG,29/02/2020,C&M-PMS Cost of Drugs -Dispensing,LOCAL ENHANCED SERVICES,NHS ROTHERHAM CCG GP PRACTICE,31230276,"-33,113.56"
Department of Health,NHS Rotherham CCG,29/02/2020,C&M-PMS Prsc Chrgs Cll&Rmttd by GPs,PRC DELEGATED CO-COMMISSIONING,NHS ROTHERHAM CCG GP PRACTICE,31230276,"-1,197.00"
Department of Health,NHS Rotherham CCG,29/02/2020,C&M-PMS Cost of Drugs -Dispensing,LOCAL ENHANCED SERVICES,NHS ROTHERHAM CCG GP PRACTICE,31230278,"66,749.44"
Department of Health,NHS Rotherham CCG,29/02/2020,C&M-PMS Prof fees Dispensing,PRC DELEGATED CO-COMMISSIONING,NHS ROTHERHAM CCG GP PRACTICE,31230278,"9,581.93"
Department of Health,NHS Rotherham CCG,29/02/2020,C&M-PMS Prsc Chrgs Cll&Rmttd by GPs,LOCAL ENHANCED SERVICES,NHS ROTHERHAM CCG GP PRACTICE,31230278,"1,197.00"
Department of Health,NHS Rotherham CCG,29/02/2020,C&M-GMS DES Learn Dsblty Hlth Chk,PRC DELEGATED CO-COMMISSIONING,NHS ROTHERHAM CCG GP PRACTICE,31200957,420
Department of Health,NHS Rotherham CCG,29/02/2020,C&M-GMS Global Sum,PRC DELEGATED CO-COMMISSIONING,NHS ROTHERHAM CCG GP PRACTICE,31200957,"89,996.75"
Department of Health,NHS Rotherham CCG,29/02/2020,C&M-GMS MPIG Correction Factor,PRC DELEGATED CO-COMMISSIONING,NHS ROTHERHAM CCG GP PRACTICE,31200957,"1,086.44"
Department of Health,NHS Rotherham CCG,29/02/2020,C&M-GMS PCN DES Participation,PRC DELEGATED CO-COMMISSIONING,NHS ROTHERHAM CCG GP PRACTICE,31200957,"1,824.48"
Department of Health,NHS Rotherham CCG,29/02/2020,C&M-GMS Prem Cost Rent,PRC DELEGATED CO-COMMISSIONING,NHS ROTHERHAM CCG GP PRACTICE,31200957,762.92
Department of Health,NHS Rotherham CCG,29/02/2020,C&M-GMS Prem Notional Rent,PRC DELEGATED CO-COMMISSIONING,NHS ROTHERHAM CCG GP PRACTICE,31200957,"9,116.66"
Department of Health,NHS Rotherham CCG,29/02/2020,C&M-GMS Prem Rates,PRC DELEGATED CO-COMMISSIONING,NHS ROTHERHAM CCG GP PRACTICE,31200957,"1,687.12"
Department of Health,NHS Rotherham CCG,29/02/2020,C&M-GMS QOF Aspiration,PRC DELEGATED CO-COMMISSIONING,NHS ROTHERHAM CCG GP PRACTICE,31200957,"9,272.29"
Department of Health,NHS Rotherham CCG,29/02/2020,C&M-GMS Cost of Drugs -Dispensing,LOCAL ENHANCED SERVICES,NHS ROTHERHAM CCG GP PRACTICE,31230290,"24,536.96"
Department of Health,NHS Rotherham CCG,29/02/2020,C&M-GMS Prof Fees Dispensing,PRC DELEGATED CO-COMMISSIONING,NHS ROTHERHAM CCG GP PRACTICE,31230290,"3,513.47"
Department of Health,NHS Rotherham CCG,29/02/2020,C&M-GMS PrscrptnChrgsColl&RmttdbyGP,LOCAL ENHANCED SERVICES,NHS ROTHERHAM CCG GP PRACTICE,31230290,387
Department of Health,NHS Rotherham CCG,29/02/2020,C&M-PMS Contract Value,PRC DELEGATED CO-COMMISSIONING,NHS ROTHERHAM CCG GP PRACTICE,30986635,"-1,278.38"
Department of Health,NHS Rotherham CCG,29/02/2020,C&M-PMS GP Statutory Levy,PRC DELEGATED CO-COMMISSIONING,NHS ROTHERHAM CCG GP PRACTICE,30986635,-423.27
Department of Health,NHS Rotherham CCG,29/02/2020,C&M-PMS Out of Hours Opt Outs,PRC DELEGATED CO-COMMISSIONING,NHS ROTHERHAM CCG GP PRACTICE,30986635,"-5,734.41"
Department of Health,NHS Rotherham CCG,29/02/2020,C&M-PMS Voluntary Levy,PRC DELEGATED CO-COMMISSIONING,NHS ROTHERHAM CCG GP PRACTICE,30986635,-62.25
Department of Health,NHS Rotherham CCG,29/02/2020,ME - PMS GP Prior Year ERs,PRC DELEGATED CO-COMMISSIONING,NHS ROTHERHAM CCG GP PRACTICE,30986635,"-5,543.81"
Department of Health,NHS Rotherham CCG,29/02/2020,ME-PMS GP Pension EEs-PMS,PRC DELEGATED CO-COMMISSIONING,NHS ROTHERHAM CCG GP PRACTICE,30986635,"-17,978.47"
Department of Health,NHS Rotherham CCG,29/02/2020,ME-PMS GP Pension ERs Adjs - PMS,PRC DELEGATED CO-COMMISSIONING,NHS ROTHERHAM CCG GP PRACTICE,30986635,"-19,301.39"
Department of Health,NHS Rotherham CCG,29/02/2020,ME-PMS GP Prior Year EEs,PRC DELEGATED CO-COMMISSIONING,NHS ROTHERHAM CCG GP PRACTICE,30986635,"-5,590.07"
Department of Health,NHS Rotherham CCG,29/02/2020,C&M-PMS Contract Value,PRC DELEGATED CO-COMMISSIONING,NHS ROTHERHAM CCG GP PRACTICE,30986636,"122,469.58"
Department of Health,NHS Rotherham CCG,29/02/2020,C&M-PMS Cost of Drugs -Prescribing,LOCAL ENHANCED SERVICES,NHS ROTHERHAM CCG GP PRACTICE,30986636,39.31
Department of Health,NHS Rotherham CCG,29/02/2020,C&M-PMS DES Learn Dsblty Hlth Chk,PRC DELEGATED CO-COMMISSIONING,NHS ROTHERHAM CCG GP PRACTICE,30986636,980
Department of Health,NHS Rotherham CCG,29/02/2020,C&M-PMS Out of Hours Opt Outs,PRC DELEGATED CO-COMMISSIONING,NHS ROTHERHAM CCG GP PRACTICE,30986636,59.94
Department of Health,NHS Rotherham CCG,29/02/2020,C&M-PMS PCN DES Participation,PRC DELEGATED CO-COMMISSIONING,NHS ROTHERHAM CCG GP PRACTICE,30986636,"2,326.04"
Department of Health,NHS Rotherham CCG,29/02/2020,C&M-PMS Prem Notional Rent,PRC DELEGATED CO-COMMISSIONING,NHS ROTHERHAM CCG GP PRACTICE,30986636,"10,391.67"
Department of Health,NHS Rotherham CCG,29/02/2020,C&M-PMS Prof fees Prescribing,PRC DELEGATED CO-COMMISSIONING,NHS ROTHERHAM CCG GP PRACTICE,30986636,201.9
Department of Health,NHS Rotherham CCG,29/02/2020,C&M-PMS QOF Aspiration,PRC DELEGATED CO-COMMISSIONING,NHS ROTHERHAM CCG GP PRACTICE,30986636,"12,100.31"
Department of Health,NHS Rotherham CCG,29/02/2020,C&M-PMS Contract Value,PRC DELEGATED CO-COMMISSIONING,NHS ROTHERHAM CCG GP PRACTICE,30986633,-837.67
Department of Health,NHS Rotherham CCG,29/02/2020,C&M-PMS GP Statutory Levy,PRC DELEGATED CO-COMMISSIONING,NHS ROTHERHAM CCG GP PRACTICE,30986633,-501.61
Department of Health,NHS Rotherham CCG,29/02/2020,C&M-PMS Out of Hours Opt Outs,PRC DELEGATED CO-COMMISSIONING,NHS ROTHERHAM CCG GP PRACTICE,30986633,"-7,202.80"
Department of Health,NHS Rotherham CCG,29/02/2020,C&M-PMS Prem Healthcentre Rent,PRC DELEGATED CO-COMMISSIONING,NHS ROTHERHAM CCG GP PRACTICE,30986633,-5.09
Department of Health,NHS Rotherham CCG,29/02/2020,C&M-PMS Voluntary Levy,PRC DELEGATED CO-COMMISSIONING,NHS ROTHERHAM CCG GP PRACTICE,30986633,-73.77
Department of Health,NHS Rotherham CCG,29/02/2020,ME - PMS TPS Added Years Adj EEs,PRC DELEGATED CO-COMMISSIONING,NHS ROTHERHAM CCG GP PRACTICE,30986633,-176.27
Department of Health,NHS Rotherham CCG,29/02/2020,ME-PMS GP Pension EEs-PMS,PRC DELEGATED CO-COMMISSIONING,NHS ROTHERHAM CCG GP PRACTICE,30986633,"-9,237.87"
Department of Health,NHS Rotherham CCG,29/02/2020,ME-PMS GP Pension ERs Adjs - PMS,PRC DELEGATED CO-COMMISSIONING,NHS ROTHERHAM CCG GP PRACTICE,30986633,"-9,999.71"
Department of Health,NHS Rotherham CCG,29/02/2020,C&M-PMS Contract Value,PRC DELEGATED CO-COMMISSIONING,NHS ROTHERHAM CCG GP PRACTICE,30986634,"154,389.92"
Department of Health,NHS Rotherham CCG,29/02/2020,C&M-PMS DES Extended Hours Access,PRC DELEGATED CO-COMMISSIONING,NHS ROTHERHAM CCG GP PRACTICE,30986634,"6,289.71"
Department of Health,NHS Rotherham CCG,29/02/2020,C&M-PMS Out of Hours Opt Outs,PRC DELEGATED CO-COMMISSIONING,NHS ROTHERHAM CCG GP PRACTICE,30986634,39.17
Department of Health,NHS Rotherham CCG,29/02/2020,C&M-PMS PCN DES Clinical Director,PRC DELEGATED CO-COMMISSIONING,NHS ROTHERHAM CCG GP PRACTICE,30986634,"2,938.64"
Department of Health,NHS Rotherham CCG,29/02/2020,C&M-PMS PCN DES PCN support,LOCAL ENHANCED SERVICES,NHS ROTHERHAM CCG GP PRACTICE,30986634,"6,444.38"
Department of Health,NHS Rotherham CCG,29/02/2020,C&M-PMS PCN DES Participation,PRC DELEGATED CO-COMMISSIONING,NHS ROTHERHAM CCG GP PRACTICE,30986634,"2,893.70"
Department of Health,NHS Rotherham CCG,29/02/2020,C&M-PMS Prem Actual Rent,PRC DELEGATED CO-COMMISSIONING,NHS ROTHERHAM CCG GP PRACTICE,30986634,550
Department of Health,NHS Rotherham CCG,29/02/2020,C&M-PMS Prem Healthcentre Rent,PRC DELEGATED CO-COMMISSIONING,NHS ROTHERHAM CCG GP PRACTICE,30986634,542.41
Department of Health,NHS Rotherham CCG,29/02/2020,C&M-PMS Prem Notional Rent,PRC DELEGATED CO-COMMISSIONING,NHS ROTHERHAM CCG GP PRACTICE,30986634,"21,023.33"
Department of Health,NHS Rotherham CCG,29/02/2020,C&M-PMS QOF Aspiration,PRC DELEGATED CO-COMMISSIONING,NHS ROTHERHAM CCG GP PRACTICE,30986634,"14,780.00"
Department of Health,NHS Rotherham CCG,29/02/2020,C&M-PMS Contract Value,PRC DELEGATED CO-COMMISSIONING,NHS ROTHERHAM CCG GP PRACTICE,30986657,"57,690.98"
Department of Health,NHS Rotherham CCG,29/02/2020,C&M-PMS Out of Hours Opt Outs,PRC DELEGATED CO-COMMISSIONING,NHS ROTHERHAM CCG GP PRACTICE,30986657,25.76
Department of Health,NHS Rotherham CCG,29/02/2020,C&M-PMS PCN DES Participation,PRC DELEGATED CO-COMMISSIONING,NHS ROTHERHAM CCG GP PRACTICE,30986657,"1,094.90"
Department of Health,NHS Rotherham CCG,29/02/2020,C&M-PMS Prem Healthcentre Rent,PRC DELEGATED CO-COMMISSIONING,NHS ROTHERHAM CCG GP PRACTICE,30986657,"4,085.86"
Department of Health,NHS Rotherham CCG,29/02/2020,C&M-PMS QOF Aspiration,PRC DELEGATED CO-COMMISSIONING,NHS ROTHERHAM CCG GP PRACTICE,30986657,"5,425.84"
Department of Health,NHS Rotherham CCG,29/02/2020,C&M-GMS Global Sum,PRC DELEGATED CO-COMMISSIONING,NHS ROTHERHAM CCG GP PRACTICE,31205622,"27,512.33"
Department of Health,NHS Rotherham CCG,29/02/2020,C&M-GMS MPIG Correction Factor,PRC DELEGATED CO-COMMISSIONING,NHS ROTHERHAM CCG GP PRACTICE,31205622,44.99
Department of Health,NHS Rotherham CCG,29/02/2020,C&M-GMS PCN DES Participation,PRC DELEGATED CO-COMMISSIONING,NHS ROTHERHAM CCG GP PRACTICE,31205622,561.77
Department of Health,NHS Rotherham CCG,29/02/2020,C&M-GMS Prem Healthcentre Rent,PRC DELEGATED CO-COMMISSIONING,NHS ROTHERHAM CCG GP PRACTICE,31205622,"2,708.13"
Department of Health,NHS Rotherham CCG,29/02/2020,C&M-GMS QOF Aspiration,PRC DELEGATED CO-COMMISSIONING,NHS ROTHERHAM CCG GP PRACTICE,31205622,"3,090.40"
Department of Health,NHS Rotherham CCG,29/02/2020,C&M-PMS Contract Value,PRC DELEGATED CO-COMMISSIONING,NHS ROTHERHAM CCG GP PRACTICE,30986638,"28,616.86"
Department of Health,NHS Rotherham CCG,29/02/2020,C&M-PMS PCN DES Participation,PRC DELEGATED CO-COMMISSIONING,NHS ROTHERHAM CCG GP PRACTICE,30986638,533.23
Department of Health,NHS Rotherham CCG,29/02/2020,C&M-PMS Prem Notional Rent,PRC DELEGATED CO-COMMISSIONING,NHS ROTHERHAM CCG GP PRACTICE,30986638,"3,100.00"
Department of Health,NHS Rotherham CCG,29/02/2020,C&M-PMS QOF Aspiration,PRC DELEGATED CO-COMMISSIONING,NHS ROTHERHAM CCG GP PRACTICE,30986638,"2,978.58"
Department of Health,NHS Rotherham CCG,29/02/2020,C&M-PMS Contract Value,PRC DELEGATED CO-COMMISSIONING,NHS ROTHERHAM CCG GP PRACTICE,30986646,"55,384.91"
Department of Health,NHS Rotherham CCG,29/02/2020,C&M-PMS DES Learn Dsblty Hlth Chk,PRC DELEGATED CO-COMMISSIONING,NHS ROTHERHAM CCG GP PRACTICE,30986646,"1,820.00"
Department of Health,NHS Rotherham CCG,29/02/2020,C&M-PMS Out of Hours Opt Outs,PRC DELEGATED CO-COMMISSIONING,NHS ROTHERHAM CCG GP PRACTICE,30986646,22.66
Department of Health,NHS Rotherham CCG,29/02/2020,C&M-PMS PCN DES Participation,PRC DELEGATED CO-COMMISSIONING,NHS ROTHERHAM CCG GP PRACTICE,30986646,"1,043.43"
Department of Health,NHS Rotherham CCG,29/02/2020,C&M-PMS Prem Notional Rent,PRC DELEGATED CO-COMMISSIONING,NHS ROTHERHAM CCG GP PRACTICE,30986646,"6,791.67"
Department of Health,NHS Rotherham CCG,29/02/2020,C&M-PMS QOF Aspiration,PRC DELEGATED CO-COMMISSIONING,NHS ROTHERHAM CCG GP PRACTICE,30986646,"5,291.59"
Department of Health,NHS Rotherham CCG,29/02/2020,C&M-GMS DES Learn Dsblty Hlth Chk,PRC DELEGATED CO-COMMISSIONING,NHS ROTHERHAM CCG GP PRACTICE,31200959,"1,400.00"
Department of Health,NHS Rotherham CCG,29/02/2020,C&M-GMS Global Sum,PRC DELEGATED CO-COMMISSIONING,NHS ROTHERHAM CCG GP PRACTICE,31200959,"73,489.36"
Department of Health,NHS Rotherham CCG,29/02/2020,C&M-GMS PCN DES Participation,PRC DELEGATED CO-COMMISSIONING,NHS ROTHERHAM CCG GP PRACTICE,31200959,"1,502.24"
Department of Health,NHS Rotherham CCG,29/02/2020,C&M-GMS PCO Locum Adop/Pat/Mat,PRC DELEGATED CO-COMMISSIONING,NHS ROTHERHAM CCG GP PRACTICE,31200959,"26,941.32"
Department of Health,NHS Rotherham CCG,29/02/2020,C&M-GMS Prem Notional Rent,PRC DELEGATED CO-COMMISSIONING,NHS ROTHERHAM CCG GP PRACTICE,31200959,"6,225.00"
Department of Health,NHS Rotherham CCG,29/02/2020,C&M-GMS Prem Rates,PRC DELEGATED CO-COMMISSIONING,NHS ROTHERHAM CCG GP PRACTICE,31200959,"1,074.00"
Department of Health,NHS Rotherham CCG,29/02/2020,C&M-GMS QOF Aspiration,PRC DELEGATED CO-COMMISSIONING,NHS ROTHERHAM CCG GP PRACTICE,31200959,"7,535.78"
Department of Health,NHS Rotherham CCG,29/02/2020,C&M-GMS DES Learn Dsblty Hlth Chk,PRC DELEGATED CO-COMMISSIONING,NHS ROTHERHAM CCG GP PRACTICE,31200961,560
Department of Health,NHS Rotherham CCG,29/02/2020,C&M-GMS Global Sum,PRC DELEGATED CO-COMMISSIONING,NHS ROTHERHAM CCG GP PRACTICE,31200961,"29,775.04"
Department of Health,NHS Rotherham CCG,29/02/2020,C&M-GMS PCN DES Participation,PRC DELEGATED CO-COMMISSIONING,NHS ROTHERHAM CCG GP PRACTICE,31200961,629.16
Department of Health,NHS Rotherham CCG,29/02/2020,C&M-GMS Prem Healthcentre Rent,PRC DELEGATED CO-COMMISSIONING,NHS ROTHERHAM CCG GP PRACTICE,31200961,"3,808.94"
Department of Health,NHS Rotherham CCG,29/02/2020,C&M-GMS QOF Aspiration,PRC DELEGATED CO-COMMISSIONING,NHS ROTHERHAM CCG GP PRACTICE,31200961,"2,683.09"
Department of Health,NHS Rotherham CCG,29/02/2020,C&M-PMS Contract Value,PRC DELEGATED CO-COMMISSIONING,NHS ROTHERHAM CCG GP PRACTICE,30986642,"67,209.35"
Department of Health,NHS Rotherham CCG,29/02/2020,C&M-PMS DES Learn Dsblty Hlth Chk,PRC DELEGATED CO-COMMISSIONING,NHS ROTHERHAM CCG GP PRACTICE,30986642,700
Department of Health,NHS Rotherham CCG,29/02/2020,C&M-PMS Out of Hours Opt Outs,PRC DELEGATED CO-COMMISSIONING,NHS ROTHERHAM CCG GP PRACTICE,30986642,49.8
Department of Health,NHS Rotherham CCG,29/02/2020,C&M-PMS PCN DES Participation,PRC DELEGATED CO-COMMISSIONING,NHS ROTHERHAM CCG GP PRACTICE,30986642,"1,300.95"
Department of Health,NHS Rotherham CCG,29/02/2020,C&M-PMS Prem Notional Rent,PRC DELEGATED CO-COMMISSIONING,NHS ROTHERHAM CCG GP PRACTICE,30986642,"4,200.00"
Department of Health,NHS Rotherham CCG,29/02/2020,C&M-PMS QOF Aspiration,PRC DELEGATED CO-COMMISSIONING,NHS ROTHERHAM CCG GP PRACTICE,30986642,"6,241.30"
Department of Health,NHS Rotherham CCG,29/02/2020,C&M-PMS Contract Value,PRC DELEGATED CO-COMMISSIONING,NHS ROTHERHAM CCG GP PRACTICE,30998271,"52,851.05"
Department of Health,NHS Rotherham CCG,29/02/2020,C&M-PMS Cost of Drugs -Prescribing,LOCAL ENHANCED SERVICES,NHS ROTHERHAM CCG GP PRACTICE,30998271,"2,241.69"
Department of Health,NHS Rotherham CCG,29/02/2020,C&M-PMS DES Learn Dsblty Hlth Chk,PRC DELEGATED CO-COMMISSIONING,NHS ROTHERHAM CCG GP PRACTICE,30998271,140
Department of Health,NHS Rotherham CCG,29/02/2020,C&M-PMS Out of Hours Opt Outs,PRC DELEGATED CO-COMMISSIONING,NHS ROTHERHAM CCG GP PRACTICE,30998271,52.29
Department of Health,NHS Rotherham CCG,29/02/2020,C&M-PMS PCN DES Participation,PRC DELEGATED CO-COMMISSIONING,NHS ROTHERHAM CCG GP PRACTICE,30998271,"1,006.50"
Department of Health,NHS Rotherham CCG,29/02/2020,C&M-PMS Prem Notional Rent,PRC DELEGATED CO-COMMISSIONING,NHS ROTHERHAM CCG GP PRACTICE,30998271,"3,645.83"
Department of Health,NHS Rotherham CCG,29/02/2020,C&M-PMS Prem Rates,PRC DELEGATED CO-COMMISSIONING,NHS ROTHERHAM CCG GP PRACTICE,30998271,619
Department of Health,NHS Rotherham CCG,29/02/2020,C&M-PMS Prof fees Prescribing,PRC DELEGATED CO-COMMISSIONING,NHS ROTHERHAM CCG GP PRACTICE,30998271,334.1
Department of Health,NHS Rotherham CCG,29/02/2020,C&M-PMS QOF Aspiration,PRC DELEGATED CO-COMMISSIONING,NHS ROTHERHAM CCG GP PRACTICE,30998271,"5,265.47"
Department of Health,NHS Rotherham CCG,29/02/2020,C&M-PMS Contract Value,PRC DELEGATED CO-COMMISSIONING,NHS ROTHERHAM CCG GP PRACTICE,30998273,"70,289.80"
Department of Health,NHS Rotherham CCG,29/02/2020,C&M-PMS DES Learn Dsblty Hlth Chk,PRC DELEGATED CO-COMMISSIONING,NHS ROTHERHAM CCG GP PRACTICE,30998273,"1,120.00"
Department of Health,NHS Rotherham CCG,29/02/2020,C&M-PMS Out of Hours Opt Outs,PRC DELEGATED CO-COMMISSIONING,NHS ROTHERHAM CCG GP PRACTICE,30998273,4.3
Department of Health,NHS Rotherham CCG,29/02/2020,C&M-PMS PCN DES Participation,PRC DELEGATED CO-COMMISSIONING,NHS ROTHERHAM CCG GP PRACTICE,30998273,"1,319.91"
Department of Health,NHS Rotherham CCG,29/02/2020,C&M-PMS Prem Healthcentre Rent,PRC DELEGATED CO-COMMISSIONING,NHS ROTHERHAM CCG GP PRACTICE,30998273,541.34
Department of Health,NHS Rotherham CCG,29/02/2020,C&M-PMS Prem Notional Rent,PRC DELEGATED CO-COMMISSIONING,NHS ROTHERHAM CCG GP PRACTICE,30998273,"3,402.08"
Department of Health,NHS Rotherham CCG,29/02/2020,C&M-PMS Prem Water Rates,PRC DELEGATED CO-COMMISSIONING,NHS ROTHERHAM CCG GP PRACTICE,30998273,156.19
Department of Health,NHS Rotherham CCG,29/02/2020,C&M-PMS QOF Aspiration,PRC DELEGATED CO-COMMISSIONING,NHS ROTHERHAM CCG GP PRACTICE,30998273,"5,951.76"
Department of Health,NHS Rotherham CCG,29/02/2020,C&M-PMS Contract Value,PRC DELEGATED CO-COMMISSIONING,NHS ROTHERHAM CCG GP PRACTICE,30998269,"51,750.18"
Department of Health,NHS Rotherham CCG,29/02/2020,C&M-PMS Out of Hours Opt Outs,PRC DELEGATED CO-COMMISSIONING,NHS ROTHERHAM CCG GP PRACTICE,30998269,8.9
Department of Health,NHS Rotherham CCG,29/02/2020,C&M-PMS PCN DES Participation,PRC DELEGATED CO-COMMISSIONING,NHS ROTHERHAM CCG GP PRACTICE,30998269,962.29
Department of Health,NHS Rotherham CCG,29/02/2020,C&M-PMS Prem Healthcentre Rent,PRC DELEGATED CO-COMMISSIONING,NHS ROTHERHAM CCG GP PRACTICE,30998269,"1,979.17"
Department of Health,NHS Rotherham CCG,29/02/2020,C&M-PMS QOF Aspiration,PRC DELEGATED CO-COMMISSIONING,NHS ROTHERHAM CCG GP PRACTICE,30998269,"4,116.14"
Department of Health,NHS Rotherham CCG,29/02/2020,C&M-PMS Contract Value,PRC DELEGATED CO-COMMISSIONING,NHS ROTHERHAM CCG GP PRACTICE,30986640,"47,587.92"
Department of Health,NHS Rotherham CCG,29/02/2020,C&M-PMS Out of Hours Opt Outs,PRC DELEGATED CO-COMMISSIONING,NHS ROTHERHAM CCG GP PRACTICE,30986640,30.54
Department of Health,NHS Rotherham CCG,29/02/2020,C&M-PMS PCN DES Participation,PRC DELEGATED CO-COMMISSIONING,NHS ROTHERHAM CCG GP PRACTICE,30986640,905.83
Department of Health,NHS Rotherham CCG,29/02/2020,C&M-PMS Prem Notional Rent,PRC DELEGATED CO-COMMISSIONING,NHS ROTHERHAM CCG GP PRACTICE,30986640,"7,135.92"
Department of Health,NHS Rotherham CCG,29/02/2020,C&M-PMS QOF Aspiration,PRC DELEGATED CO-COMMISSIONING,NHS ROTHERHAM CCG GP PRACTICE,30986640,"3,946.92"
Department of Health,NHS Rotherham CCG,29/02/2020,C&M-PMS Contract Value,PRC DELEGATED CO-COMMISSIONING,NHS ROTHERHAM CCG GP PRACTICE,30986647,"38,426.82"
Department of Health,NHS Rotherham CCG,29/02/2020,C&M-PMS Out of Hours Opt Outs,PRC DELEGATED CO-COMMISSIONING,NHS ROTHERHAM CCG GP PRACTICE,30986647,12.5
Department of Health,NHS Rotherham CCG,29/02/2020,C&M-PMS PCN DES Participation,PRC DELEGATED CO-COMMISSIONING,NHS ROTHERHAM CCG GP PRACTICE,30986647,722.91
Department of Health,NHS Rotherham CCG,29/02/2020,C&M-PMS PCO Other,PRC DELEGATED CO-COMMISSIONING,NHS ROTHERHAM CCG GP PRACTICE,30986647,"3,090.00"
Department of Health,NHS Rotherham CCG,29/02/2020,C&M-PMS Prem Notional Rent,PRC DELEGATED CO-COMMISSIONING,NHS ROTHERHAM CCG GP PRACTICE,30986647,"3,204.17"
Department of Health,NHS Rotherham CCG,29/02/2020,C&M-PMS QOF Aspiration,PRC DELEGATED CO-COMMISSIONING,NHS ROTHERHAM CCG GP PRACTICE,30986647,"3,061.55"
Department of Health,NHS Rotherham CCG,29/02/2020,C&M-PMS Contract Value,PRC DELEGATED CO-COMMISSIONING,NHS ROTHERHAM CCG GP PRACTICE,31015044,-267.86
Department of Health,NHS Rotherham CCG,29/02/2020,C&M-PMS GP Statutory Levy,PRC DELEGATED CO-COMMISSIONING,NHS ROTHERHAM CCG GP PRACTICE,31015044,-128.95
Department of Health,NHS Rotherham CCG,29/02/2020,C&M-PMS Out of Hours Opt Outs,PRC DELEGATED CO-COMMISSIONING,NHS ROTHERHAM CCG GP PRACTICE,31015044,"-1,791.21"
Department of Health,NHS Rotherham CCG,29/02/2020,C&M-PMS Voluntary Levy,PRC DELEGATED CO-COMMISSIONING,NHS ROTHERHAM CCG GP PRACTICE,31015044,-18.96
Department of Health,NHS Rotherham CCG,29/02/2020,ME-PMS GP Pension EEs-PMS,PRC DELEGATED CO-COMMISSIONING,NHS ROTHERHAM CCG GP PRACTICE,31015044,"-18,144.14"
Department of Health,NHS Rotherham CCG,29/02/2020,ME-PMS GP Pension ERs Adjs - PMS,PRC DELEGATED CO-COMMISSIONING,NHS ROTHERHAM CCG GP PRACTICE,31015044,"-17,993.98"
Department of Health,NHS Rotherham CCG,29/02/2020,C&M-PMS Contract Value,PRC DELEGATED CO-COMMISSIONING,NHS ROTHERHAM CCG GP PRACTICE,30986649,"78,930.24"
Department of Health,NHS Rotherham CCG,29/02/2020,C&M-PMS DES Learn Dsblty Hlth Chk,PRC DELEGATED CO-COMMISSIONING,NHS ROTHERHAM CCG GP PRACTICE,30986649,"1,120.00"
Department of Health,NHS Rotherham CCG,29/02/2020,C&M-PMS PCN DES Participation,PRC DELEGATED CO-COMMISSIONING,NHS ROTHERHAM CCG GP PRACTICE,30986649,"1,490.44"
Department of Health,NHS Rotherham CCG,29/02/2020,C&M-PMS Prem Notional Rent,PRC DELEGATED CO-COMMISSIONING,NHS ROTHERHAM CCG GP PRACTICE,30986649,"6,512.50"
Department of Health,NHS Rotherham CCG,29/02/2020,C&M-PMS QOF Aspiration,PRC DELEGATED CO-COMMISSIONING,NHS ROTHERHAM CCG GP PRACTICE,30986649,"7,577.85"
Department of Health,NHS Rotherham CCG,29/02/2020,Prescribing,MEDICINES MANAGEMENT - CLINICAL,FRESENIUS KABI LTD,31082168,"30,021.18"
Department of Health,NHS Rotherham CCG,29/02/2020,C&M-APMS Contract Value,PRC DELEGATED CO-COMMISSIONING,NHS ROTHERHAM CCG GP PRACTICE,30986651,"74,668.08"
Department of Health,NHS Rotherham CCG,29/02/2020,C&M-APMS DES Violent Patients,PRC DELEGATED CO-COMMISSIONING,NHS ROTHERHAM CCG GP PRACTICE,30986651,604.25
Department of Health,NHS Rotherham CCG,29/02/2020,C&M-APMS PCN DES Participation,PRC DELEGATED CO-COMMISSIONING,NHS ROTHERHAM CCG GP PRACTICE,30986651,"1,174.75"
Department of Health,NHS Rotherham CCG,29/02/2020,C&M-APMS Prem Actual Rent,PRC DELEGATED CO-COMMISSIONING,NHS ROTHERHAM CCG GP PRACTICE,30986651,"2,083.33"
Department of Health,NHS Rotherham CCG,29/02/2020,C&M-APMS Prem Healthcentre Rent,PRC DELEGATED CO-COMMISSIONING,NHS ROTHERHAM CCG GP PRACTICE,30986651,"4,500.00"
Department of Health,NHS Rotherham CCG,29/02/2020,C&M-PMS DES Learn Dsblty Hlth Chk,PRC DELEGATED CO-COMMISSIONING,NHS ROTHERHAM CCG GP PRACTICE,30986651,420
Department of Health,NHS Rotherham CCG,29/02/2020,C&M-PMS QOF Aspiration,PRC DELEGATED CO-COMMISSIONING,NHS ROTHERHAM CCG GP PRACTICE,30986651,"5,449.13"
Department of Health,NHS Rotherham CCG,29/02/2020,Apprenticeship Levy Payable,BALANCE SHEET,HMRC,31033085,619
Department of Health,NHS Rotherham CCG,29/02/2020,Income tax <1Yr,BALANCE SHEET,HMRC,31033085,"54,777.40"
Department of Health,NHS Rotherham CCG,29/02/2020,Income tax <1Yr-Student Loans,BALANCE SHEET,HMRC,31033085,252
Department of Health,NHS Rotherham CCG,29/02/2020,National Insurance < 1 yr-NI- ERS,BALANCE SHEET,HMRC,31033085,"39,586.08"
Department of Health,NHS Rotherham CCG,29/02/2020,National Insurance < 1 yr-NI-EES,BALANCE SHEET,HMRC,31033085,"30,016.24"
Department of Health,NHS Rotherham CCG,29/02/2020,LPF Management Fees,BUSINESS INFORMATICS,KIER BUSINESS SERVICES LTD,31124362,"25,282.80"
Department of Health,NHS Rotherham CCG,29/02/2020,Hcare Srv Rec NHS Trust-Contract Baseline,ACUTE COMMISSIONING,LEEDS TEACHING HOSPITALS NHS TRUST,30965989,"25,642.00"
Department of Health,NHS Rotherham CCG,29/02/2020,C&M-PMS GP Statutory Levy,PRC DELEGATED CO-COMMISSIONING,NHS ROTHERHAM CCG GP PRACTICE,30998274,-391.14
Department of Health,NHS Rotherham CCG,29/02/2020,C&M-PMS Out of Hours Opt Outs,PRC DELEGATED CO-COMMISSIONING,NHS ROTHERHAM CCG GP PRACTICE,30998274,"-5,697.74"
Department of Health,NHS Rotherham CCG,29/02/2020,C&M-PMS Voluntary Levy,PRC DELEGATED CO-COMMISSIONING,NHS ROTHERHAM CCG GP PRACTICE,30998274,-57.52
Department of Health,NHS Rotherham CCG,29/02/2020,ME-PMS GP Pension EEs-PMS,PRC DELEGATED CO-COMMISSIONING,NHS ROTHERHAM CCG GP PRACTICE,30998274,"-14,178.34"
Department of Health,NHS Rotherham CCG,29/02/2020,ME-PMS GP Pension ERs Adjs - PMS,PRC DELEGATED CO-COMMISSIONING,NHS ROTHERHAM CCG GP PRACTICE,30998274,"-15,790.15"
Department of Health,NHS Rotherham CCG,29/02/2020,C&M-PMS Contract Value,PRC DELEGATED CO-COMMISSIONING,NHS ROTHERHAM CCG GP PRACTICE,30998275,"121,017.56"
Department of Health,NHS Rotherham CCG,29/02/2020,C&M-PMS PCN DES Participation,PRC DELEGATED CO-COMMISSIONING,NHS ROTHERHAM CCG GP PRACTICE,30998275,"2,272.25"
Department of Health,NHS Rotherham CCG,29/02/2020,C&M-PMS Prem Actual Rent,PRC DELEGATED CO-COMMISSIONING,NHS ROTHERHAM CCG GP PRACTICE,30998275,"11,987.51"
Department of Health,NHS Rotherham CCG,29/02/2020,C&M-PMS Prem Healthcentre Rent,PRC DELEGATED CO-COMMISSIONING,NHS ROTHERHAM CCG GP PRACTICE,30998275,"1,185.09"
Department of Health,NHS Rotherham CCG,29/02/2020,C&M-PMS Prem Notional Rent,PRC DELEGATED CO-COMMISSIONING,NHS ROTHERHAM CCG GP PRACTICE,30998275,"7,326.17"
Department of Health,NHS Rotherham CCG,29/02/2020,C&M-PMS Prem Rates,PRC DELEGATED CO-COMMISSIONING,NHS ROTHERHAM CCG GP PRACTICE,30998275,"2,478.00"
Department of Health,NHS Rotherham CCG,29/02/2020,C&M-PMS QOF Aspiration,PRC DELEGATED CO-COMMISSIONING,NHS ROTHERHAM CCG GP PRACTICE,30998275,"12,029.07"
Department of Health,NHS Rotherham CCG,29/02/2020,C&M-PMS Contract Value,PRC DELEGATED CO-COMMISSIONING,NHS ROTHERHAM CCG GP PRACTICE,30986655,"54,757.08"
Department of Health,NHS Rotherham CCG,29/02/2020,C&M-PMS DES Learn Dsblty Hlth Chk,PRC DELEGATED CO-COMMISSIONING,NHS ROTHERHAM CCG GP PRACTICE,30986655,"1,400.00"
Department of Health,NHS Rotherham CCG,29/02/2020,C&M-PMS Out of Hours Opt Outs,PRC DELEGATED CO-COMMISSIONING,NHS ROTHERHAM CCG GP PRACTICE,30986655,0.59
Department of Health,NHS Rotherham CCG,29/02/2020,C&M-PMS PCN DES Participation,PRC DELEGATED CO-COMMISSIONING,NHS ROTHERHAM CCG GP PRACTICE,30986655,"1,006.95"
Department of Health,NHS Rotherham CCG,29/02/2020,C&M-PMS Prem Healthcentre Rent,PRC DELEGATED CO-COMMISSIONING,NHS ROTHERHAM CCG GP PRACTICE,30986655,"4,036.12"
Department of Health,NHS Rotherham CCG,29/02/2020,C&M-PMS QOF Aspiration,PRC DELEGATED CO-COMMISSIONING,NHS ROTHERHAM CCG GP PRACTICE,30986655,"5,794.69"
Department of Health,NHS Rotherham CCG,29/02/2020,Clinical&Medical-Commercial Sector,WHEELCHAIR SERVICE,MEDEQUIP ASSISTIVE TECHNOLOGY LTD,30920068,"68,985.12"
Department of Health,NHS Rotherham CCG,29/02/2020,Clinical&Medical-Commercial Sector,WHEELCHAIR SERVICE,MEDEQUIP ASSISTIVE TECHNOLOGY LTD,31023179,"141,874.96"
Department of Health,NHS Rotherham CCG,29/02/2020,Clinical&Medical-Commercial Sector,WHEELCHAIR SERVICE,MEDEQUIP ASSISTIVE TECHNOLOGY LTD,31023188,"154,921.13"
Department of Health,NHS Rotherham CCG,29/02/2020,Clinical&Medical-Commercial Sector,WHEELCHAIR SERVICE,MEDEQUIP ASSISTIVE TECHNOLOGY LTD,31023201,"70,937.69"
Department of Health,NHS Rotherham CCG,29/02/2020,Clinical&Medical-Commercial Sector,WHEELCHAIR SERVICE,MEDEQUIP ASSISTIVE TECHNOLOGY LTD,31023252,"253,646.40"
Department of Health,NHS Rotherham CCG,31/01/2020,Clinical&Medical-Commercial Sector,LEARNING DIFFICULTIES,MOORVILLE RESIDENTIAL,30874998,"28,576.73"
Department of Health,NHS Rotherham CCG,29/02/2020,Non-PFI Oprtng Lease-Bldgs-Lease Rent,ESTATES AND FACILITIES,NHS PROPERTY SERVICES LTD,30939697,"42,041.83"
Department of Health,NHS Rotherham CCG,29/02/2020,Voids and Subsidies,RECHARGES NHS PROPERTY SERVICES LTD,NHS PROPERTY SERVICES LTD,30939699,"42,756.74"
Department of Health,NHS Rotherham CCG,29/02/2020,Voids and Subsidies,PRC DELEGATED CO-COMMISSIONING,NHS PROPERTY SERVICES LTD,30939700,"28,325.95"
Department of Health,NHS Rotherham CCG,29/02/2020,Non-PFI Oprtng Lease-Bldgs-Lease Rent,ESTATES AND FACILITIES,NHS PROPERTY SERVICES LTD,30939701,"29,003.40"
Department of Health,NHS Rotherham CCG,29/02/2020,Voids and Subsidies,PRC DELEGATED CO-COMMISSIONING,NHS PROPERTY SERVICES LTD,30939706,"26,734.52"
Department of Health,NHS Rotherham CCG,29/02/2020,Voids and Subsidies,PRC DELEGATED CO-COMMISSIONING,NHS PROPERTY SERVICES LTD,30939707,"27,461.84"
Department of Health,NHS Rotherham CCG,29/02/2020,Voids and Subsidies,RECHARGES NHS PROPERTY SERVICES LTD,NHS PROPERTY SERVICES LTD,30953516,"77,154.44"
Department of Health,NHS Rotherham CCG,29/02/2020,Hlthcre-Foundation Trsts,LEARNING DIFFICULTIES,NORTHUMBERLAND TYNE AND WEAR NHS FOUNDATION TRUST,30953572,"59,367.48"
Department of Health,NHS Rotherham CCG,31/01/2020,Hlthcre-Foundation Trsts,LEARNING DIFFICULTIES,NORTHUMBERLAND TYNE AND WEAR NHS FOUNDATION TRUST,30782868,"59,367.48"
Department of Health,NHS Rotherham CCG,29/02/2020,Clinical&Medical-Commercial Sector,ACUTE COMMISSIONING,ONEHEALTH GROUP,31245176,"44,655.75"
Department of Health,NHS Rotherham CCG,29/02/2020,Oth Travel Costs-Patient Transport,PATIENT TRANSPORT,PREMIER CARE DIRECT LTD,30953519,"47,297.42"
Department of Health,NHS Rotherham CCG,29/02/2020,Clinical&Medical-Commercial Sector,LEARNING DIFFICULTIES,RELATIVETO LTD,31226648,"44,237.25"
Department of Health,NHS Rotherham CCG,29/02/2020,Hcare Srv Rec Fdtn Trust-Contract Baseline,MENTAL HEALTH CONTRACTS,ROTHERHAM DONCASTER AND SOUTH HUMBER NHS FOUNDATION TRUST,30900313,"89,128.00"
Department of Health,NHS Rotherham CCG,29/02/2020,Hcare Srv Rec Fdtn Trust-Contract Baseline,MENTAL HEALTH CONTRACTS,ROTHERHAM DONCASTER AND SOUTH HUMBER NHS FOUNDATION TRUST,31042763,"2,407,575.00"
Department of Health,NHS Rotherham CCG,29/02/2020,Hcare Srv Rec Fdtn Trust-Contract Baseline,LEARNING DIFFICULTIES,ROTHERHAM DONCASTER AND SOUTH HUMBER NHS FOUNDATION TRUST,31042764,"192,090.54"
Department of Health,NHS Rotherham CCG,29/02/2020,Clinical&Medical-Voluntary Sector,HOSPICES,ROTHERHAM HOSPICE TRUST (THE),31051874,"25,124.00"
Department of Health,NHS Rotherham CCG,29/02/2020,Clinical&Medical-Voluntary Sector,HOSPICES,ROTHERHAM HOSPICE TRUST (THE),31149562,"94,000.00"
Department of Health,NHS Rotherham CCG,29/02/2020,Clinical&Medical-Othe Public Sector,NON RECURRENT PROGRAMMES,ROTHERHAM METROPOLITAN BOROUGH COUNCIL,31226662,"2,500,000.00"
Department of Health,NHS Rotherham CCG,29/02/2020,Training Expenses,COMMISSIONING - NON ACUTE,ROTHERHAM NHS FOUNDATION TRUST,30939731,"35,098.00"
Department of Health,NHS Rotherham CCG,29/02/2020,Hcare Srv Rec Fdtn Trust-Contract Baseline,ACUTE COMMISSIONING,ROTHERHAM NHS FOUNDATION TRUST,30950308,"12,010,946.00"
Department of Health,NHS Rotherham CCG,29/02/2020,Hcare Srv Rec Fdtn Trust-Contract Baseline,COMMUNITY SERVICES,ROTHERHAM NHS FOUNDATION TRUST,30950308,"2,249,442.00"
Department of Health,NHS Rotherham CCG,29/02/2020,Hcare Srv Rec Fdtn Trust-Contract Baseline,ACUTE COMMISSIONING,ROTHERHAM NHS FOUNDATION TRUST,30953521,"12,924,150.00"
Department of Health,NHS Rotherham CCG,29/02/2020,Hcare Srv Rec Fdtn Trust-Contract Baseline,COMMUNITY SERVICES,ROTHERHAM NHS FOUNDATION TRUST,30953521,"2,249,442.00"
Department of Health,NHS Rotherham CCG,29/02/2020,Hcare Srv Rec Fdtn Trust-Contract Baseline,ACUTE COMMISSIONING,ROTHERHAM NHS FOUNDATION TRUST,30953800,"-12,924,150.00"
Department of Health,NHS Rotherham CCG,29/02/2020,Hcare Srv Rec Fdtn Trust-Contract Baseline,COMMUNITY SERVICES,ROTHERHAM NHS FOUNDATION TRUST,30953800,"-2,249,442.00"
Department of Health,NHS Rotherham CCG,29/02/2020,Computer Hardware Purch,NON RECURRENT PROGRAMMES,ROTHERHAM NHS FOUNDATION TRUST,31051865,"30,000.00"
Department of Health,NHS Rotherham CCG,31/01/2020,Computer Hardware Purch,PRIMARY CARE IT,ROTHERHAM NHS FOUNDATION TRUST,30750868,"119,162.00"
Department of Health,NHS Rotherham CCG,31/01/2020,Hcare Srv Rec Fdtn Trust-Contract Baseline,ACUTE CHILDRENS SERVICES,ROTHERHAM NHS FOUNDATION TRUST,30857650,"25,581.60"
Department of Health,NHS Rotherham CCG,31/01/2020,Clinical&Medical-Serv Recd-F Trsts,MATERNITY SERVICES,ROTHERHAM NHS FOUNDATION TRUST,30765245,"119,000.00"
Department of Health,NHS Rotherham CCG,31/01/2020,Computer Network Costs,IM&T,ROTHERHAM NHS FOUNDATION TRUST,30750904,"57,332.00"
Department of Health,NHS Rotherham CCG,29/02/2020,Hcare Srv Rec Fdtn Trust-Contract Baseline,ACUTE COMMISSIONING,SHEFFIELD CHILDRENS NHS FOUNDATION TRUST,30966068,"28,752.48"
Department of Health,NHS Rotherham CCG,31/01/2020,Hcare Srv Rec Fdtn Trust-Contract Baseline,ACUTE COMMISSIONING,SHEFFIELD CHILDRENS NHS FOUNDATION TRUST,30765511,"185,885.00"
Department of Health,NHS Rotherham CCG,29/02/2020,Hcare Srv Rec Fdtn Trust-Contract Baseline,MENTAL HEALTH CONTRACTS,SHEFFIELD HEALTH & SOCIAL CARE NHS FOUNDATION TRUST,30920096,"36,715.42"
Department of Health,NHS Rotherham CCG,29/02/2020,Hcare Srv Rec Fdtn Trust-Contract Baseline,MENTAL HEALTH CONTRACTS,SHEFFIELD HEALTH & SOCIAL CARE NHS FOUNDATION TRUST,30920099,"36,715.42"
Department of Health,NHS Rotherham CCG,31/01/2020,Hcare Srv Rec Fdtn Trust-Contract Baseline,MENTAL HEALTH CONTRACTS,SHEFFIELD HEALTH & SOCIAL CARE NHS FOUNDATION TRUST,30782978,"36,715.42"
Department of Health,NHS Rotherham CCG,31/01/2020,Hcare Srv Rec Fdtn Trust-Contract Cost per Case,ACUTE COMMISSIONING,SHEFFIELD TEACHING HOSPITALS NHS FOUNDATION TRUST,30808767,"198,206.00"
Department of Health,NHS Rotherham CCG,31/01/2020,Hcare Srv Rec Fdtn Trust-Contract Baseline,ACUTE COMMISSIONING,SHEFFIELD TEACHING HOSPITALS NHS FOUNDATION TRUST,30808772,"1,849,863.00"
Department of Health,NHS Rotherham CCG,29/02/2020,Clinical&Medical-Commercial Sector,ACUTE COMMISSIONING,SPAMEDICA LTD,31245187,"88,389.57"
Department of Health,NHS Rotherham CCG,31/01/2020,Clinical&Medical-Commercial Sector,ACUTE COMMISSIONING,SPAMEDICA LTD,30857620,"58,371.62"
Department of Health,NHS Rotherham CCG,29/02/2020,C&M-PMS Contract Value,PRC DELEGATED CO-COMMISSIONING,NHS ROTHERHAM CCG GP PRACTICE,30986653,"128,310.14"
Department of Health,NHS Rotherham CCG,29/02/2020,C&M-PMS Out of Hours Opt Outs,PRC DELEGATED CO-COMMISSIONING,NHS ROTHERHAM CCG GP PRACTICE,30986653,4.16
Department of Health,NHS Rotherham CCG,29/02/2020,C&M-PMS PCN DES Participation,PRC DELEGATED CO-COMMISSIONING,NHS ROTHERHAM CCG GP PRACTICE,30986653,"2,432.26"
Department of Health,NHS Rotherham CCG,29/02/2020,C&M-PMS Prem Healthcentre Rent,PRC DELEGATED CO-COMMISSIONING,NHS ROTHERHAM CCG GP PRACTICE,30986653,993.65
Department of Health,NHS Rotherham CCG,29/02/2020,C&M-PMS QOF Aspiration,PRC DELEGATED CO-COMMISSIONING,NHS ROTHERHAM CCG GP PRACTICE,30986653,"13,089.33"
Department of Health,NHS Rotherham CCG,31/01/2020,Clinical&Medical-Voluntary Sector,COUNSELLING SERVICES,VOLUNTARY ACTION ROTHERHAM,30857617,"100,000.00"
Department of Health,NHS Rotherham CCG,31/01/2020,Clinical&Medical-Voluntary Sector,COUNSELLING SERVICES,VOLUNTARY ACTION ROTHERHAM,30857618,"193,926.50"
Department of Health,NHS Rotherham CCG,29/02/2020,Hcare Srv Rec NHS Trust-Contract Baseline,PATIENT TRANSPORT,YORKSHIRE AMBULANCE SERVICE NHS TRUST,30966052,"127,826.33"
Department of Health,NHS Rotherham CCG,29/02/2020,Hcare Srv Rec NHS Trust-Contract Baseline,AMBULANCE SERVICES,YORKSHIRE AMBULANCE SERVICE NHS TRUST,30966061,"719,948.00"
Department of Health,NHS Rotherham CCG,29/02/2020,Hcare Srv Rec NHS Trust-Contract Baseline,NHS 111,YORKSHIRE AMBULANCE SERVICE NHS TRUST,30966065,"66,286.17"
,,,,,,,"29,802,925.33"
